instance,seed,placement,approach,infrastructure_nodes,used_nodes,services,state_pairs,active_initial,inactive_initial,budget,effective_budget,initial_score,final_score,delta_score,log_gain,relative_improvement_percent,log_gain_percent,net_cost,remaining_budget,greedy_steps,reallocation_steps,final_policy_actions,problog_evaluations,wrapper_cache_size,elapsed_seconds,preparation_seconds,initial_evaluation_seconds,greedy_loop_seconds
instance_n25_s5_seed42,42,placement_n25_s5,downgrade-then-upgrade,25,4,5,22,22,0,0,2210,0.045019446387942266,0.08156280498436555,0.036543358596423284,0.2580920028588595,81.17238555428091,59.42787984037866,0,0,25,0,15,2,2,0.3508497670009092,0.0011594790012168232,0.1930490339982498,0.15670231799958856
instance_n25_s5_seed42,42,placement_n25_s5,upgrade-then-downgrade,25,4,5,22,22,0,0,0,0.045019446387942266,0.045019446387942266,0.0,0.0,0.0,0.0,0,0,0,0,0,2,2,0.8109733759993105,0.0021707470004912466,0.6664007729996229,0.14251239700024598
instance_n25_s5_seed42,42,placement_n25_s5,downgrade-then-upgrade,25,4,5,22,22,0,100,2310,0.045019446387942266,0.07569177787644166,0.03067233148849939,0.22564855612463444,68.13129425046525,51.957500158821354,30,70,25,0,15,2,2,0.2887361659995804,0.00107740099701914,0.17092449299889267,0.1167449509994185
instance_n25_s5_seed42,42,placement_n25_s5,upgrade-then-downgrade,25,4,5,22,22,0,100,100,0.045019446387942266,0.09339907071965997,0.048379624331717705,0.3169424051077749,107.46383666031801,72.97868573388425,100,0,8,4,12,10,10,1.4955392669980938,0.001080142999853706,0.1456597860014881,1.3487815640000917
instance_n25_s5_seed42,42,placement_n25_s5,downgrade-then-upgrade,25,4,5,22,22,0,300,2510,0.045019446387942266,0.08673341351511843,0.04171396712717616,0.28478628889339885,92.65766346329079,65.5744663495036,290,10,27,0,17,2,2,0.24489499500123202,0.0010816449976118747,0.12278583100123797,0.1210333669987449
instance_n25_s5_seed42,42,placement_n25_s5,upgrade-then-downgrade,25,4,5,22,22,0,300,300,0.045019446387942266,0.10388305625623315,0.05886360986829088,0.3631445680571309,130.75151871271467,83.61712690101113,300,0,9,3,11,9,9,1.2232044949996634,0.0011363769990566652,0.13095193400295102,1.0911020759995154
instance_n25_s5_seed42,42,placement_n25_s5,downgrade-then-upgrade,25,4,5,22,22,0,600,2810,0.045019446387942266,0.1097719764800718,0.06475253009212953,0.3870913337881616,143.83235532072746,89.13107348078032,530,70,29,0,17,2,2,0.28983437600254547,0.0011296650009171572,0.15357121200213442,0.13516274900030112
instance_n25_s5_seed42,42,placement_n25_s5,upgrade-then-downgrade,25,4,5,22,22,0,600,600,0.045019446387942266,0.12870545320181265,0.08368600681387038,0.4561967980870013,185.88857377927314,105.04319467467438,600,0,9,1,9,5,5,0.737034683003003,0.001095700998121174,0.1379297460007365,0.5979845199981355
instance_n25_s5_seed42,42,placement_n25_s5,downgrade-then-upgrade,25,4,5,22,22,0,1000,3210,0.045019446387942266,0.14934858262047077,0.1043291362325285,0.5208009552246537,231.74237935647156,119.91885159173472,900,100,32,0,15,2,2,0.28407989799961797,0.0011350429995218292,0.12466280199805624,0.15829016000134288
instance_n25_s5_seed42,42,placement_n25_s5,upgrade-then-downgrade,25,4,5,22,22,0,1000,1000,0.045019446387942266,0.15065241945287172,0.10563297306492946,0.5245759606610991,234.63854298577417,120.78807871612779,930,70,15,4,16,7,7,0.9254781910021848,0.0012334370003372896,0.13244526500056963,0.791760123000131
instance_n25_s5_seed123,123,placement_n25_s5,downgrade-then-upgrade,25,5,5,16,16,0,0,1800,0.1220534524204082,0.1453011270787757,0.02324767465836751,0.07571891462821617,19.04712582671716,17.43492440806193,-80,80,18,0,12,2,2,0.27941278900107136,0.0009020769975904841,0.13047313100105384,0.1480610329999763
instance_n25_s5_seed123,123,placement_n25_s5,upgrade-then-downgrade,25,5,5,16,16,0,0,0,0.1220534524204082,0.15460017366369336,0.03254672124328516,0.10265990899006464,26.665957085080468,23.638317608864824,-40,40,4,3,7,6,6,0.8248830800002906,0.0009636670001782477,0.13376602399875992,0.6901253100004396
instance_n25_s5_seed123,123,placement_n25_s5,downgrade-then-upgrade,25,5,5,16,16,0,100,1900,0.1220534524204082,0.1641048023477937,0.042051349927385503,0.1285712219534918,34.453224463115816,29.604617905813903,70,30,19,0,13,2,2,0.5918416679996881,0.0009563810017425567,0.12921099600134767,0.46168953600135865
instance_n25_s5_seed123,123,placement_n25_s5,upgrade-then-downgrade,25,5,5,16,16,0,100,100,0.1220534524204082,0.17077926160524268,0.048725809184834476,0.14588506303534476,39.92169678003076,33.591277143568156,100,0,4,2,6,6,6,0.7331374579989642,0.0014359069973579608,0.1030970290012192,0.6286037799982296
instance_n25_s5_seed123,123,placement_n25_s5,downgrade-then-upgrade,25,5,5,16,16,0,300,2100,0.1220534524204082,0.1853418944163317,0.0632884419959235,0.1814235292787674,51.85305351128373,41.77431140356586,220,80,20,0,13,2,2,0.3087606289991527,0.0017426079975848552,0.18599650299802306,0.12102129499908187
instance_n25_s5_seed123,123,placement_n25_s5,upgrade-then-downgrade,25,5,5,16,16,0,300,300,0.1220534524204082,0.19959255413810584,0.07753910171769764,0.2135942673245172,63.52880658436217,49.18189758904185,270,30,3,0,3,3,3,0.4624472440009413,0.0009572409981046803,0.12434432699956233,0.33714722099830396
instance_n25_s5_seed123,123,placement_n25_s5,downgrade-then-upgrade,25,5,5,16,16,0,600,2400,0.1220534524204082,0.24559291525319707,0.12353946283278887,0.30366576589139477,101.21750788929933,69.92162657941454,600,0,23,0,10,2,2,0.2951342039996234,0.0008940890002122615,0.11612834900006419,0.17812853199939127
instance_n25_s5_seed123,123,placement_n25_s5,upgrade-then-downgrade,25,5,5,16,16,0,600,600,0.1220534524204082,0.2466358018571401,0.1245823494367319,0.3055060509430618,102.07195861007929,70.34536787209737,560,40,6,0,6,3,3,0.49373909499990987,0.001473639000323601,0.1617668209983094,0.33048931600205833
instance_n25_s5_seed123,123,placement_n25_s5,downgrade-then-upgrade,25,5,5,16,16,0,1000,2800,0.1220534524204082,0.3035914636227921,0.1815380112023839,0.3957394874744919,148.73648192849433,91.12238445678689,900,100,25,0,10,2,2,0.24165978399832966,0.001141608998295851,0.1170710920014244,0.12345643399748951
instance_n25_s5_seed123,123,placement_n25_s5,upgrade-then-downgrade,25,5,5,16,16,0,1000,1000,0.1220534524204082,0.3204394254366522,0.198385973016244,0.4191958759149964,162.5402387905518,96.52341749264525,1000,0,9,0,7,3,3,0.36366409699985525,0.0012009239981125575,0.12262493999878643,0.23983076799777336
instance_n25_s5_seed999,999,placement_n25_s5,downgrade-then-upgrade,25,3,5,17,17,0,0,1730,0.056492201224023784,0.08990867823072422,0.03341647700670044,0.20181311565172042,59.15237197818697,46.469187167033475,0,0,19,0,12,2,2,0.40697238400025526,0.0011554240008990746,0.1536254970014852,0.2521945010012132
instance_n25_s5_seed999,999,placement_n25_s5,upgrade-then-downgrade,25,3,5,17,17,0,0,0,0.056492201224023784,0.07846022668757527,0.021968025463551484,0.1426610611684923,38.88682860212109,32.84892327972821,-30,30,4,2,6,6,6,0.8519359639976756,0.0015640680030628573,0.1472959089987853,0.7030683920020238
instance_n25_s5_seed999,999,placement_n25_s5,downgrade-then-upgrade,25,3,5,17,17,0,100,1830,0.056492201224023784,0.09868025659469737,0.042188055370673584,0.24224177270732883,74.67943265898577,55.778229473634724,100,0,20,0,13,2,2,0.31362225199700333,0.0009706399978313129,0.1904271309977048,0.12225133899846696
instance_n25_s5_seed999,999,placement_n25_s5,upgrade-then-downgrade,25,3,5,17,17,0,100,100,0.056492201224023784,0.0847013810831778,0.02820917985915402,0.17590199430717118,49.93464451365338,40.50293099196159,100,0,4,1,5,5,5,0.6555152850014565,0.0012283249998290557,0.15351761399870156,0.5007612580011482
instance_n25_s5_seed999,999,placement_n25_s5,downgrade-then-upgrade,25,3,5,17,17,0,300,2030,0.056492201224023784,0.1171233334795259,0.06063113225550212,0.3166549270733043,107.32655294323746,72.91249147021071,300,0,22,0,13,2,2,0.2614655990000756,0.0009852629955275916,0.11350159100038582,0.14698086700082058
instance_n25_s5_seed999,999,placement_n25_s5,upgrade-then-downgrade,25,3,5,17,17,0,300,300,0.056492201224023784,0.09346359291936865,0.036971391695344864,0.2186539747281213,65.4451249805831,50.34693827328689,280,20,4,0,4,3,3,0.4124463369989826,0.0019332810006744694,0.1565223319994402,0.2539448210009141
instance_n25_s5_seed999,999,placement_n25_s5,downgrade-then-upgrade,25,3,5,17,17,0,600,2330,0.056492201224023784,0.1390133722665389,0.0825211710425151,0.39106808143928007,146.07533297431908,90.04675346678677,510,90,24,0,14,2,2,0.33385146200089366,0.0010559000002103858,0.16378446599992458,0.169017359999998
instance_n25_s5_seed999,999,placement_n25_s5,upgrade-then-downgrade,25,3,5,17,17,0,600,600,0.056492201224023784,0.13713229683799802,0.08064009561397423,0.38515125270514144,142.74553631604877,88.68435330268413,590,10,7,0,7,3,3,0.5234814939976786,0.0016089359996840358,0.26092381000125897,0.2609514629984915
instance_n25_s5_seed999,999,placement_n25_s5,downgrade-then-upgrade,25,3,5,17,17,0,1000,2730,0.056492201224023784,0.1886328603022346,0.13214065907821082,0.5236288527528241,233.90955957654717,120.5699990610227,930,70,27,0,16,2,2,0.5773636010017071,0.002088212000671774,0.18379080099839484,0.3914928670019435
instance_n25_s5_seed999,999,placement_n25_s5,upgrade-then-downgrade,25,3,5,17,17,0,1000,1000,0.056492201224023784,0.1682605385133927,0.11176833728936891,0.4739937771377412,197.84737515563208,109.1411005409305,930,70,10,0,8,3,3,0.8381135319978057,0.0024428449978586286,0.2665598610001325,0.5691010720001941
instance_n25_s5_seed1000,1000,placement_n25_s5,downgrade-then-upgrade,25,5,5,20,20,0,0,1910,0.026622100430162467,0.0627570325938698,0.036134932163707334,0.37242008275079214,135.73283692809963,85.75289308735829,0,0,21,0,17,2,2,0.3231677519979712,0.001892729000246618,0.18223882900201716,0.13905207400239306
instance_n25_s5_seed1000,1000,placement_n25_s5,upgrade-then-downgrade,25,5,5,20,20,0,0,0,0.026622100430162467,0.0627570325938698,0.036134932163707334,0.37242008275079214,135.73283692809963,85.75289308735829,0,0,10,7,17,12,12,3.034443193999323,0.0017133719993580598,0.44652159299948835,2.5862297320018115
instance_n25_s5_seed1000,1000,placement_n25_s5,downgrade-then-upgrade,25,5,5,20,20,0,100,2010,0.026622100430162467,0.0627570325938698,0.036134932163707334,0.37242008275079214,135.73283692809963,85.75289308735829,0,100,21,0,17,2,2,0.2300080019995221,0.0011929360007343348,0.11886404699907871,0.10993017600048915
instance_n25_s5_seed1000,1000,placement_n25_s5,upgrade-then-downgrade,25,5,5,20,20,0,100,100,0.026622100430162467,0.06914294710143437,0.0425208466712719,0.41450556921897225,159.72010466573246,95.4434344646617,90,10,8,5,13,10,10,1.404892659997131,0.001039571998262545,0.13382083599935868,1.2699950909991458
instance_n25_s5_seed1000,1000,placement_n25_s5,downgrade-then-upgrade,25,5,5,20,20,0,300,2210,0.026622100430162467,0.07191179559596522,0.04528969516580275,0.43155781551955663,170.1206682944151,99.36985927804054,260,40,23,0,16,2,2,0.2744125429999258,0.0019656160002341494,0.09978661800050759,0.1726472369991825
instance_n25_s5_seed1000,1000,placement_n25_s5,upgrade-then-downgrade,25,5,5,20,20,0,300,300,0.026622100430162467,0.07781637293639013,0.051194272506227656,0.4658286667853554,192.2999000042283,107.26101440292497,300,0,9,4,13,9,9,1.294949284001632,0.00140523699883488,0.15547485099887126,1.1380621709977277
instance_n25_s5_seed1000,1000,placement_n25_s5,downgrade-then-upgrade,25,5,5,20,20,0,600,2510,0.026622100430162467,0.08914173801278905,0.06251963758262657,0.5248387799004405,234.8411153606524,120.84859508239374,520,80,25,0,16,2,2,0.26690295899970806,0.000997245002508862,0.16146029199808254,0.10444437600017409
instance_n25_s5_seed1000,1000,placement_n25_s5,upgrade-then-downgrade,25,5,5,20,20,0,600,600,0.026622100430162467,0.09542535181309506,0.06880325138293258,0.5544214523247109,258.44411324126577,127.66025713589882,600,0,9,2,11,6,6,0.7598946029975195,0.0018458710037521087,0.12920372300141025,0.6288489600010507
instance_n25_s5_seed1000,1000,placement_n25_s5,downgrade-then-upgrade,25,5,5,20,20,0,1000,2910,0.026622100430162467,0.11711343552549447,0.090491335095332,0.6433644037514614,339.9105766756352,148.14012854411175,880,120,28,0,16,2,2,0.40613114699954167,0.0010004099967773072,0.24975406299927272,0.15537810199748492
instance_n25_s5_seed1000,1000,placement_n25_s5,upgrade-then-downgrade,25,5,5,20,20,0,1000,1000,0.026622100430162467,0.12174142072007921,0.09511932028991674,0.6601960482036564,357.2945738802333,152.0157579047318,970,30,11,1,11,4,4,0.4824653659998148,0.0009817819991440047,0.12025660200015409,0.3612233229978301
instance_n25_s5_seed1001,1001,placement_n25_s5,downgrade-then-upgrade,25,5,5,20,20,0,0,2350,0.08194931795510534,0.11263714719906902,0.030687829243963682,0.13813629901637414,37.44732721360236,31.807058291647117,0,0,25,0,11,2,2,0.3666079319991695,0.0017317990023002494,0.18827432399848476,0.17658267599836108
instance_n25_s5_seed1001,1001,placement_n25_s5,upgrade-then-downgrade,25,5,5,20,20,0,0,0,0.08194931795510534,0.12367887827869724,0.0417295603235919,0.17875019431236644,50.92118075522336,41.1587532793444,-40,40,4,2,6,6,6,0.7570031959985499,0.001713252000627108,0.09797260199775337,0.6573228939996625
instance_n25_s5_seed1001,1001,placement_n25_s5,downgrade-then-upgrade,25,5,5,20,20,0,100,2450,0.08194931795510534,0.11432094404940914,0.0323716260943038,0.1445804587616149,39.50200795086311,33.290880908273486,10,90,25,0,12,2,2,0.3365774699996109,0.0018470750001142733,0.15921828799764626,0.17552511900066747
instance_n25_s5_seed1001,1001,placement_n25_s5,upgrade-then-downgrade,25,5,5,20,20,0,100,100,0.08194931795510534,0.12533404136045867,0.043384723405353334,0.18452370020611397,52.94092066650388,42.48815213987003,50,50,5,2,7,7,7,1.1118168180000794,0.0014036190004844684,0.1281456069991691,0.9822688089989242
instance_n25_s5_seed1001,1001,placement_n25_s5,downgrade-then-upgrade,25,5,5,20,20,0,300,2650,0.08194931795510534,0.1356872237228523,0.053737905767746966,0.21899361312759047,65.5745613370284,50.425142904849494,220,80,27,0,11,2,2,0.2712746420002077,0.0013076730028842576,0.13131471599990618,0.13868489399828832
instance_n25_s5_seed1001,1001,placement_n25_s5,upgrade-then-downgrade,25,5,5,20,20,0,300,300,0.08194931795510534,0.15272005987780018,0.07077074192269485,0.27035074227113326,86.3591591591592,62.25055890333867,300,0,4,0,4,3,3,0.4172178820008412,0.0016020049988583196,0.14230901799965068,0.2733239169974695
instance_n25_s5_seed1001,1001,placement_n25_s5,downgrade-then-upgrade,25,5,5,20,20,0,600,2950,0.08194931795510534,0.16381746839129027,0.08186815043618494,0.3008148667408979,99.9009540031012,69.26518279085819,590,10,30,0,11,2,2,0.22980073100188747,0.001019890001771273,0.12615384600212565,0.10266098300053272
instance_n25_s5_seed1001,1001,placement_n25_s5,upgrade-then-downgrade,25,5,5,20,20,0,600,600,0.08194931795510534,0.15763578066769612,0.07568646271259079,0.28410945848626407,92.35764811862673,65.41862038890824,530,70,6,0,6,3,3,0.38028994599881116,0.0016301199975714553,0.1361676560009073,0.24249262100056512
instance_n25_s5_seed1001,1001,placement_n25_s5,downgrade-then-upgrade,25,5,5,20,20,0,1000,3350,0.08194931795510534,0.22808763478540328,0.14613831683029793,0.4445563983083888,178.3276792008904,102.36289357400194,940,60,32,0,9,2,2,0.2405404359997192,0.0011366859980626032,0.11903038599848514,0.12040006299866945
instance_n25_s5_seed1001,1001,placement_n25_s5,upgrade-then-downgrade,25,5,5,20,20,0,1000,1000,0.08194931795510534,0.22808763478540328,0.14613831683029793,0.4445563983083888,178.3276792008904,102.36289357400194,940,60,11,1,9,4,4,0.6019141509968904,0.0012374209982226603,0.1462568189999729,0.4544142920021841
instance_n25_s5_seed1002,1002,placement_n25_s5,downgrade-then-upgrade,25,5,5,22,22,0,0,2790,0.03184832367370648,0.08658878780209514,0.05474046412838866,0.43437508146722903,171.87863540077498,100.01855873545158,-30,30,31,0,16,2,2,0.4298432120012876,0.0011788329975388478,0.21952434400009224,0.20916019099968253
instance_n25_s5_seed1002,1002,placement_n25_s5,upgrade-then-downgrade,25,5,5,22,22,0,0,0,0.03184832367370648,0.0830902594808886,0.05124193580718213,0.41646353689812327,160.8936669074572,95.89427318371943,-20,20,8,4,11,9,9,1.2363514200005739,0.0020637649977288675,0.13804751599673182,1.0962505269999383
instance_n25_s5_seed1002,1002,placement_n25_s5,downgrade-then-upgrade,25,5,5,22,22,0,100,2890,0.03184832367370648,0.09363671239063776,0.06178838871693128,0.4683595787775963,194.00829177060547,107.84377842542636,70,30,32,0,17,2,2,0.2723507749979035,0.002123942998878192,0.13297675099966,0.13725482600057148
instance_n25_s5_seed1002,1002,placement_n25_s5,upgrade-then-downgrade,25,5,5,22,22,0,100,100,0.03184832367370648,0.08471689419030286,0.05286857051659638,0.42488344738033224,166.00110906384663,97.8330292197873,40,60,7,3,10,8,8,1.0759295940006268,0.001974012000573566,0.12728083199908724,0.9466826240022783
instance_n25_s5_seed1002,1002,placement_n25_s5,downgrade-then-upgrade,25,5,5,22,22,0,300,3090,0.03184832367370648,0.10950026033891645,0.07765193666520998,0.5363285733983312,243.81797127149366,123.49421780537604,270,30,34,0,16,2,2,0.28216971499932697,0.0020389330020407215,0.16315490899796714,0.11698811500173179
instance_n25_s5_seed1002,1002,placement_n25_s5,upgrade-then-downgrade,25,5,5,22,22,0,300,300,0.03184832367370648,0.10405123763791553,0.07220291396420905,0.5141606719737575,226.7086792508918,118.38986986905753,300,0,8,2,9,7,7,0.8751717869999993,0.0011646989987639245,0.10972617100196658,0.764241471002606
instance_n25_s5_seed1002,1002,placement_n25_s5,downgrade-then-upgrade,25,5,5,22,22,0,600,3390,0.03184832367370648,0.1313506524246866,0.09950232875098013,0.6153456559656784,312.42563900820886,141.68857344652136,510,90,36,0,14,2,2,0.2776292269991245,0.0018507269996916875,0.14688801499869442,0.1289170300005935
instance_n25_s5_seed1002,1002,placement_n25_s5,upgrade-then-downgrade,25,5,5,22,22,0,600,600,0.03184832367370648,0.1289817350346614,0.09713341136095492,0.6074416363546412,304.9875163167438,139.86860567341066,550,50,10,2,9,6,6,0.8244897529984883,0.001941718001035042,0.14819582700147294,0.674337075000949
instance_n25_s5_seed1002,1002,placement_n25_s5,downgrade-then-upgrade,25,5,5,22,22,0,1000,3790,0.03184832367370648,0.18169983101686585,0.14985150734315938,0.7562679450865926,470.516152995753,174.13712966656277,970,30,39,0,11,2,2,0.310758112998883,0.001159522002126323,0.132031156001176,0.17759478200241574
instance_n25_s5_seed1002,1002,placement_n25_s5,upgrade-then-downgrade,25,5,5,22,22,0,1000,1000,0.03184832367370648,0.18169983101686585,0.14985150734315938,0.7562679450865926,470.516152995753,174.13712966656277,970,30,14,2,11,7,7,1.0357936639993568,0.001143751997005893,0.13210604199775844,0.9025389719972736
instance_n25_s5_seed1003,1003,placement_n25_s5,downgrade-then-upgrade,25,5,5,20,20,0,0,2340,0.0454439422296111,0.06855125220399155,0.02310730997438045,0.17853939324353718,50.84794329160073,41.110214539477056,-30,30,26,0,11,2,2,0.2406820379983401,0.001676113999565132,0.12241463700047461,0.11660088400094537
instance_n25_s5_seed1003,1003,placement_n25_s5,upgrade-then-downgrade,25,5,5,20,20,0,0,0,0.0454439422296111,0.0642703086458756,0.0188263664162645,0.15053438645759634,41.42766998765637,34.66182342402661,-90,90,5,4,8,7,7,0.9066056229967216,0.0020483590014919173,0.13427338100154884,0.770273616999475
instance_n25_s5_seed1003,1003,placement_n25_s5,downgrade-then-upgrade,25,5,5,20,20,0,100,2440,0.0454439422296111,0.07054058266010739,0.025096640430496288,0.19096304351320464,55.2254914498668,43.970865730627835,10,90,26,0,9,2,2,0.19809759099734947,0.0014550030027749017,0.09845280800072942,0.0982089030003408
instance_n25_s5_seed1003,1003,placement_n25_s5,upgrade-then-downgrade,25,5,5,20,20,0,100,100,0.0454439422296111,0.07054058266010739,0.025096640430496288,0.19096304351320464,55.2254914498668,43.970865730627835,10,90,6,4,9,8,8,1.1505223070016655,0.001761145998898428,0.11500381600126275,1.0337549859978026
instance_n25_s5_seed1003,1003,placement_n25_s5,downgrade-then-upgrade,25,5,5,20,20,0,300,2640,0.0454439422296111,0.08372442950440993,0.03828048727479883,0.26537619787918026,84.236721984598,61.10512772720386,220,80,28,0,11,2,2,0.23888019199875998,0.0010570269987510983,0.10877012700075284,0.1290813480009092
instance_n25_s5_seed1003,1003,placement_n25_s5,upgrade-then-downgrade,25,5,5,20,20,0,300,300,0.0454439422296111,0.08553645482424586,0.04009251259463476,0.2746752472889317,88.22410782951535,63.24631298219474,270,30,6,2,7,6,6,0.6744724049967772,0.00161129499974777,0.10391896799774258,0.5689635359995009
instance_n25_s5_seed1003,1003,placement_n25_s5,downgrade-then-upgrade,25,5,5,20,20,0,600,2940,0.0454439422296111,0.10860598951454031,0.06316204728492922,0.3783777777568949,138.98892610547563,87.12470305832402,560,40,31,0,13,2,2,0.23246588199981488,0.0012163719984528143,0.1265898770034255,0.10469101399939973
instance_n25_s5_seed1003,1003,placement_n25_s5,upgrade-then-downgrade,25,5,5,20,20,0,600,600,0.0454439422296111,0.10597501248208016,0.06053107025246906,0.3677274773188024,133.19942611190814,84.67238075585803,570,30,6,0,5,3,3,0.34110402499936754,0.003240301004552748,0.10774920899712015,0.23012418399957824
instance_n25_s5_seed1003,1003,placement_n25_s5,downgrade-then-upgrade,25,5,5,20,20,0,1000,3340,0.0454439422296111,0.14580406864916698,0.10036012641955588,0.5062936440246756,220.84379456446362,116.57841974088518,960,40,34,0,10,2,2,0.26514917299937224,0.001108666998334229,0.127988901000208,0.1360669420027989
instance_n25_s5_seed1003,1003,placement_n25_s5,upgrade-then-downgrade,25,5,5,20,20,0,1000,1000,0.0454439422296111,0.14897372231545325,0.10352978008584215,0.515633670278819,227.81865966369116,118.72904026298157,1000,0,10,0,9,3,3,0.34538711099958164,0.0010486680002941284,0.09391598400179646,0.25043087800077046
instance_n25_s5_seed1004,1004,placement_n25_s5,downgrade-then-upgrade,25,4,5,19,19,0,0,1450,0.03142003450766534,0.05156161666616047,0.020141582158495132,0.21511986811465003,64.10426491919135,49.533180152763826,-20,20,17,0,12,2,2,0.264970848998928,0.0009637929979362525,0.12356680899756611,0.14043921299889917
instance_n25_s5_seed1004,1004,placement_n25_s5,upgrade-then-downgrade,25,4,5,19,19,0,0,0,0.03142003450766534,0.048750331428714586,0.017330296921049246,0.19077091491534595,55.156836052555214,43.9266264860911,-10,10,5,3,8,7,7,0.86480565400052,0.001157016999059124,0.12771686099949875,0.7359244380022574
instance_n25_s5_seed1004,1004,placement_n25_s5,downgrade-then-upgrade,25,4,5,19,19,0,100,1550,0.03142003450766534,0.061873939999392585,0.030453905491727246,0.29430111416227495,96.92511790302969,67.76533583215931,90,10,18,0,13,2,2,0.2230868049991841,0.0011311449998174794,0.11127344100168557,0.11067488800108549
instance_n25_s5_seed1004,1004,placement_n25_s5,upgrade-then-downgrade,25,4,5,19,19,0,100,100,0.03142003450766534,0.051615071792983,0.020195037285317657,0.2155698780739211,64.27439562611175,49.63679877515548,40,60,4,2,6,6,6,0.8601237680013583,0.0017949149987543933,0.13866574300118373,0.7196707739967678
instance_n25_s5_seed1004,1004,placement_n25_s5,downgrade-then-upgrade,25,4,5,19,19,0,300,1750,0.03142003450766534,0.06460405869261993,0.033184024184954586,0.3130531453407538,105.61421941423679,72.0831505776518,290,10,20,0,13,2,2,0.3014637150008639,0.0018715949991019443,0.14277578800101765,0.15681337299974984
instance_n25_s5_seed1004,1004,placement_n25_s5,upgrade-then-downgrade,25,4,5,19,19,0,300,300,0.03142003450766534,0.060399007560915936,0.028978973053250597,0.2838231449452164,92.23087595967084,65.35269425975436,290,10,5,1,6,5,5,0.6635274479995132,0.0017545240007166285,0.13107294799920055,0.5307902390013624
instance_n25_s5_seed1004,1004,placement_n25_s5,downgrade-then-upgrade,25,4,5,19,19,0,600,2050,0.03142003450766534,0.07402825900705882,0.042608224499393485,0.37219087810951845,135.6084586380662,85.7001167683341,550,50,22,0,12,2,2,0.25746624800012796,0.0009975610009860247,0.1283992409989878,0.12808179000057862
instance_n25_s5_seed1004,1004,placement_n25_s5,upgrade-then-downgrade,25,4,5,19,19,0,600,600,0.03142003450766534,0.08861904806836908,0.05719901356070374,0.4503204229222364,182.04631044166825,103.69010928915156,600,0,8,1,9,5,5,0.6695975259972329,0.0016519950004294515,0.1235810140024114,0.544364408000547
instance_n25_s5_seed1004,1004,placement_n25_s5,downgrade-then-upgrade,25,4,5,19,19,0,1000,2450,0.03142003450766534,0.11286515823573046,0.08144512372806512,0.5553532371154974,259.21398561225476,127.87480851281319,1000,0,26,0,14,2,2,0.23485593200166477,0.001559936998091871,0.12281743600033224,0.11049898200144526
instance_n25_s5_seed1004,1004,placement_n25_s5,upgrade-then-downgrade,25,4,5,19,19,0,1000,1000,0.03142003450766534,0.10373044551714548,0.07231041100948014,0.5186995854963344,230.14109354920996,119.43499333060501,930,70,12,2,12,5,5,0.6766071080019174,0.0011171550031576771,0.11530469599892967,0.5601855219974823
instance_n25_s5_seed1005,1005,placement_n25_s5,downgrade-then-upgrade,25,5,5,19,19,0,0,2210,0.03143385199256977,0.06613551024911704,0.03470165825654727,0.3230371046214177,110.39581870128401,74.38204215852345,-50,50,24,0,13,2,2,0.21170488700226997,0.001258936998056015,0.09272194900040631,0.11772907399790711
instance_n25_s5_seed1005,1005,placement_n25_s5,upgrade-then-downgrade,25,5,5,19,19,0,0,0,0.03143385199256977,0.06613551024911704,0.03470165825654727,0.3230371046214177,110.39581870128401,74.38204215852345,-50,50,9,6,13,11,11,1.5539297969990002,0.0009550379982101731,0.12003160000313073,1.4329401219983993
instance_n25_s5_seed1005,1005,placement_n25_s5,downgrade-then-upgrade,25,5,5,19,19,0,100,2310,0.03143385199256977,0.07151863317637074,0.04008478118380097,0.357021601931785,127.52105975836521,82.20726184849823,50,50,25,0,13,2,2,0.23305630300092162,0.000926254997466458,0.11800109800242353,0.11414091200276744
instance_n25_s5_seed1005,1005,placement_n25_s5,upgrade-then-downgrade,25,5,5,19,19,0,100,100,0.03143385199256977,0.07151863317637074,0.04008478118380097,0.357021601931785,127.52105975836521,82.20726184849823,50,50,9,5,12,11,11,1.38673796600051,0.001479547001508763,0.12925291099963943,1.2559778319991892
instance_n25_s5_seed1005,1005,placement_n25_s5,downgrade-then-upgrade,25,5,5,19,19,0,300,2510,0.03143385199256977,0.08363502681752716,0.05220117482495739,0.42499059655252003,166.06674497702838,97.85770122844792,250,50,27,0,12,2,2,0.2524961239978438,0.0011880219972226769,0.13378981099958764,0.11752744800105575
instance_n25_s5_seed1005,1005,placement_n25_s5,upgrade-then-downgrade,25,5,5,19,19,0,300,300,0.03143385199256977,0.08578992505736992,0.05435607306480015,0.4360386844991323,172.92208755595294,100.4016174896436,290,10,9,3,10,8,8,0.8668033889989601,0.0017638300014368724,0.12675848900107667,0.738292444999388
instance_n25_s5_seed1005,1005,placement_n25_s5,downgrade-then-upgrade,25,5,5,19,19,0,600,2810,0.03143385199256977,0.10032410246365499,0.06889025047108521,0.5040076791198671,219.15942878196813,116.05205686959323,490,110,29,0,11,2,2,0.2547102190001169,0.0009525749992462806,0.1276696829991124,0.12609192699892446
instance_n25_s5_seed1005,1005,placement_n25_s5,upgrade-then-downgrade,25,5,5,19,19,0,600,600,0.03143385199256977,0.10604983814539223,0.07461598615282247,0.5281124060822294,237.3746181997038,121.60237536701595,590,10,9,1,8,5,5,0.5919103330015787,0.001486837998527335,0.10125144800258568,0.48918383099953644
instance_n25_s5_seed1005,1005,placement_n25_s5,downgrade-then-upgrade,25,5,5,19,19,0,1000,3210,0.03143385199256977,0.1343824766725137,0.10294862467994395,0.6309450369408743,327.50877844776585,145.28046365586346,890,110,32,0,9,2,2,0.2508418170000368,0.0011814819990831893,0.12536936099786544,0.12429052700099419
instance_n25_s5_seed1005,1005,placement_n25_s5,upgrade-then-downgrade,25,5,5,19,19,0,1000,1000,0.03143385199256977,0.1387802201821331,0.10734636818956333,0.6449299682407812,341.49924805568696,148.5006130896346,950,50,11,0,7,3,3,0.5103775419993326,0.0010471290006535128,0.19343405600011465,0.3158953759993892
instance_n25_s5_seed1006,1006,placement_n25_s5,downgrade-then-upgrade,25,5,5,21,21,0,0,2260,0.06608558416492692,0.0966003349849912,0.030514750820064274,0.16487189913239997,46.17459496750446,37.96315771958821,-40,40,25,0,16,2,2,0.2529754619972664,0.0011010550006176345,0.13739849800185766,0.11448087200187729
instance_n25_s5_seed1006,1006,placement_n25_s5,upgrade-then-downgrade,25,5,5,21,21,0,0,0,0.06608558416492692,0.10536988136996896,0.039284297205042035,0.20260975779683574,59.44457887669105,46.65262079981281,-70,70,3,2,5,5,5,0.9040310720010893,0.0010925720052910037,0.11745749200053979,0.7854741880000802
instance_n25_s5_seed1006,1006,placement_n25_s5,downgrade-then-upgrade,25,5,5,21,21,0,100,2360,0.06608558416492692,0.10867537685811514,0.042589792693188216,0.21602442157978144,64.44641933844258,49.7414612852266,80,20,26,0,16,2,2,0.2285910579994379,0.0010345139999117237,0.12204999999812571,0.10552292700231192
instance_n25_s5_seed1006,1006,placement_n25_s5,upgrade-then-downgrade,25,5,5,21,21,0,100,100,0.06608558416492692,0.10710794126885506,0.04102235710392814,0.20971493847180217,62.07459254888392,48.28864911033352,60,40,3,1,4,5,5,0.6282208519987762,0.0010839429996849503,0.11910164499931852,0.5080330090022471
instance_n25_s5_seed1006,1006,placement_n25_s5,downgrade-then-upgrade,25,5,5,21,21,0,300,2560,0.06608558416492692,0.1309147163222387,0.06482913215731177,0.29688173569099796,98.09875024410849,68.35954589842903,290,10,28,0,14,2,2,0.229817567000282,0.0011169149984198157,0.12526015199910034,0.10345168999992893
instance_n25_s5_seed1006,1006,placement_n25_s5,upgrade-then-downgrade,25,5,5,21,21,0,300,300,0.06608558416492692,0.10929111734166061,0.04320553317673369,0.21847813270279176,65.37815126050413,50.306449150662324,240,60,3,0,3,3,3,0.33925256700240425,0.0014962269997340627,0.10857975399994757,0.22916802400141023
instance_n25_s5_seed1006,1006,placement_n25_s5,downgrade-then-upgrade,25,5,5,21,21,0,600,2860,0.06608558416492692,0.16699100700702446,0.10090542284209754,0.40258635034154927,152.68900792383442,92.69893289393296,590,10,30,0,13,2,2,0.24423212300098385,0.001038121001329273,0.12638859000071534,0.11681234600109747
instance_n25_s5_seed1006,1006,placement_n25_s5,upgrade-then-downgrade,25,5,5,21,21,0,600,600,0.06608558416492692,0.16699100700702446,0.10090542284209754,0.40258635034154927,152.68900792383442,92.69893289393296,590,10,11,4,13,7,7,0.8439600769997924,0.0010923550034931395,0.10280394299843465,0.740051240001776
instance_n25_s5_seed1006,1006,placement_n25_s5,downgrade-then-upgrade,25,5,5,21,21,0,1000,3260,0.06608558416492692,0.21707748398915727,0.15099189982423034,0.5165080459911985,228.47932984507847,118.93037271108167,920,80,33,0,11,2,2,0.2774883399979444,0.0013362189965846483,0.12855847399987397,0.14762097499988158
instance_n25_s5_seed1006,1006,placement_n25_s5,upgrade-then-downgrade,25,5,5,21,21,0,1000,1000,0.06608558416492692,0.22224599551270866,0.15616041134778175,0.5267272111728846,236.30026626996136,121.28342245210109,960,40,14,4,12,7,7,0.8926319580023119,0.0027873170001839753,0.222680537000997,0.6670409489997837
instance_n25_s5_seed1007,1007,placement_n25_s5,downgrade-then-upgrade,25,4,5,22,22,0,0,1750,0.01719688815930465,0.05451207177698301,0.037315183617678355,0.5010428212474732,216.98799964276319,115.36937311561121,-70,70,20,0,18,2,2,0.277002161998098,0.0018246810031996574,0.13840610199986259,0.1367432689985435
instance_n25_s5_seed1007,1007,placement_n25_s5,upgrade-then-downgrade,25,4,5,22,22,0,0,0,0.01719688815930465,0.05451207177698301,0.037315183617678355,0.5010428212474732,216.98799964276319,115.36937311561121,-70,70,11,7,18,13,13,1.7748431809995964,0.001175271001557121,0.14450109300014446,1.6291641220013844
instance_n25_s5_seed1007,1007,placement_n25_s5,downgrade-then-upgrade,25,4,5,22,22,0,100,1850,0.01719688815930465,0.05616570484107049,0.03896881668176584,0.5140213465322041,226.60388507952902,118.35778900057798,40,60,21,0,17,2,2,0.33189844300068216,0.0013062029938737396,0.21453799600203638,0.11607676099811215
instance_n25_s5_seed1007,1007,placement_n25_s5,upgrade-then-downgrade,25,4,5,22,22,0,100,100,0.01719688815930465,0.05616570484107049,0.03896881668176584,0.5140213465322041,226.60388507952902,118.35778900057798,40,60,11,6,17,13,13,1.819299216997024,0.0016883709977264516,0.1544391160023224,1.6631729799992172
instance_n25_s5_seed1007,1007,placement_n25_s5,downgrade-then-upgrade,25,4,5,22,22,0,300,2050,0.01719688815930465,0.0586439540152204,0.041447065855915746,0.5327733777106829,241.01491776865544,122.67560374607046,240,60,23,0,19,2,2,0.2678152010012127,0.0012837670037697535,0.1310720549990947,0.13544533800086356
instance_n25_s5_seed1007,1007,placement_n25_s5,upgrade-then-downgrade,25,4,5,22,22,0,300,300,0.01719688815930465,0.06435894941324724,0.047162061253942594,0.5731590793009685,274.24764769680036,131.97475519126021,300,0,11,4,15,10,10,1.4123195969987137,0.002702608999243239,0.13774972800092655,1.2718744869998773
instance_n25_s5_seed1007,1007,placement_n25_s5,downgrade-then-upgrade,25,4,5,22,22,0,600,2350,0.01719688815930465,0.0680980197691778,0.050901131609873154,0.5976846163731949,295.9903625490074,137.62196879727836,590,10,26,0,17,2,2,0.2572975760012923,0.0014174610041663982,0.13197337399833486,0.123909398997057
instance_n25_s5_seed1007,1007,placement_n25_s5,upgrade-then-downgrade,25,4,5,22,22,0,600,600,0.01719688815930465,0.07973723579515414,0.0625403476358495,0.6662113093308393,363.6724682774136,153.40082296492355,600,0,11,2,13,6,6,0.8252988149979501,0.0020992639983887784,0.13160924799740314,0.6915909849994932
instance_n25_s5_seed1007,1007,placement_n25_s5,downgrade-then-upgrade,25,4,5,22,22,0,1000,2750,0.01719688815930465,0.09496596157193812,0.07776907341263348,0.7421181032014603,452.2275931099505,170.87900816726994,960,40,29,0,18,2,2,0.27244880400030524,0.0013807750001433305,0.1461786959989695,0.1248972559988033
instance_n25_s5_seed1007,1007,placement_n25_s5,upgrade-then-downgrade,25,4,5,22,22,0,1000,1000,0.01719688815930465,0.0931669278210608,0.07597003966175615,0.7338119080471349,441.7662018732811,168.96643605308503,960,40,13,1,14,4,4,0.5203673409996554,0.001997232004214311,0.128377412998816,0.38999300899740774
instance_n25_s5_seed1008,1008,placement_n25_s5,downgrade-then-upgrade,25,5,5,20,20,0,0,2280,0.04079411526198009,0.09148703478750267,0.05069291952552258,0.3507620331405577,124.26527502796003,80.76594286977316,-70,70,24,0,14,2,2,0.2571184660009749,0.001276049002626678,0.1435538469995663,0.11229930899935425
instance_n25_s5_seed1008,1008,placement_n25_s5,upgrade-then-downgrade,25,5,5,20,20,0,0,0,0.04079411526198009,0.09995159028596039,0.0591574750239803,0.3891921897388637,145.0147273548417,89.61481344024178,-20,20,6,4,10,8,8,1.1038793089974206,0.0012102479995519388,0.13471013399976073,0.9679313130000082
instance_n25_s5_seed1008,1008,placement_n25_s5,downgrade-then-upgrade,25,5,5,20,20,0,100,2380,0.04079411526198009,0.10292291413594049,0.062128798873960396,0.4019145555879389,152.29843440645502,92.54424643541148,50,50,25,0,13,2,2,0.3190130519978993,0.0010052639991044998,0.11649018000025535,0.20153670999934548
instance_n25_s5_seed1008,1008,placement_n25_s5,upgrade-then-downgrade,25,5,5,20,20,0,100,100,0.04079411526198009,0.10292291413594049,0.062128798873960396,0.4019145555879389,152.29843440645502,92.54424643541148,50,50,8,5,13,10,10,1.3962305540007947,0.0022184520021255594,0.1152226789999986,1.2787940279995382
instance_n25_s5_seed1008,1008,placement_n25_s5,downgrade-then-upgrade,25,5,5,20,20,0,300,2580,0.04079411526198009,0.12758306716420748,0.08678895190222738,0.49519551996882294,212.74870491704044,114.0229822397647,300,0,27,0,15,2,2,0.2737589159987692,0.0010859609974431805,0.12077691899685306,0.1518965789982758
instance_n25_s5_seed1008,1008,placement_n25_s5,upgrade-then-downgrade,25,5,5,20,20,0,300,300,0.04079411526198009,0.12758306716420748,0.08678895190222738,0.49519551996882294,212.74870491704044,114.0229822397647,300,0,10,5,15,10,10,1.2987355020013638,0.0016137730053742416,0.1277198160023545,1.1693999109993456
instance_n25_s5_seed1008,1008,placement_n25_s5,downgrade-then-upgrade,25,5,5,20,20,0,600,2880,0.04079411526198009,0.1514280022921748,0.1106338870301947,0.5696086743347986,271.2006041060165,131.15724423634072,510,90,29,0,16,2,2,0.25596877899806714,0.0017506810036138631,0.13847511099811527,0.11576022300141631
instance_n25_s5_seed1008,1008,placement_n25_s5,upgrade-then-downgrade,25,5,5,20,20,0,600,600,0.04079411526198009,0.11303820892049218,0.07224409365851209,0.4426277489014162,177.09440000000006,101.91880563659126,550,50,6,0,6,3,3,0.4784863149980083,0.001771134997397894,0.12390879599843174,0.35280931099987356
instance_n25_s5_seed1008,1008,placement_n25_s5,downgrade-then-upgrade,25,5,5,20,20,0,1000,3280,0.04079411526198009,0.2032928288790051,0.162498713617025,0.6975245406025792,398.33861470816845,160.61096091890187,910,90,32,0,15,2,2,0.2991784900004859,0.0010042339999927208,0.16038054999808082,0.1378151010030706
instance_n25_s5_seed1008,1008,placement_n25_s5,upgrade-then-downgrade,25,5,5,20,20,0,1000,1000,0.04079411526198009,0.2032928288790051,0.162498713617025,0.6975245406025792,398.33861470816845,160.61096091890187,910,90,14,4,15,7,7,0.8761978170005023,0.0010274000014760531,0.0907261109969113,0.7844297350020497
instance_n25_s5_seed1009,1009,placement_n25_s5,downgrade-then-upgrade,25,5,5,21,21,0,0,2150,0.04834634502234746,0.07636120032800192,0.02801485530565446,0.19850909943466735,57.94617006250412,45.70840931819378,-10,10,24,0,11,2,2,0.2355132099983166,0.0019369589972484391,0.11444187499728287,0.11913929499860387
instance_n25_s5_seed1009,1009,placement_n25_s5,upgrade-then-downgrade,25,5,5,21,21,0,0,0,0.04834634502234746,0.04834634502234746,0.0,0.0,0.0,0.0,0,0,0,0,0,2,2,0.3537122029993043,0.002015428002778208,0.17224274299951503,0.1794492769986391
instance_n25_s5_seed1009,1009,placement_n25_s5,downgrade-then-upgrade,25,5,5,21,21,0,100,2250,0.04834634502234746,0.06913618870475685,0.020789843682409388,0.1553417873086694,43.001893261630336,35.76876837759938,10,90,24,0,11,2,2,0.2671273019986984,0.0012476990013965406,0.14061389600101393,0.1252846370007319
instance_n25_s5_seed1009,1009,placement_n25_s5,upgrade-then-downgrade,25,5,5,21,21,0,100,100,0.04834634502234746,0.08381107353073386,0.035464728508386396,0.2389377564902758,73.35555250762657,55.01745162479503,90,10,6,3,8,8,8,1.1325745979993371,0.0018723089997365605,0.15486935800072388,0.9758305979994475
instance_n25_s5_seed1009,1009,placement_n25_s5,downgrade-then-upgrade,25,5,5,21,21,0,300,2450,0.04834634502234746,0.08536633056532478,0.037019985542977314,0.2469229668116589,76.57245966756186,56.85611424983893,230,70,26,0,9,2,2,0.29144880199964973,0.0011384729987184983,0.16141010299907066,0.12891868199949386
instance_n25_s5_seed1009,1009,placement_n25_s5,upgrade-then-downgrade,25,5,5,21,21,0,300,300,0.04834634502234746,0.09407660705712638,0.04573026203477892,0.2891179988093113,94.58887122416535,66.57187941745906,290,10,5,1,6,5,5,0.6404711750001297,0.0020180290011921898,0.15701266500036581,0.48139260099924286
instance_n25_s5_seed1009,1009,placement_n25_s5,downgrade-then-upgrade,25,5,5,21,21,0,600,2750,0.04834634502234746,0.11286845624360095,0.06452211122125348,0.36820893797848353,133.45809531502118,84.78324116964252,550,50,29,0,12,2,2,0.2741515650013753,0.0020691729987447616,0.13743483999860473,0.13467214600314037
instance_n25_s5_seed1009,1009,placement_n25_s5,upgrade-then-downgrade,25,5,5,21,21,0,600,600,0.04834634502234746,0.09638155172251617,0.048035206700168705,0.29963026701903767,99.35643879173298,68.99241862478615,560,40,6,0,5,3,3,0.38519077399905655,0.0012030630023218691,0.12395010500040371,0.2600483100031852
instance_n25_s5_seed1009,1009,placement_n25_s5,downgrade-then-upgrade,25,5,5,21,21,0,1000,3150,0.04834634502234746,0.15832834138724516,0.1099819963648977,0.5151950151665657,227.48771662896124,118.62803619073756,990,10,33,0,15,2,2,0.26952825999978813,0.0018717210004979279,0.13287746599962702,0.13478561800002353
instance_n25_s5_seed1009,1009,placement_n25_s5,upgrade-then-downgrade,25,5,5,21,21,0,1000,1000,0.04834634502234746,0.14770328256069087,0.0993569375383434,0.4850265001370354,205.51075265858665,111.68147889226123,910,90,12,2,13,6,6,0.7647851440015074,0.0019246599986217916,0.12639421399944695,0.6364735930001189
instance_n25_s5_seed1010,1010,placement_n25_s5,downgrade-then-upgrade,25,4,5,18,18,0,0,1500,0.053391484831458356,0.07520508845273349,0.021813603621275136,0.14877522752047911,40.85595987849831,34.25676210954528,-50,50,18,0,11,2,2,0.23052030599865247,0.0009157750027952716,0.1021265269992,0.12748530599856167
instance_n25_s5_seed1010,1010,placement_n25_s5,upgrade-then-downgrade,25,4,5,18,18,0,0,0,0.053391484831458356,0.053391484831458356,0.0,0.0,0.0,0.0,0,0,0,0,0,2,2,0.1855960339999001,0.001000829000986414,0.09221511299983831,0.09238820700193173
instance_n25_s5_seed1010,1010,placement_n25_s5,downgrade-then-upgrade,25,4,5,18,18,0,100,1600,0.053391484831458356,0.07621153909086972,0.022820054259411367,0.15454873341422667,42.74099948980207,35.586160970070914,40,60,19,0,11,2,2,0.25683062100142706,0.0009883940001600422,0.13604949100044905,0.11979320099999313
instance_n25_s5_seed1010,1010,placement_n25_s5,upgrade-then-downgrade,25,4,5,18,18,0,100,100,0.053391484831458356,0.08118407823431202,0.027792593402853664,0.1819988651851036,52.05435565350343,41.90678739170526,30,70,5,3,8,7,7,0.9170877860015025,0.0020028180006192997,0.12630943299882347,0.788877811999555
instance_n25_s5_seed1010,1010,placement_n25_s5,downgrade-then-upgrade,25,4,5,18,18,0,300,1800,0.053391484831458356,0.08688539115316411,0.033493906321705756,0.21147476175535518,62.732674372021,48.69386339623482,250,50,21,0,11,2,2,0.3354539329993713,0.0013597600009234156,0.1304190529990592,0.20368379600040498
instance_n25_s5_seed1010,1010,placement_n25_s5,upgrade-then-downgrade,25,4,5,18,18,0,300,300,0.053391484831458356,0.09635716602682808,0.04296568119536972,0.2564120195510791,80.47290936185814,59.041049388281266,240,60,5,1,6,5,5,0.6261388890015951,0.0009059080002771225,0.12436937799793668,0.5008513050015608
instance_n25_s5_seed1010,1010,placement_n25_s5,downgrade-then-upgrade,25,4,5,18,18,0,600,2100,0.053391484831458356,0.11774882910220229,0.06435734427074394,0.34348459831395295,120.53859238772186,79.09025157507557,570,30,24,0,11,2,2,0.24450263600010658,0.0008959489969129208,0.11150405100124772,0.1321139569990919
instance_n25_s5_seed1010,1010,placement_n25_s5,upgrade-then-downgrade,25,4,5,18,18,0,600,600,0.053391484831458356,0.11774882910220229,0.06435734427074394,0.34348459831395295,120.53859238772186,79.09025157507557,580,20,9,2,10,5,5,0.5575359970025602,0.0023377579964289907,0.12954913299836335,0.4256684879983368
instance_n25_s5_seed1010,1010,placement_n25_s5,downgrade-then-upgrade,25,4,5,18,18,0,1000,2500,0.053391484831458356,0.16587575244320044,0.11248426761174207,0.4923109070459043,210.67829068028868,113.35877556822764,990,10,28,0,11,2,2,0.24617803499859292,0.000912109997443622,0.1240614740017918,0.12123478699868429
instance_n25_s5_seed1010,1010,placement_n25_s5,upgrade-then-downgrade,25,4,5,18,18,0,1000,1000,0.053391484831458356,0.1563933631813851,0.10300187834992675,0.46674632021774565,192.91817538896737,107.47231191432066,940,60,10,0,8,3,3,0.3877121020013874,0.0014154530035739299,0.12900159700075164,0.25731799400091404
instance_n25_s5_seed1011,1011,placement_n25_s5,downgrade-then-upgrade,25,5,5,18,18,0,0,1920,0.032070593491974206,0.05725174973239288,0.025181156240418674,0.25168176718679136,78.51789910504885,57.95186853027038,-70,70,20,0,11,2,2,0.28942303100120625,0.0016562949967919849,0.12409389399908832,0.16367863500272506
instance_n25_s5_seed1011,1011,placement_n25_s5,upgrade-then-downgrade,25,5,5,18,18,0,0,0,0.032070593491974206,0.057476266398010116,0.02540567290603591,0.25338155206468577,79.21796929761771,58.343258462384014,-40,40,8,6,13,10,10,1.3578838629982783,0.001108513999497518,0.13303221800015308,1.2237509389997285
instance_n25_s5_seed1011,1011,placement_n25_s5,downgrade-then-upgrade,25,5,5,18,18,0,100,2020,0.032070593491974206,0.06466079969776138,0.032590206205787176,0.30453407451206715,101.62021545981992,70.12156202802238,80,20,21,0,12,2,2,0.3373235519975424,0.0013545779984269757,0.17223647399805486,0.16373828799987677
instance_n25_s5_seed1011,1011,placement_n25_s5,upgrade-then-downgrade,25,5,5,18,18,0,100,100,0.032070593491974206,0.06466079969776138,0.032590206205787176,0.30453407451206715,101.62021545981992,70.12156202802238,80,20,8,5,12,10,10,1.3050884750009573,0.0019067290013481397,0.1207511920001707,1.1824301890010247
instance_n25_s5_seed1011,1011,placement_n25_s5,downgrade-then-upgrade,25,5,5,18,18,0,300,2220,0.032070593491974206,0.07302866789394227,0.04095807440196807,0.35738638183734284,127.71224334285547,82.29125552577436,230,70,22,0,12,2,2,0.277151253001648,0.001183774002129212,0.1306727229966782,0.14530645699778688
instance_n25_s5_seed1011,1011,placement_n25_s5,upgrade-then-downgrade,25,5,5,18,18,0,300,300,0.032070593491974206,0.07619555293528397,0.04412495944330977,0.3758226280181267,137.5869749786583,86.53635808843849,300,0,8,3,10,8,8,0.9720272949998616,0.0017230550001841038,0.1058357040019473,0.864526769000804
instance_n25_s5_seed1011,1011,placement_n25_s5,downgrade-then-upgrade,25,5,5,18,18,0,600,2520,0.032070593491974206,0.09614774842184037,0.06407715492986617,0.47683212146029824,199.80034028962305,109.79465347352088,580,20,25,0,12,2,2,0.267610502000025,0.0017267640032514464,0.13911019299848704,0.1267896909994306
instance_n25_s5_seed1011,1011,placement_n25_s5,upgrade-then-downgrade,25,5,5,18,18,0,600,600,0.032070593491974206,0.09719283264381692,0.06512223915184272,0.4815272426686782,203.0590396405973,110.87574508394249,600,0,10,3,11,7,7,0.9157831089978572,0.0015771800026413985,0.15704197399827535,0.7571489340007247
instance_n25_s5_seed1011,1011,placement_n25_s5,downgrade-then-upgrade,25,5,5,18,18,0,1000,2920,0.032070593491974206,0.1290788194465463,0.0970082259545721,0.6047479877280789,302.4834135946028,139.24837015608207,980,20,28,0,12,2,2,0.24388359600197873,0.0009163470022031106,0.12265477999972063,0.12034225800016429
instance_n25_s5_seed1011,1011,placement_n25_s5,upgrade-then-downgrade,25,5,5,18,18,0,1000,1000,0.032070593491974206,0.12171143271552809,0.08964083922355388,0.5792243777443122,279.5110082574146,133.37134176928052,920,80,10,1,9,4,4,0.43948077100139926,0.0018980200002260972,0.10411000599924591,0.33348973100146395
instance_n25_s5_seed1012,1012,placement_n25_s5,downgrade-then-upgrade,25,5,5,21,21,0,0,2250,0.06387816356740972,0.08623138243360068,0.02235321886619096,0.13031292650610427,34.99352144430691,30.005660199738433,-30,30,25,0,14,2,2,0.2464995660011482,0.0017386620020261034,0.12254460799886147,0.12221178999971016
instance_n25_s5_seed1012,1012,placement_n25_s5,upgrade-then-downgrade,25,5,5,21,21,0,0,0,0.06387816356740972,0.06387816356740972,0.0,0.0,0.0,0.0,0,0,0,0,0,2,2,0.26844695700128796,0.001179050999780884,0.12233361200196669,0.14495656099825283
instance_n25_s5_seed1012,1012,placement_n25_s5,downgrade-then-upgrade,25,5,5,21,21,0,100,2350,0.06387816356740972,0.09464420023200076,0.030766036664591045,0.1707415835617125,48.16362109741005,39.31470250633964,80,20,26,0,14,2,2,0.26696817300035036,0.001908666999952402,0.13245505200029584,0.1326139750017319
instance_n25_s5_seed1012,1012,placement_n25_s5,upgrade-then-downgrade,25,5,5,21,21,0,100,100,0.06387816356740972,0.10386738204177949,0.03998921847436977,0.2111267633275585,62.602329561603185,48.61373379701182,70,30,6,3,9,8,8,1.3004989760011085,0.0018705149996094406,0.16048801400029333,1.1381430600013118
instance_n25_s5_seed1012,1012,placement_n25_s5,downgrade-then-upgrade,25,5,5,21,21,0,300,2550,0.06387816356740972,0.10999424505301923,0.046116081485609514,0.2360175411566557,72.19381226722943,54.345047195242415,270,30,27,0,13,2,2,0.2904960400010168,0.001795074000256136,0.14606747699872358,0.14263123600176186
instance_n25_s5_seed1012,1012,placement_n25_s5,upgrade-then-downgrade,25,5,5,21,21,0,300,300,0.06387816356740972,0.1162325465705628,0.05235438300315308,0.25997533086537566,81.95974974750838,59.86153213968088,230,70,6,2,8,5,5,0.7048716200006311,0.0012972250005987007,0.12940533499931917,0.5741728120010521
instance_n25_s5_seed1012,1012,placement_n25_s5,downgrade-then-upgrade,25,5,5,21,21,0,600,2850,0.06387816356740972,0.14328864463020244,0.07941048106279272,0.3508593525782394,124.31553543174729,80.78835149841962,590,10,30,0,13,2,2,0.23014141300154733,0.001036904999637045,0.09979008200025419,0.1293231370000285
instance_n25_s5_seed1012,1012,placement_n25_s5,upgrade-then-downgrade,25,5,5,21,21,0,600,600,0.06387816356740972,0.12798125454715445,0.06410309097974473,0.3017939409437625,100.35211940947184,69.49062295730329,580,20,7,0,7,3,3,0.3959273589971417,0.0021357079967856407,0.1578196160007792,0.23597729399989475
instance_n25_s5_seed1012,1012,placement_n25_s5,downgrade-then-upgrade,25,5,5,21,21,0,1000,3250,0.06387816356740972,0.18986897737411865,0.12599081380670893,0.47310158919086676,197.23612384966674,108.93566667426826,970,30,33,0,13,2,2,0.2259447620017454,0.00109837099807919,0.11396515200249269,0.11090440599946305
instance_n25_s5_seed1012,1012,placement_n25_s5,upgrade-then-downgrade,25,5,5,21,21,0,1000,1000,0.06387816356740972,0.1923434602872651,0.12846529671985538,0.4787250026834038,201.10987784470007,110.23050548223401,990,10,13,2,11,6,6,0.6547518100014713,0.0032122670017997734,0.12072806000287528,0.530813944998954
instance_n25_s5_seed1013,1013,placement_n25_s5,downgrade-then-upgrade,25,4,5,20,20,0,0,2660,0.05656819963396904,0.0897511049393896,0.03318290530542057,0.20046744704748312,58.65999893957087,46.15933552021079,-20,20,28,0,14,2,2,0.25629042699802085,0.0010134869989997242,0.11415404500075965,0.14113584199731122
instance_n25_s5_seed1013,1013,placement_n25_s5,upgrade-then-downgrade,25,4,5,20,20,0,0,0,0.05656819963396904,0.08874955099854019,0.032181351364571155,0.19559380765070636,56.88947425020461,45.03713857784612,0,0,7,5,11,9,9,0.9628201980012818,0.0011047249972762074,0.10836558500159299,0.8533445470020524
instance_n25_s5_seed1013,1013,placement_n25_s5,downgrade-then-upgrade,25,4,5,20,20,0,100,2760,0.05656819963396904,0.09829882921933147,0.04173062958536244,0.23997598833115666,73.77047502905381,55.25651334078344,100,0,29,0,15,2,2,0.1842284730009851,0.001166010999440914,0.0949604460001865,0.08814797700324561
instance_n25_s5_seed1013,1013,placement_n25_s5,upgrade-then-downgrade,25,4,5,20,20,0,100,100,0.05656819963396904,0.09053464633171761,0.03396644669774857,0.20424245248392833,60.045125914440135,47.02856264460381,10,90,8,6,12,10,10,1.1103029339974455,0.0012554480017570313,0.10040118200049619,1.0086451709976245
instance_n25_s5_seed1013,1013,placement_n25_s5,downgrade-then-upgrade,25,4,5,20,20,0,300,2960,0.05656819963396904,0.10883084663568843,0.05226264700171939,0.28417965082321023,92.38874021073816,65.4347827717777,240,60,30,0,14,2,2,0.24654466599895386,0.0018044590033241548,0.1488350569998147,0.09591428799831192
instance_n25_s5_seed1013,1013,placement_n25_s5,upgrade-then-downgrade,25,4,5,20,20,0,300,300,0.05656819963396904,0.11097422847548552,0.054406028841516484,0.29264977746803544,96.17776275991966,67.38510150659232,290,10,8,4,10,8,8,1.1342640619986923,0.001785428001312539,0.0973998749977909,1.0350777759995253
instance_n25_s5_seed1013,1013,placement_n25_s5,downgrade-then-upgrade,25,4,5,20,20,0,600,3260,0.05656819963396904,0.13340107604195997,0.07683287640799094,0.3725869758073173,135.82344303892788,85.7913216337662,520,80,32,0,12,2,2,0.21902954299730482,0.001043196996761253,0.1057566780000343,0.1122789599976386
instance_n25_s5_seed1013,1013,placement_n25_s5,upgrade-then-downgrade,25,4,5,20,20,0,600,600,0.05656819963396904,0.1328335854372713,0.07626538580330228,0.37073553835707285,134.82024582147943,85.36501240641181,590,10,7,1,7,4,4,0.46356615599870565,0.002295789003255777,0.11209897599837859,0.34917045200199937
instance_n25_s5_seed1013,1013,placement_n25_s5,downgrade-then-upgrade,25,4,5,20,20,0,1000,3660,0.05656819963396904,0.18453622061900488,0.12796802098503585,0.5135092649282315,226.21900964334637,118.23987785380758,980,20,35,0,11,2,2,0.2360581329994602,0.0009921699966071174,0.11668218599879765,0.11840716699953191
instance_n25_s5_seed1013,1013,placement_n25_s5,upgrade-then-downgrade,25,4,5,20,20,0,1000,1000,0.05656819963396904,0.18453622061900488,0.12796802098503585,0.5135092649282315,226.21900964334637,118.23987785380758,980,20,11,2,11,5,5,0.6881795730005251,0.0011849019974761177,0.11418225799934589,0.5728042810005718
instance_n25_s5_seed1014,1014,placement_n25_s5,downgrade-then-upgrade,25,4,5,20,20,0,0,2500,0.13320992860875142,0.13141722728368932,-0.001792701325062096,-0.005884295593549575,-1.3457715530554846,-1.3549091316477804,-20,20,27,0,10,2,2,0.2596383769996464,0.0012696009980572853,0.12193023000145331,0.13646057399819256
instance_n25_s5_seed1014,1014,placement_n25_s5,upgrade-then-downgrade,25,4,5,20,20,0,0,0,0.13320992860875142,0.13320992860875142,0.0,0.0,0.0,0.0,0,0,0,0,0,2,2,0.2423702640007832,0.0018793380004353821,0.11969753200173727,0.12080208099723677
instance_n25_s5_seed1014,1014,placement_n25_s5,downgrade-then-upgrade,25,4,5,20,20,0,100,2600,0.13320992860875142,0.1352309036832944,0.002020975074542991,0.00653935467611787,1.51713546854211,1.5057420595029913,20,80,27,0,11,2,2,0.22663026200098102,0.0012061109991918784,0.11271724300240749,0.11272487599853775
instance_n25_s5_seed1014,1014,placement_n25_s5,upgrade-then-downgrade,25,4,5,20,20,0,100,100,0.13320992860875142,0.16224055197681594,0.02903062336806453,0.08562281966809235,21.79313784735211,19.715382818786683,20,80,3,2,5,5,5,0.5571364009992976,0.0017797670006984845,0.09039396300067892,0.4649637350012199
instance_n25_s5_seed1014,1014,placement_n25_s5,downgrade-then-upgrade,25,4,5,20,20,0,300,2800,0.13320992860875142,0.16050519906823232,0.027295270459480908,0.0809525090420935,20.49041745202745,18.640004056079018,230,70,29,0,9,2,2,0.22780051500012632,0.0011948509963985998,0.10990758499974618,0.11671323200062034
instance_n25_s5_seed1014,1014,placement_n25_s5,upgrade-then-downgrade,25,4,5,20,20,0,300,300,0.13320992860875142,0.19391169868982266,0.06070177008107125,0.16306741529882504,45.568502824858776,37.54765996201437,290,10,3,0,3,3,3,0.3560074999986682,0.003966637999837985,0.11937219099854701,0.23267752999890945
instance_n25_s5_seed1014,1014,placement_n25_s5,downgrade-then-upgrade,25,4,5,20,20,0,600,3100,0.13320992860875142,0.21046786989826413,0.07725794128951272,0.19864921012818812,57.99713437008565,45.74067099762078,590,10,32,0,6,2,2,0.22554255700015347,0.0010488640036783181,0.1080929189993185,0.11642915899938089
instance_n25_s5_seed1014,1014,placement_n25_s5,upgrade-then-downgrade,25,4,5,20,20,0,600,600,0.13320992860875142,0.21046786989826413,0.07725794128951272,0.19864921012818812,57.99713437008565,45.74067099762078,590,10,6,1,6,4,4,0.6033756110009563,0.002169595998566365,0.11740875100076664,0.483776601999125
instance_n25_s5_seed1014,1014,placement_n25_s5,downgrade-then-upgrade,25,4,5,20,20,0,1000,3500,0.13320992860875142,0.2601713840242938,0.12696145541554238,0.2907229317112851,95.30930369945523,66.94142887499311,890,110,34,0,7,2,2,0.22653579599864315,0.0011086790000263136,0.10128735699981917,0.12416778199985856
instance_n25_s5_seed1014,1014,placement_n25_s5,upgrade-then-downgrade,25,4,5,20,20,0,1000,1000,0.13320992860875142,0.25261321370280254,0.11940328509405113,0.2779194683581076,89.63542458216344,63.9933224894209,990,10,8,0,7,3,3,0.3377111460031301,0.0021976819989504293,0.1222302079986548,0.21327953199943295
instance_n25_s5_seed1015,1015,placement_n25_s5,downgrade-then-upgrade,25,4,5,15,15,0,0,1360,0.06751673968823937,0.10882594886733747,0.0413092091790981,0.20732100001100773,61.18365514958904,47.73742440899648,-40,40,15,0,7,2,2,0.19598998999936157,0.0008724070030439179,0.10487009099961142,0.09027104200140457
instance_n25_s5_seed1015,1015,placement_n25_s5,upgrade-then-downgrade,25,4,5,15,15,0,0,0,0.06751673968823937,0.10882594886733747,0.0413092091790981,0.20732100001100773,61.18365514958904,47.73742440899648,-40,40,4,3,7,6,6,0.5982483839979977,0.0009794729994609952,0.1022684580020723,0.4949987540021539
instance_n25_s5_seed1015,1015,placement_n25_s5,downgrade-then-upgrade,25,4,5,15,15,0,100,1460,0.06751673968823937,0.1108453994648757,0.04332865977663633,0.21530621033239108,64.17469204927215,49.57608703404043,100,0,16,0,6,2,2,0.24396985600105836,0.0014279870010796003,0.1458023500017589,0.09675724499902572
instance_n25_s5_seed1015,1015,placement_n25_s5,upgrade-then-downgrade,25,4,5,15,15,0,100,100,0.06751673968823937,0.12242919247575469,0.05491245278751532,0.25847352245838917,81.33161204328772,59.515727974634856,80,20,5,3,8,7,7,0.6954314380018332,0.0013787030002276879,0.10421779999887804,0.5898350169991318
instance_n25_s5_seed1015,1015,placement_n25_s5,downgrade-then-upgrade,25,4,5,15,15,0,300,1660,0.06751673968823937,0.12470107439798511,0.05718433470974574,0.2664587327797721,84.6965285554311,61.35439059967872,220,80,17,0,7,2,2,0.20926548799980083,0.001031105999572901,0.12124403699999675,0.08701290200042422
instance_n25_s5_seed1015,1015,placement_n25_s5,upgrade-then-downgrade,25,4,5,15,15,0,300,300,0.06751673968823937,0.14531088216421817,0.0777941424759788,0.3328866768243647,115.22200692035139,76.64998997121086,280,20,7,3,10,7,7,0.6912967559983372,0.001475236003898317,0.10486196800047765,0.5849631380006031
instance_n25_s5_seed1015,1015,placement_n25_s5,downgrade-then-upgrade,25,4,5,15,15,0,600,1960,0.06751673968823937,0.16716126805957268,0.09964452837133331,0.3937241944710237,147.58492313379614,90.65834609400679,570,30,20,0,9,2,2,0.21193049700013944,0.0008536409986845683,0.10862433399961446,0.10241801999654854
instance_n25_s5_seed1015,1015,placement_n25_s5,upgrade-then-downgrade,25,4,5,15,15,0,600,600,0.06751673968823937,0.17974589793758752,0.11222915824934815,0.425247525433314,166.2241967955943,97.9168612895355,550,50,9,3,11,7,7,0.7931590989974211,0.0008249990023614373,0.15246029400077532,0.6398574710001412
instance_n25_s5_seed1015,1015,placement_n25_s5,downgrade-then-upgrade,25,4,5,15,15,0,1000,2360,0.06751673968823937,0.22200175209822912,0.15448501240998974,0.5169449395304245,228.80994124320733,119.03097116614639,950,50,23,0,11,2,2,0.20527811799911433,0.001058449997799471,0.08622005600045668,0.11801341099999263
instance_n25_s5_seed1015,1015,placement_n25_s5,upgrade-then-downgrade,25,4,5,15,15,0,1000,1000,0.06751673968823937,0.22438886771218852,0.15687212802394915,0.521589844576188,232.34553200926325,120.10050007782115,970,30,10,1,9,4,4,0.3908724609973433,0.0014603540003008675,0.10851880499831168,0.2809051999975054
instance_n25_s5_seed1016,1016,placement_n25_s5,downgrade-then-upgrade,25,5,5,21,21,0,0,2510,0.03450721441791326,0.07783645281349086,0.0433292383955776,0.353273133465547,125.56573785070486,81.34414508730644,0,0,28,0,11,2,2,0.21239592900019488,0.0011356079994584434,0.11015819200110855,0.10112054799901671
instance_n25_s5_seed1016,1016,placement_n25_s5,upgrade-then-downgrade,25,5,5,21,21,0,0,0,0.03450721441791326,0.07783645281349086,0.0433292383955776,0.353273133465547,125.56573785070486,81.34414508730644,0,0,8,5,11,10,10,1.5705758920012158,0.001084565999917686,0.13808271100060665,1.4314169449971814
instance_n25_s5_seed1016,1016,placement_n25_s5,downgrade-then-upgrade,25,5,5,21,21,0,100,2610,0.03450721441791326,0.0841719780424959,0.04966476362458264,0.3872576307759143,143.92573976878543,89.16936477728123,100,0,29,0,10,2,2,0.25611934900007327,0.0010842009978659917,0.10788336900077411,0.14717070900223916
instance_n25_s5_seed1016,1016,placement_n25_s5,upgrade-then-downgrade,25,5,5,21,21,0,100,100,0.03450721441791326,0.0841719780424959,0.04966476362458264,0.3872576307759143,143.92573976878543,89.16936477728123,100,0,8,4,10,10,10,1.1662798580000526,0.0010813780027092434,0.13987335300043924,1.0253043640004762
instance_n25_s5_seed1016,1016,placement_n25_s5,downgrade-then-upgrade,25,5,5,21,21,0,300,2810,0.03450721441791326,0.09928591683448187,0.0647787024165686,0.45897774811609826,187.72509896637996,105.68353208281039,300,0,30,0,12,2,2,0.25016484200023115,0.0018356949985900428,0.14423221600009128,0.10410000800038688
instance_n25_s5_seed1016,1016,placement_n25_s5,upgrade-then-downgrade,25,5,5,21,21,0,300,300,0.03450721441791326,0.09379240945682145,0.05928519503890819,0.4342577902576398,171.80521823903663,99.99155143637762,280,20,7,2,8,7,7,0.7663614949997282,0.0019961960024375003,0.11075958699802868,0.6535970469994936
instance_n25_s5_seed1016,1016,placement_n25_s5,downgrade-then-upgrade,25,5,5,21,21,0,600,3110,0.03450721441791326,0.1178421900034903,0.08333497558557704,0.533390902482074,241.5001529138686,122.81779407938645,510,90,32,0,12,2,2,0.21359966100135352,0.0015947520005283877,0.10520562199963024,0.10681416499937768
instance_n25_s5_seed1016,1016,placement_n25_s5,upgrade-then-downgrade,25,5,5,21,21,0,600,600,0.03450721441791326,0.1188709710273303,0.08436375660941703,0.5371659079185193,244.48150345518016,123.68702120377945,540,60,10,3,10,6,6,0.6843416870033252,0.001794011997844791,0.09568791199853877,0.5868535419976979
instance_n25_s5_seed1016,1016,placement_n25_s5,downgrade-then-upgrade,25,5,5,21,21,0,1000,3510,0.03450721441791326,0.15552552536366168,0.12101831094574841,0.6538917746141287,350.7043758447388,150.56414526579152,1000,0,36,0,14,2,2,0.2385411329996714,0.0013554339966503903,0.12745219100179384,0.109746742000425
instance_n25_s5_seed1016,1016,placement_n25_s5,upgrade-then-downgrade,25,5,5,21,21,0,1000,1000,0.03450721441791326,0.1612791363049074,0.12677192188699413,0.6696682865572247,367.3780223221517,154.19682138775303,950,50,11,1,9,4,4,0.4298239890013065,0.001958919998287456,0.1067905019990576,0.3210655540024163
instance_n50_s10_seed42,42,placement_n50_s10,downgrade-then-upgrade,50,8,10,40,40,0,0,4010,0.004265260203374223,0.00842932192500118,0.004164061721626957,0.2958471097672996,97.62737847348191,68.12131447555572,-10,10,45,0,29,2,2,0.295081405001838,0.0030206660012481734,0.14353167800072697,0.14856645499821752
instance_n50_s10_seed42,42,placement_n50_s10,upgrade-then-downgrade,50,8,10,40,40,0,0,0,0.004265260203374223,0.011038197812158876,0.0067729376087846535,0.41295264209096544,158.79306972706192,95.08585977911625,-20,20,7,4,11,9,9,1.4034634810013813,0.005509632999746827,0.15253873099936754,1.2454270720008935
instance_n50_s10_seed42,42,placement_n50_s10,downgrade-then-upgrade,50,8,10,40,40,0,100,4110,0.004265260203374223,0.007631770961650552,0.0033665107582763294,0.2526797976413016,78.92861391230251,58.181673534961305,10,90,45,0,30,2,2,0.3029638389998581,0.0022958500012464356,0.15170674900218728,0.1491421350001474
instance_n50_s10_seed42,42,placement_n50_s10,upgrade-then-downgrade,50,8,10,40,40,0,100,100,0.004265260203374223,0.011542579434507079,0.007277319231132856,0.4323573414244436,170.61841210474827,99.55395692104607,70,30,8,4,12,10,10,1.5069850149993727,0.00412083899936988,0.15963421900232788,1.3432118819982861
instance_n50_s10_seed42,42,placement_n50_s10,downgrade-then-upgrade,50,8,10,40,40,0,300,4310,0.004265260203374223,0.00791763995492551,0.003652379751551288,0.26865021828406793,85.63087777533272,61.858998785049124,290,10,47,0,31,2,2,0.32539597900176886,0.0019549310018192045,0.18969210000068415,0.1337752069994167
instance_n50_s10_seed42,42,placement_n50_s10,upgrade-then-downgrade,50,8,10,40,40,0,300,300,0.004265260203374223,0.012112792749120443,0.00784753254574622,0.45329875590461055,183.98719354889727,104.37589580187027,240,60,7,2,9,6,6,1.0434246310032904,0.003636967001511948,0.179004662000807,0.8605850719977752
instance_n50_s10_seed42,42,placement_n50_s10,downgrade-then-upgrade,50,8,10,40,40,0,600,4610,0.004265260203374223,0.010020763067952597,0.005755502864578374,0.3709552631788304,134.93907968440539,85.41560591632579,530,70,49,0,30,2,2,0.32611218599777203,0.003383803996257484,0.15807871200013324,0.16467513899988262
instance_n50_s10_seed42,42,placement_n50_s10,upgrade-then-downgrade,50,8,10,40,40,0,600,600,0.004265260203374223,0.01547482188052603,0.011209561677151807,0.5596801283052057,262.8107346952476,128.87111202805613,590,10,11,2,13,7,7,1.0624812030000612,0.003292082001280505,0.1379419400000188,0.9212538210013008
instance_n50_s10_seed42,42,placement_n50_s10,downgrade-then-upgrade,50,8,10,40,40,0,1000,5010,0.004265260203374223,0.01565982909890361,0.011394568895529388,0.564841487576582,267.14827120078655,130.05955891984192,990,10,53,0,28,2,2,0.3835101680015214,0.0022089070007496048,0.22058414200000698,0.16074579700216418
instance_n50_s10_seed42,42,placement_n50_s10,upgrade-then-downgrade,50,8,10,40,40,0,1000,1000,0.004265260203374223,0.020425966906376162,0.01616070670300194,0.6802370933732804,378.89146107000215,156.63037909029143,920,80,13,1,14,4,4,0.6559162400008063,0.004221919003612129,0.16494225100177573,0.48679364399868064
instance_n50_s10_seed123,123,placement_n50_s10,downgrade-then-upgrade,50,9,10,35,35,0,0,3630,0.004797355797029674,0.010820834884720796,0.006023479087691123,0.3532588409691261,125.55831467452579,81.3408541183864,0,0,41,0,22,2,2,0.3054693199992471,0.0018865819984057453,0.13078227499863715,0.1728308650017425
instance_n50_s10_seed123,123,placement_n50_s10,upgrade-then-downgrade,50,9,10,35,35,0,0,0,0.004797355797029674,0.012503675460942032,0.007706319663912358,0.41603576361658406,160.63681723760817,95.79577474559412,0,0,11,7,18,13,13,1.896120287001395,0.0030880929953127634,0.15541125899835606,1.7376348239995423
instance_n50_s10_seed123,123,placement_n50_s10,downgrade-then-upgrade,50,9,10,35,35,0,100,3730,0.004797355797029674,0.011701600514872497,0.006904244717842823,0.38724333827949375,143.917712380592,89.16607380836128,100,0,42,0,21,2,2,0.3611907109989261,0.002555541999754496,0.14794637399972999,0.21074401100122486
instance_n50_s10_seed123,123,placement_n50_s10,upgrade-then-downgrade,50,9,10,35,35,0,100,100,0.004797355797029674,0.013723546237619311,0.008926190440589638,0.4564644206721925,186.0647994071311,105.10481705219536,100,0,12,6,18,14,14,2.1800964220019523,0.0024248410009022336,0.21111967299657408,1.9665496089983208
instance_n50_s10_seed123,123,placement_n50_s10,downgrade-then-upgrade,50,9,10,35,35,0,300,3930,0.004797355797029674,0.013802742463333822,0.009005386666304148,0.45896345561967744,187.7156301786062,105.68024111389036,300,0,43,0,22,2,2,0.2838057890003256,0.0017420170042896643,0.14672676400005003,0.1353840659976413
instance_n50_s10_seed123,123,placement_n50_s10,upgrade-then-downgrade,50,9,10,35,35,0,300,300,0.004797355797029674,0.014684816047020363,0.009887460249990689,0.4858665813821185,206.10229193574926,111.87491474744445,270,30,9,3,12,8,8,1.3056061030001729,0.002709999000217067,0.16550089299926185,1.137419932998455
instance_n50_s10_seed123,123,placement_n50_s10,downgrade-then-upgrade,50,9,10,35,35,0,600,4230,0.004797355797029674,0.017606377099250455,0.01280902130222078,0.5646680702702289,267.0016951869945,130.01962810939435,600,0,45,0,22,2,2,0.39888337400043383,0.0033510490029584616,0.24899845499749063,0.1466117749987461
instance_n50_s10_seed123,123,placement_n50_s10,upgrade-then-downgrade,50,9,10,35,35,0,600,600,0.004797355797029674,0.018152741874292885,0.01335538607726321,0.5779403029652155,278.3905685196899,133.07567262481678,570,30,9,1,10,5,5,0.7622978090003016,0.002049209000688279,0.16207253100219532,0.5981567560011172
instance_n50_s10_seed123,123,placement_n50_s10,downgrade-then-upgrade,50,9,10,35,35,0,1000,4630,0.004797355797029674,0.023954086909712635,0.01915673111268296,0.6983776917067211,399.3185396952218,160.80740622034875,970,30,48,0,21,2,2,0.2927488530003757,0.002599690003989963,0.14210635599738453,0.14807304800342536
instance_n50_s10_seed123,123,placement_n50_s10,upgrade-then-downgrade,50,9,10,35,35,0,1000,1000,0.004797355797029674,0.024762363915629495,0.01996500811859982,0.7127901726251854,416.16692535003006,164.12600259194045,1000,0,12,0,11,3,3,0.4256437559997721,0.0028231949945620727,0.14474825199795305,0.27806640500057256
instance_n50_s10_seed999,999,placement_n50_s10,downgrade-then-upgrade,50,8,10,37,37,0,0,4790,0.006313228131539161,0.015807497483130994,0.009494269351591832,0.3986116382857367,150.38692019002227,91.78372162106719,-70,70,50,0,25,2,2,0.34613458899912075,0.002613879998534685,0.14837213400096516,0.19518264700309373
instance_n50_s10_seed999,999,placement_n50_s10,upgrade-then-downgrade,50,8,10,37,37,0,0,0,0.006313228131539161,0.01719093743318672,0.010877709301647557,0.43504807664690587,172.30027293494268,100.17352160228965,0,0,10,6,16,12,12,1.7661825450013566,0.003576016995793907,0.14988837000055355,1.6127355839998927
instance_n50_s10_seed999,999,placement_n50_s10,downgrade-then-upgrade,50,8,10,37,37,0,100,4890,0.006313228131539161,0.01734969235953403,0.011036464227994869,0.43904029534134525,174.8149124036832,101.09276392766849,40,60,51,0,24,2,2,0.3200745449976239,0.001870922998932656,0.156227660998411,0.16203834699990693
instance_n50_s10_seed999,999,placement_n50_s10,upgrade-then-downgrade,50,8,10,37,37,0,100,100,0.006313228131539161,0.018671086972273612,0.01235785884073445,0.47091811889999174,195.74548207751226,108.43290405999187,50,50,9,5,14,11,11,1.6498075179988518,0.004795553999429103,0.12939184400238446,1.5156393789984577
instance_n50_s10_seed999,999,placement_n50_s10,downgrade-then-upgrade,50,8,10,37,37,0,300,5090,0.006313228131539161,0.020289006113792578,0.013975777982253416,0.5070092899620802,221.37292825574053,116.74320330761816,240,60,53,0,22,2,2,0.3067097819985065,0.001998497999011306,0.16297481400033575,0.1417731850015116
instance_n50_s10_seed999,999,placement_n50_s10,upgrade-then-downgrade,50,8,10,37,37,0,300,300,0.006313228131539161,0.02147003368286758,0.01515680555132842,0.5315812427205182,240.08011805575603,122.40110452035147,300,0,10,4,14,10,10,1.4732613979977032,0.003939966001780704,0.14740060999974958,1.3219344350000028
instance_n50_s10_seed999,999,placement_n50_s10,downgrade-then-upgrade,50,8,10,37,37,0,600,5390,0.006313228131539161,0.024602145168595425,0.018288917037056263,0.5907214937378074,289.69200314003916,136.01865055918506,500,100,55,0,22,2,2,0.3165772050015221,0.0017782509967219085,0.14189437100139912,0.17297401900214027
instance_n50_s10_seed999,999,placement_n50_s10,upgrade-then-downgrade,50,8,10,37,37,0,600,600,0.006313228131539161,0.02441286604927298,0.018099637917733818,0.5873672851541043,286.6938678694815,135.24631549082233,570,30,11,3,14,7,7,1.2066461059985158,0.0029568659992946777,0.20270175199766527,1.00099418100217
instance_n50_s10_seed999,999,placement_n50_s10,downgrade-then-upgrade,50,8,10,37,37,0,1000,5790,0.006313228131539161,0.0333875048614079,0.02707427672986874,0.7233324812139678,428.8499665426798,166.55345885216778,920,80,58,0,22,2,2,0.2860306690017751,0.0018327709949517157,0.14831282399973134,0.13593163599944091
instance_n50_s10_seed999,999,placement_n50_s10,upgrade-then-downgrade,50,8,10,37,37,0,1000,1000,0.006313228131539161,0.0287123523256494,0.022399124194110238,0.6578172914794447,354.79668606002593,151.46802892742883,980,20,11,0,11,3,3,0.44220439700075076,0.0029111309959262144,0.1374004409990448,0.3018696440012718
instance_n50_s10_seed1000,1000,placement_n50_s10,downgrade-then-upgrade,50,10,10,39,39,0,0,4790,0.0030197568005221054,0.007572890117273528,0.004553133316751423,0.39928968727657843,150.7781459740136,91.93984817093039,-30,30,50,0,29,2,2,0.34965748000104213,0.002148339004634181,0.1766280400006508,0.17091921800238197
instance_n50_s10_seed1000,1000,placement_n50_s10,upgrade-then-downgrade,50,10,10,39,39,0,0,0,0.0030197568005221054,0.0030197568005221054,0.0,0.0,0.0,0.0,0,0,0,0,0,2,2,0.3314589959991281,0.0020264380000298843,0.17902534800305148,0.15039210499890032
instance_n50_s10_seed1000,1000,placement_n50_s10,downgrade-then-upgrade,50,10,10,39,39,0,100,4890,0.0030197568005221054,0.008311708665300212,0.005291951864778106,0.4397183443321865,175.24430655684412,101.24889047753155,80,20,51,0,29,2,2,0.30774907099839766,0.00244385300175054,0.14940230100182816,0.156029296998895
instance_n50_s10_seed1000,1000,placement_n50_s10,upgrade-then-downgrade,50,10,10,39,39,0,100,100,0.0030197568005221054,0.007283266818161567,0.004263510017639462,0.3823542523909452,141.18719815126553,88.04032017982735,50,50,9,4,13,10,10,1.6410481700004311,0.004755983001814457,0.1583856809993449,1.4779293930005224
instance_n50_s10_seed1000,1000,placement_n50_s10,downgrade-then-upgrade,50,10,10,39,39,0,300,5090,0.0030197568005221054,0.009844266243121349,0.006824509442599243,0.5132113829262276,225.99533318111278,118.17128798807906,300,0,53,0,28,2,2,0.3239299119995849,0.001931655999214854,0.16763880399957998,0.15439362399774836
instance_n50_s10_seed1000,1000,placement_n50_s10,upgrade-then-downgrade,50,10,10,39,39,0,300,300,0.0030197568005221054,0.009542333362361955,0.006522576561839849,0.499682616633102,215.99675049037455,115.05617442876392,290,10,13,5,18,12,12,1.7759470510027313,0.0027952449963777326,0.16865029700056766,1.60450908400162
instance_n50_s10_seed1000,1000,placement_n50_s10,downgrade-then-upgrade,50,10,10,39,39,0,600,5390,0.0030197568005221054,0.011808654971907468,0.008788898171385362,0.5922284654935748,291.0465561288178,136.3656436292244,540,60,55,0,27,2,2,0.30138345799787203,0.0020033580003655516,0.15103417800128227,0.14842823099752422
instance_n50_s10_seed1000,1000,placement_n50_s10,upgrade-then-downgrade,50,10,10,39,39,0,600,600,0.0030197568005221054,0.012241357541233453,0.009221600740711348,0.6078576148645092,305.37560968873277,139.96438826499346,600,0,12,2,14,7,7,1.1154292550018,0.0033087749980040826,0.1323890109997592,0.9797079540003324
instance_n50_s10_seed1000,1000,placement_n50_s10,downgrade-then-upgrade,50,10,10,39,39,0,1000,5790,0.0030197568005221054,0.01568271241369539,0.012662955613173283,0.7154492105529756,419.33693504668656,164.73826870136398,920,80,58,0,26,2,2,0.33728376799990656,0.0022602809985983185,0.15132172100129537,0.18375044600179535
instance_n50_s10_seed1000,1000,placement_n50_s10,upgrade-then-downgrade,50,10,10,39,39,0,1000,1000,0.0030197568005221054,0.014103717307026994,0.011083960506504889,0.6693616264639375,367.04811806661087,154.1262102918111,980,20,14,1,14,5,5,0.7711501429985219,0.0034765569980663713,0.1522192160009581,0.6154455889991368
instance_n50_s10_seed1001,1001,placement_n50_s10,downgrade-then-upgrade,50,9,10,35,35,0,0,4280,0.008810843225389477,0.01567574376730695,0.006864900541917473,0.2502106822220319,77.91422871009051,57.61313869923209,-50,50,45,0,20,2,2,0.32454215899997507,0.0022773130003770348,0.1630492240001331,0.15921485400031088
instance_n50_s10_seed1001,1001,placement_n50_s10,upgrade-then-downgrade,50,9,10,35,35,0,0,0,0.008810843225389477,0.012502985864366939,0.003692142638977462,0.15199626642543346,41.90453222840375,34.998433726195444,-20,20,3,2,5,5,5,0.8469368109981588,0.003084747000684729,0.2173678760009352,0.6265040580001369
instance_n50_s10_seed1001,1001,placement_n50_s10,downgrade-then-upgrade,50,9,10,35,35,0,100,4380,0.008810843225389477,0.016951676399529606,0.00814083317414013,0.28419517953239926,92.39561941905134,65.43835838920691,50,50,46,0,21,2,2,0.4342548140011786,0.002721786997426534,0.17453989700152306,0.2576082170016889
instance_n50_s10_seed1001,1001,placement_n50_s10,upgrade-then-downgrade,50,9,10,35,35,0,100,100,0.008810843225389477,0.01726419668292288,0.008453353457533404,0.292128901333078,95.94261572120675,67.26516534422738,10,90,7,5,12,9,9,1.37747722900167,0.0024372670013690367,0.13981581299958634,1.2352311560025555
instance_n50_s10_seed1001,1001,placement_n50_s10,downgrade-then-upgrade,50,9,10,35,35,0,300,4580,0.008810843225389477,0.020077317729010984,0.011266474503621508,0.35768821812644036,127.8705592122652,82.36075589975442,270,30,48,0,23,2,2,0.3539182649983559,0.004712267997092567,0.21627862300010747,0.13292659299986553
instance_n50_s10_seed1001,1001,placement_n50_s10,upgrade-then-downgrade,50,9,10,35,35,0,300,300,0.008810843225389477,0.014571209636610488,0.0057603664112210115,0.21847813270279176,65.37815126050411,50.306449150662324,240,60,3,0,3,3,3,0.5066368259977025,0.0030267649999586865,0.20784169100079453,0.29578476000097
instance_n50_s10_seed1001,1001,placement_n50_s10,downgrade-then-upgrade,50,9,10,35,35,0,600,4880,0.008810843225389477,0.02434545500133475,0.015534611775945274,0.44140042190216755,176.31242979310392,101.63620315132134,530,70,50,0,22,2,2,0.3159894730015367,0.0021066520021122415,0.16026455300016096,0.1536426719976589
instance_n50_s10_seed1001,1001,placement_n50_s10,upgrade-then-downgrade,50,9,10,35,35,0,600,600,0.008810843225389477,0.023764747119815265,0.014953903894425788,0.43091572358875785,169.721597716486,99.22201214722165,530,70,7,1,8,4,4,1.0609000059994287,0.0035928549987147562,0.1738010499975644,0.883499909999955
instance_n50_s10_seed1001,1001,placement_n50_s10,downgrade-then-upgrade,50,9,10,35,35,0,1000,5280,0.008810843225389477,0.03367752636255541,0.024866683137165932,0.5823227110230818,282.2281874850488,134.08475937136274,990,10,53,0,21,2,2,0.2842405299998063,0.002989612999954261,0.15620140999817522,0.1252057669989881
instance_n50_s10_seed1001,1001,placement_n50_s10,upgrade-then-downgrade,50,9,10,35,35,0,1000,1000,0.008810843225389477,0.031445324012940874,0.022634480787551398,0.5525386003144458,256.8934687468674,127.2267144387838,920,80,14,4,15,8,8,1.115656598998612,0.002097822998621268,0.11931760600054986,0.9942770900015603
instance_n50_s10_seed1002,1002,placement_n50_s10,downgrade-then-upgrade,50,10,10,41,41,0,0,3940,0.001541276211896033,0.003679829996329939,0.0021385537844339064,0.37794727971311326,138.75214370583973,87.02557722050655,-30,30,46,0,31,2,2,0.2826809020007204,0.002126312003383646,0.14001554999777,0.1405606379994424
instance_n50_s10_seed1002,1002,placement_n50_s10,upgrade-then-downgrade,50,10,10,41,41,0,0,0,0.001541276211896033,0.00441290525263337,0.002871629040737337,0.4568441274722911,186.31501729367136,105.19224777395691,-70,70,10,5,15,11,11,1.6592146559996763,0.0022629199993389193,0.1512457839999115,1.505703024999093
instance_n50_s10_seed1002,1002,placement_n50_s10,downgrade-then-upgrade,50,10,10,41,41,0,100,4040,0.001541276211896033,0.0041398087458711826,0.0025985325339751494,0.42909980216049465,168.59616166906974,98.80388078614492,90,10,47,0,30,2,2,0.35924768000040785,0.002408046002528863,0.172074636000616,0.18479758399917046
instance_n50_s10_seed1002,1002,placement_n50_s10,upgrade-then-downgrade,50,10,10,41,41,0,100,100,0.001541276211896033,0.004874720918606631,0.0033334447067105977,0.5000692815175712,216.2782167778929,115.14520730866025,70,30,10,4,14,10,10,2.077733330999763,0.003665305997856194,0.15693767300035688,1.917103160998522
instance_n50_s10_seed1002,1002,placement_n50_s10,downgrade-then-upgrade,50,10,10,41,41,0,300,4240,0.001541276211896033,0.004657284839105078,0.003116008627209045,0.48025232460787576,202.17068187770332,110.58218435178321,210,90,48,0,29,2,2,0.48353069899894763,0.0035924860058003105,0.15724981399762328,0.3227256419995683
instance_n50_s10_seed1002,1002,placement_n50_s10,upgrade-then-downgrade,50,10,10,41,41,0,300,300,0.001541276211896033,0.005455044837488374,0.003913768625592341,0.5489178490553883,253.93038544192783,126.39300565132929,230,70,10,3,13,8,8,3.7147451780001575,0.0031018830013636034,0.22021723600119003,3.4914207699985127
instance_n50_s10_seed1002,1002,placement_n50_s10,downgrade-then-upgrade,50,10,10,41,41,0,600,4540,0.001541276211896033,0.006311646058349949,0.004770369846453916,0.6122621611664737,309.507783850472,140.97857253062404,530,70,51,0,31,2,2,0.3025920270010829,0.0025937570026144385,0.16422662699915236,0.13578729800065048
instance_n50_s10_seed1002,1002,placement_n50_s10,upgrade-then-downgrade,50,10,10,41,41,0,600,600,0.001541276211896033,0.006498172533685206,0.004956896321789173,0.6249107626150172,321.60986353583854,143.89102064488793,540,60,10,1,11,5,5,0.7928254639991792,0.002883845998439938,0.17193245499947807,0.6180283629983023
instance_n50_s10_seed1002,1002,placement_n50_s10,downgrade-then-upgrade,50,10,10,41,41,0,1000,4940,0.001541276211896033,0.009424990371490177,0.007883714159594143,0.7864004396585738,511.5056015751926,181.07539294817957,980,20,55,0,32,2,2,0.3391540039992833,0.002247746004286455,0.15154828599770553,0.18544552599996678
instance_n50_s10_seed1002,1002,placement_n50_s10,upgrade-then-downgrade,50,10,10,41,41,0,1000,1000,0.001541276211896033,0.011047328467742219,0.009506052255846185,0.8553767914339615,616.7650017871955,196.95778488489165,960,40,16,2,18,6,6,1.0172986630022933,0.003174437995767221,0.14568787600001087,0.8685469189986179
instance_n50_s10_seed1003,1003,placement_n50_s10,downgrade-then-upgrade,50,8,10,32,32,0,0,3230,0.005384938448431932,0.011546161098149946,0.006161222649718014,0.33125686917373254,114.41584167990133,76.27471289113153,-30,30,36,0,17,2,2,0.31515215000035823,0.0029917979991296306,0.15070433700020658,0.16146807499899296
instance_n50_s10_seed1003,1003,placement_n50_s10,upgrade-then-downgrade,50,8,10,32,32,0,0,0,0.005384938448431932,0.01249052935321097,0.0071055909047790375,0.36540010078585206,131.95305708365436,84.13648250480249,-40,40,9,6,15,11,11,1.774341689000721,0.0018301759992027655,0.19983818499895278,1.5726420749997487
instance_n50_s10_seed1003,1003,placement_n50_s10,downgrade-then-upgrade,50,8,10,32,32,0,100,3330,0.005384938448431932,0.012989431235418694,0.007604492786986762,0.382409391621114,141.21782188988908,88.05301645676992,90,10,37,0,18,2,2,0.3273278470005607,0.0030641369994555134,0.16869540100015,0.1555183259988553
instance_n50_s10_seed1003,1003,placement_n50_s10,upgrade-then-downgrade,50,8,10,32,32,0,100,100,0.005384938448431932,0.011387513694672006,0.006002575246240074,0.3252481687281489,111.46970951892672,74.89115848370477,20,80,6,3,9,8,8,1.272374789998139,0.002494069998647319,0.15325933100029943,1.1166332770008012
instance_n50_s10_seed1003,1003,placement_n50_s10,downgrade-then-upgrade,50,8,10,32,32,0,300,3530,0.005384938448431932,0.015647589679787546,0.010262651231355613,0.46326670573233053,190.5806599208956,106.67110106997235,290,10,39,0,18,2,2,0.3635500489981496,0.0028962020005565137,0.2024442040019494,0.1582532119973621
instance_n50_s10_seed1003,1003,placement_n50_s10,upgrade-then-downgrade,50,8,10,32,32,0,300,300,0.005384938448431932,0.0139568053332658,0.008571866884833867,0.4136052775496394,159.1822630271652,95.23613464694645,300,0,6,1,7,5,5,0.770035353001731,0.003207178000593558,0.151965975001076,0.6148888259995147
instance_n50_s10_seed1003,1003,placement_n50_s10,downgrade-then-upgrade,50,8,10,32,32,0,600,3830,0.005384938448431932,0.0193967252271685,0.014011786778736567,0.5565476701132146,260.20328575560103,128.14983687432556,540,60,41,0,18,2,2,0.3157957080002234,0.0015961359968059696,0.14147243600018555,0.17273005199967884
instance_n50_s10_seed1003,1003,placement_n50_s10,upgrade-then-downgrade,50,8,10,32,32,0,600,600,0.005384938448431932,0.02008460932936953,0.014699670880937599,0.5716826450444508,272.9775098026993,131.6347936402759,550,50,10,2,12,6,6,0.9042523829994025,0.0028204110021761153,0.1622225979990617,0.7391830880005728
instance_n50_s10_seed1003,1003,placement_n50_s10,downgrade-then-upgrade,50,8,10,32,32,0,1000,4230,0.005384938448431932,0.0281176080457563,0.022732669597324368,0.7177976291148334,422.15282152285346,165.2790120586284,1000,0,45,0,18,2,2,0.7929762359999586,0.0028781649998563807,0.2098754229991755,0.5802398550004
instance_n50_s10_seed1003,1003,placement_n50_s10,upgrade-then-downgrade,50,8,10,32,32,0,1000,1000,0.005384938448431932,0.026398153768107554,0.02101321531967562,0.6903928107428052,390.2220149943323,158.96881943266428,990,10,12,1,11,5,5,0.8533204870000191,0.0023657909987377934,0.1723604789985984,0.6786093439986871
instance_n50_s10_seed1004,1004,placement_n50_s10,downgrade-then-upgrade,50,9,10,40,40,0,0,2960,0.0005675605046778314,0.0018092791322579457,0.0012417186275801143,0.503493407970623,218.78171883805769,115.93364156139259,-10,10,36,0,24,2,2,0.39409144400269724,0.0040104409999912605,0.2114466099992569,0.17866315900027985
instance_n50_s10_seed1004,1004,placement_n50_s10,upgrade-then-downgrade,50,9,10,40,40,0,0,0,0.0005675605046778314,0.002073659654622068,0.0015060991499442368,0.5627253118537674,265.3636286406425,129.57229145249104,-80,80,12,9,20,14,14,3.6157603159990686,0.004204847999062622,0.18522894599664141,3.4263404209996224
instance_n50_s10_seed1004,1004,placement_n50_s10,downgrade-then-upgrade,50,9,10,40,40,0,100,3060,0.0005675605046778314,0.0021711349587095357,0.0016035744540317043,0.582674654018248,282.5380626056694,134.1657972407881,100,0,37,0,24,2,2,0.49050370400073007,0.001942184997460572,0.31256821300121373,0.1760007550001319
instance_n50_s10_seed1004,1004,placement_n50_s10,upgrade-then-downgrade,50,9,10,40,40,0,100,100,0.0005675605046778314,0.001807418015915772,0.0012398575112379407,0.5030464406986531,218.4538037828637,115.83072354364319,60,40,9,5,14,10,10,2.9007780580031977,0.003993518999777734,0.16816830600146204,2.728632297999866
instance_n50_s10_seed1004,1004,placement_n50_s10,downgrade-then-upgrade,50,9,10,40,40,0,300,3260,0.0005675605046778314,0.0030425292075379256,0.002474968702860094,0.7292225898307877,436.07134084585033,167.9097064818883,230,70,38,0,23,2,2,0.3414919770002598,0.0019388489999982994,0.17366523799864808,0.16587436400004663
instance_n50_s10_seed1004,1004,placement_n50_s10,upgrade-then-downgrade,50,9,10,40,40,0,300,300,0.0005675605046778314,0.002145219624675979,0.0015776591199981478,0.5774595950646284,277.9719707405797,132.96498554021917,260,40,9,3,12,8,8,1.3393384400005743,0.0020162399996479508,0.15306263499951456,1.184244457999739
instance_n50_s10_seed1004,1004,placement_n50_s10,downgrade-then-upgrade,50,9,10,40,40,0,600,3560,0.0005675605046778314,0.003273145509251354,0.002705585004573523,0.7609531462939982,476.7042425035045,175.21593711234775,540,60,41,0,23,2,2,0.31648875400060206,0.002167074002500158,0.17863752999983262,0.13571356700049364
instance_n50_s10_seed1004,1004,placement_n50_s10,upgrade-then-downgrade,50,9,10,40,40,0,600,600,0.0005675605046778314,0.003273145509251354,0.002705585004573523,0.7609531462939982,476.7042425035045,175.21593711234775,540,60,16,6,23,12,12,2.028139600999566,0.004904110995994415,0.23915992999900482,1.7840237879972847
instance_n50_s10_seed1004,1004,placement_n50_s10,downgrade-then-upgrade,50,9,10,40,40,0,1000,3960,0.0005675605046778314,0.003441194650064348,0.002873634145386517,0.782697072830512,506.31326910559073,180.22266122296116,910,90,44,0,23,2,2,0.2916860840014124,0.0019051369999942835,0.1440443729989056,0.1457702750012686
instance_n50_s10_seed1004,1004,placement_n50_s10,upgrade-then-downgrade,50,9,10,40,40,0,1000,1000,0.0005675605046778314,0.003367111137726263,0.002799550633048432,0.7732452851043403,493.26029735588486,178.04630667091848,980,20,12,0,12,3,3,0.47951381600069,0.0036404290040081833,0.16577068100014003,0.31008459700024105
instance_n50_s10_seed1005,1005,placement_n50_s10,downgrade-then-upgrade,50,10,10,39,39,0,0,3810,0.0010674927154533129,0.0036374531133434138,0.0025699603978901007,0.532432483896556,240.74734756375005,122.59711004460021,-90,90,43,0,29,2,2,0.3456161329995666,0.003810798003542004,0.13054468499831273,0.2112745080012246
instance_n50_s10_seed1005,1005,placement_n50_s10,upgrade-then-downgrade,50,10,10,39,39,0,0,0,0.0010674927154533129,0.002267930703301098,0.001200437987847785,0.32726486044986597,112.45397467073268,75.35551891326381,-40,40,6,3,9,8,8,1.3642778180001187,0.0022670629987260327,0.14665775499815936,1.2153546920017106
instance_n50_s10_seed1005,1005,placement_n50_s10,downgrade-then-upgrade,50,10,10,39,39,0,100,3910,0.0010674927154533129,0.004092134752511342,0.0030246420370580295,0.5835850063439374,283.34076600921907,134.37541361023858,30,70,44,0,28,2,2,0.3202304500009632,0.0028694059983536135,0.14542011900266516,0.17193670800043037
instance_n50_s10_seed1005,1005,placement_n50_s10,upgrade-then-downgrade,50,10,10,39,39,0,100,100,0.0010674927154533129,0.004721230557465093,0.0036537378420117804,0.6456902892766752,342.2728594883398,148.67568347794852,30,70,15,9,24,16,16,2.286622277999413,0.00388886299697333,0.17528652900000452,2.1074516350017802
instance_n50_s10_seed1005,1005,placement_n50_s10,downgrade-then-upgrade,50,10,10,39,39,0,300,4110,0.0010674927154533129,0.004929549597760537,0.0038620568823072247,0.6644423204551536,361.7876568522713,152.99349822344095,230,70,46,0,27,2,2,0.291489322000416,0.001881207001133589,0.13880036800037487,0.15084110200041323
instance_n50_s10_seed1005,1005,placement_n50_s10,upgrade-then-downgrade,50,10,10,39,39,0,300,300,0.0010674927154533129,0.0027398026488742963,0.0016723099334209834,0.4093543611263619,156.65773725779792,94.25732496816623,250,50,6,1,7,5,5,0.7561887429983472,0.0033279470007983036,0.17678207899734844,0.5760562600007688
instance_n50_s10_seed1005,1005,placement_n50_s10,downgrade-then-upgrade,50,10,10,39,39,0,600,4410,0.0010674927154533129,0.0067068232620964355,0.005639330546643123,0.798151941891646,528.2781292093755,183.7812763343954,580,20,49,0,26,2,2,0.2780565939974622,0.0019943560037063435,0.13399347599988687,0.14210470900070504
instance_n50_s10_seed1005,1005,placement_n50_s10,upgrade-then-downgrade,50,10,10,39,39,0,600,600,0.0010674927154533129,0.0071226854999616165,0.006055192784508304,0.8242788485343104,567.2350449658061,189.79721891054,600,0,16,5,21,11,11,1.7406443469990336,0.002853066001989646,0.14219872300236602,1.595563928996853
instance_n50_s10_seed1005,1005,placement_n50_s10,downgrade-then-upgrade,50,10,10,39,39,0,1000,4810,0.0010674927154533129,0.009389665771817499,0.008322173056364186,0.9442852135978063,779.5999856383244,217.4297056365007,990,10,52,0,26,2,2,0.279024119998212,0.002312544998858357,0.13263228600044386,0.14406657300060033
instance_n50_s10_seed1005,1005,placement_n50_s10,upgrade-then-downgrade,50,10,10,39,39,0,1000,1000,0.0010674927154533129,0.00958851830027869,0.008521025584825377,0.953386581372515,798.2279842731205,219.52537301289078,970,30,15,2,17,6,6,0.9889477920005447,0.0028775719983968884,0.1633823689990095,0.822856986997067
instance_n50_s10_seed1006,1006,placement_n50_s10,downgrade-then-upgrade,50,10,10,38,38,0,0,2970,0.0011866182860444988,0.00491220609957301,0.0037255878135285113,0.6169655434197374,313.9668297163592,142.0615663169258,-10,10,36,0,27,2,2,0.2778663869976299,0.0026070700005220715,0.13754444699952728,0.13776483000037842
instance_n50_s10_seed1006,1006,placement_n50_s10,upgrade-then-downgrade,50,10,10,38,38,0,0,0,0.0011866182860444988,0.0029837951585435438,0.001797176872499045,0.40045796831250546,151.453664049776,92.2088548207057,-30,30,7,4,11,9,9,1.3968614149998757,0.002511658000003081,0.15071684299982735,1.243626374998712
instance_n50_s10_seed1006,1006,placement_n50_s10,downgrade-then-upgrade,50,10,10,38,38,0,100,3070,0.0011866182860444988,0.005775161225173677,0.004588542939129178,0.6872530763073799,386.69073223409816,158.24586886196724,100,0,37,0,28,2,2,0.34530562999862013,0.0032638890043017454,0.18916492499920423,0.15292585200222675
instance_n50_s10_seed1006,1006,placement_n50_s10,upgrade-then-downgrade,50,10,10,38,38,0,100,100,0.0011866182860444988,0.003267966126023883,0.002081347839979384,0.4399665095961793,175.40163205451668,101.30603264127842,90,10,7,3,10,8,8,1.4166177859988238,0.0023160659984569065,0.1570019599967054,1.2573222950013587
instance_n50_s10_seed1006,1006,placement_n50_s10,downgrade-then-upgrade,50,10,10,38,38,0,300,3270,0.0011866182860444988,0.006880581631628143,0.005693963345583645,0.7633141150887703,479.84793530900623,175.7595702675344,300,0,39,0,28,2,2,0.30544380500214174,0.0020738700004585553,0.14225839600112522,0.16113248300098348
instance_n50_s10_seed1006,1006,placement_n50_s10,upgrade-then-downgrade,50,10,10,38,38,0,300,300,0.0011866182860444988,0.006030410884773102,0.004843792598728603,0.7060358673743166,408.201412003772,162.57076633352224,260,40,14,7,21,13,13,2.0908734719996573,0.002830108001944609,0.14025512599982903,1.9477811050019227
instance_n50_s10_seed1006,1006,placement_n50_s10,downgrade-then-upgrade,50,10,10,38,38,0,600,3570,0.0011866182860444988,0.0071020523290613,0.005915434043016801,0.7770728313039008,498.5119572643236,178.9276317531039,530,70,41,0,28,2,2,0.34196744300061255,0.002947254997707205,0.15214385999934166,0.18690841599891428
instance_n50_s10_seed1006,1006,placement_n50_s10,upgrade-then-downgrade,50,10,10,38,38,0,600,600,0.0011866182860444988,0.0077400640702559,0.0065534457842114004,0.8144335190506601,552.2791837345445,187.53024802007317,570,30,14,4,18,10,10,1.6879714390015579,0.00321774699841626,0.16434357599791838,1.5204334170011862
instance_n50_s10_seed1006,1006,placement_n50_s10,downgrade-then-upgrade,50,10,10,38,38,0,1000,3970,0.0011866182860444988,0.008289089159088759,0.00710247087304426,0.8441957743940486,598.5472292627314,194.38326056883005,930,70,44,0,28,2,2,0.3085115809990384,0.002001103996008169,0.16219245600223076,0.14433686100164778
instance_n50_s10_seed1006,1006,placement_n50_s10,upgrade-then-downgrade,50,10,10,38,38,0,1000,1000,0.0011866182860444988,0.009335149787828295,0.008148531501783796,0.8958102542199364,686.70199992841,206.26793375180324,950,50,14,1,15,5,5,0.8017232500023965,0.0024502039959770627,0.17947509000077844,0.6198103359965899
instance_n50_s10_seed1007,1007,placement_n50_s10,downgrade-then-upgrade,50,9,10,39,39,0,0,3370,0.0024536130305551213,0.008025708860598776,0.0055720958300436545,0.5146773318673667,227.09758061494267,118.50883520597479,-40,40,39,0,31,2,2,0.3197222419985337,0.00277153600109159,0.1456535969991819,0.17130193599950871
instance_n50_s10_seed1007,1007,placement_n50_s10,upgrade-then-downgrade,50,9,10,39,39,0,0,0,0.0024536130305551213,0.0024536130305551213,0.0,0.0,0.0,0.0,0,0,0,0,0,2,2,0.31354647899934207,0.002188682999985758,0.16179578299852437,0.1495567130004929
instance_n50_s10_seed1007,1007,placement_n50_s10,downgrade-then-upgrade,50,9,10,39,39,0,100,3470,0.0024536130305551213,0.00813311488817524,0.005679501857620119,0.5204508377611139,231.4750446338782,119.83823406650033,50,50,40,0,30,2,2,0.32044279200272285,0.0019521670001267921,0.1522951959996135,0.16620962700108066
instance_n50_s10_seed1007,1007,placement_n50_s10,upgrade-then-downgrade,50,9,10,39,39,0,100,100,0.0024536130305551213,0.006521500955613018,0.004067887925057897,0.4245414928382414,165.7917476961537,97.7542912766773,70,30,9,4,13,10,10,1.5392793050014006,0.002400851997663267,0.1465257339987147,1.390420741001435
instance_n50_s10_seed1007,1007,placement_n50_s10,downgrade-then-upgrade,50,9,10,39,39,0,300,3670,0.0024536130305551213,0.008352258342458183,0.005898645311903062,0.5319978495486096,240.406504140896,122.49703178755176,230,70,42,0,29,2,2,0.298930795997876,0.0029261360032251105,0.1491155669973523,0.1469791540002916
instance_n50_s10_seed1007,1007,placement_n50_s10,upgrade-then-downgrade,50,9,10,39,39,0,300,300,0.0024536130305551213,0.006948435772127222,0.0044948227415721005,0.4520809780534899,183.19199831422327,104.09549208921342,250,50,11,4,15,10,10,1.7328713919996517,0.005743628003983758,0.22457298500012257,1.5025404059997527
instance_n50_s10_seed1007,1007,placement_n50_s10,downgrade-then-upgrade,50,9,10,39,39,0,600,3970,0.0024536130305551213,0.008665115174237953,0.006211502143682832,0.5479682701913756,253.15736696578847,126.17435703763951,510,90,44,0,29,2,2,0.31123614000171074,0.002099850000377046,0.1513665160018718,0.1578209639992565
instance_n50_s10_seed1007,1007,placement_n50_s10,upgrade-then-downgrade,50,9,10,39,39,0,600,600,0.0024536130305551213,0.008176159333012753,0.005722546302457632,0.5227432767773089,233.22937362958683,120.36608765702921,600,0,10,1,11,5,5,0.8003477830025076,0.0027841519986395724,0.16886374600289855,0.6286092060036026
instance_n50_s10_seed1007,1007,placement_n50_s10,downgrade-then-upgrade,50,9,10,39,39,0,1000,4370,0.0024536130305551213,0.012260078526675322,0.0098064654961202,0.6986871824631296,399.6744952850826,160.8786691005613,990,10,48,0,28,2,2,0.3408780539975851,0.0034691609980654903,0.16457656900092843,0.17283379199943738
instance_n50_s10_seed1007,1007,placement_n50_s10,upgrade-then-downgrade,50,9,10,39,39,0,1000,1000,0.0024536130305551213,0.015116727985408461,0.01266311495485334,0.7896517289152767,516.1007378571167,181.82402996572912,980,20,18,4,21,9,9,1.6491273469982843,0.003573381996829994,0.3007049879997794,1.3448747260008531
instance_n50_s10_seed1008,1008,placement_n50_s10,downgrade-then-upgrade,50,10,10,39,39,0,0,4900,0.012036635166672792,0.01559953392239472,0.003562898755721928,0.1126065256887911,29.600454831321404,25.928610742486146,-30,30,51,0,22,2,2,0.3183674729989434,0.0027959609979006927,0.15305879399966216,0.16255501799969352
instance_n50_s10_seed1008,1008,placement_n50_s10,upgrade-then-downgrade,50,10,10,39,39,0,0,0,0.012036635166672792,0.02461974465387829,0.012583109487205498,0.3107784471347191,104.54009208525146,71.55938195962422,-10,10,6,4,10,8,8,1.5366343839996262,0.0030102840028121136,0.16569550100030028,1.3679035850000218
instance_n50_s10_seed1008,1008,placement_n50_s10,downgrade-then-upgrade,50,10,10,39,39,0,100,5000,0.012036635166672792,0.01712143967092103,0.005084804504248237,0.15303518274439917,42.244401644133205,35.237653049087314,70,30,52,0,21,2,2,0.4647064950004278,0.0020060360002389643,0.16354689599756966,0.2991375519995927
instance_n50_s10_seed1008,1008,placement_n50_s10,upgrade-then-downgrade,50,10,10,39,39,0,100,100,0.012036635166672792,0.025085244027586065,0.013048608860913273,0.31891323301648944,108.40744676753556,73.4324856302305,80,20,7,4,11,9,9,1.522380462000001,0.003444337002292741,0.17218150999906356,1.3470280700021249
instance_n50_s10_seed1008,1008,placement_n50_s10,downgrade-then-upgrade,50,10,10,39,39,0,300,5200,0.012036635166672792,0.019337155393040213,0.007300520226367421,0.20588749006967463,60.65250068043273,47.40734654683925,220,80,53,0,21,2,2,0.38362835600128165,0.003058198999497108,0.16408896500070114,0.21648906700283987
instance_n50_s10_seed1008,1008,placement_n50_s10,upgrade-then-downgrade,50,10,10,39,39,0,300,300,0.012036635166672792,0.019531191920186305,0.007494556753513513,0.21022365041095267,62.26455026455026,48.40578436310512,250,50,3,0,3,3,3,0.5350266709974676,0.0032546140027989168,0.16425886800061562,0.36752292099845363
instance_n50_s10_seed1008,1008,placement_n50_s10,downgrade-then-upgrade,50,10,10,39,39,0,600,5500,0.012036635166672792,0.02592137583233072,0.01388474066565793,0.33315295176092613,115.35400444886955,76.7113020411673,580,20,56,0,22,2,2,0.32493356600025436,0.001953732000401942,0.15635500799908186,0.16666134800107102
instance_n50_s10_seed1008,1008,placement_n50_s10,upgrade-then-downgrade,50,10,10,39,39,0,600,600,0.012036635166672792,0.02817032451109507,0.016133689344422275,0.36928675276109385,134.03820188131533,85.03141719478724,600,0,7,0,7,3,3,0.507222833999549,0.0024835230033204425,0.1568557550017431,0.34787784699801705
instance_n50_s10_seed1008,1008,placement_n50_s10,downgrade-then-upgrade,50,10,10,39,39,0,1000,5900,0.012036635166672792,0.03399028061355041,0.02195364544687762,0.45084965284702044,182.3902207127054,103.81196898270898,940,60,59,0,21,2,2,0.3842574970003625,0.002696154999284772,0.20084114500059513,0.18073107400050503
instance_n50_s10_seed1008,1008,placement_n50_s10,upgrade-then-downgrade,50,10,10,39,39,0,1000,1000,0.012036635166672792,0.032285572344499865,0.020248937177827074,0.428503392636974,168.22755610216237,98.66655241832709,1000,0,11,0,10,3,3,0.5456349550004234,0.0018708610004978254,0.19348720099878847,0.3502593689991045
instance_n50_s10_seed1009,1009,placement_n50_s10,downgrade-then-upgrade,50,9,10,37,37,0,0,3780,0.004570209295733805,0.009711081556572472,0.005140872260838667,0.3273315121466602,112.48658274004133,75.37086603360991,0,0,43,0,21,2,2,0.31891908300167415,0.003145023001707159,0.1520468990020163,0.16373285300142015
instance_n50_s10_seed1009,1009,placement_n50_s10,upgrade-then-downgrade,50,9,10,37,37,0,0,0,0.004570209295733805,0.004570209295733805,0.0,0.0,0.0,0.0,0,0,0,0,0,2,2,0.34328821699818945,0.001957581000169739,0.1677289120016212,0.17358141600197996
instance_n50_s10_seed1009,1009,placement_n50_s10,downgrade-then-upgrade,50,9,10,37,37,0,100,3880,0.004570209295733805,0.009953858595486783,0.0053836492997529775,0.3380553775384333,117.79874730854235,77.84012729264707,20,80,43,0,21,2,2,0.3592112550031743,0.002254843999253353,0.14888893899842515,0.20809857900167117
instance_n50_s10_seed1009,1009,placement_n50_s10,upgrade-then-downgrade,50,9,10,37,37,0,100,100,0.004570209295733805,0.00459431181940299,2.4102523669185076e-05,0.0022843784267959108,0.5273833671399749,0.5259975712297453,60,40,1,0,1,3,3,0.502737745999184,0.002208592999522807,0.15305806200194638,0.3474919840009534
instance_n50_s10_seed1009,1009,placement_n50_s10,downgrade-then-upgrade,50,9,10,37,37,0,300,4080,0.004570209295733805,0.011990817165889792,0.007420607870155987,0.4189126916496497,162.36910368816083,96.45821190584948,220,80,45,0,23,2,2,0.30735959199955687,0.002488891997927567,0.1526193149984465,0.1523474729983718
instance_n50_s10_seed1009,1009,placement_n50_s10,upgrade-then-downgrade,50,9,10,37,37,0,300,300,0.004570209295733805,0.012919866300757588,0.008349657005023783,0.4513219301268302,182.6974754267384,103.92071484513394,260,40,10,3,13,9,9,1.507280947000254,0.003258453001762973,0.1717210269998759,1.3323208619985962
instance_n50_s10_seed1009,1009,placement_n50_s10,downgrade-then-upgrade,50,9,10,37,37,0,600,4380,0.004570209295733805,0.0163139227843999,0.011743713488666097,0.5526223130861425,256.9622686564619,127.24599001680403,580,20,48,0,24,2,2,0.3411424639998586,0.002003714002057677,0.1875089700006356,0.15163506400131155
instance_n50_s10_seed1009,1009,placement_n50_s10,upgrade-then-downgrade,50,9,10,37,37,0,600,600,0.004570209295733805,0.013359638896937562,0.008789429601203758,0.4658586302515675,192.32006747280715,107.26791374598844,530,70,11,2,12,6,6,1.0595037099992624,0.003395686002477305,0.1773039770014293,0.8788004120033293
instance_n50_s10_seed1009,1009,placement_n50_s10,downgrade-then-upgrade,50,9,10,37,37,0,1000,4780,0.004570209295733805,0.021569713349029192,0.016999504053295388,0.6739082842529671,371.96335995299097,155.1731169366076,910,90,51,0,26,2,2,0.332459397999628,0.001874353998573497,0.1542347520007752,0.17638914099734393
instance_n50_s10_seed1009,1009,placement_n50_s10,upgrade-then-downgrade,50,9,10,37,37,0,1000,1000,0.004570209295733805,0.014963546456057521,0.010393337160323715,0.5150984469672326,227.41490570302062,118.60580054111338,980,20,12,0,10,3,3,0.5179139200008649,0.0025053729987121187,0.16751272999681532,0.34790956000142614
instance_n50_s10_seed1010,1010,placement_n50_s10,downgrade-then-upgrade,50,10,10,40,40,0,0,3580,0.0014816035194570474,0.004529752475980124,0.0030481489565230765,0.4853424700732816,205.73310717027113,111.75423365876469,-10,10,42,0,24,2,2,0.32272119099798147,0.0025431290014239494,0.16214061699793092,0.15836367399970186
instance_n50_s10_seed1010,1010,placement_n50_s10,upgrade-then-downgrade,50,10,10,40,40,0,0,0,0.0014816035194570474,0.0038830852468526365,0.002401481727395589,0.41844492390461363,162.08666460752218,96.35050440217911,0,0,10,6,16,12,12,2.0930318210012047,0.0035654709972732235,0.16534664500068175,1.9240953099979379
instance_n50_s10_seed1010,1010,placement_n50_s10,downgrade-then-upgrade,50,10,10,40,40,0,100,3680,0.0014816035194570474,0.004590373005306602,0.003108769485849555,0.4911159759670291,209.82465585589344,113.08363251929032,80,20,43,0,23,2,2,0.3637472930022341,0.0020837049996771384,0.17247016200053622,0.1892285020003328
instance_n50_s10_seed1010,1010,placement_n50_s10,upgrade-then-downgrade,50,10,10,40,40,0,100,100,0.0014816035194570474,0.004261922831911433,0.002780319312454386,0.4588735809602221,187.65609530093917,105.6595467087804,100,0,10,5,15,11,11,2.050398387000314,0.0030532250020769425,0.15786872600074275,1.8894800489979389
instance_n50_s10_seed1010,1010,placement_n50_s10,downgrade-then-upgrade,50,10,10,40,40,0,300,3880,0.0014816035194570474,0.005233280404289483,0.0037516768848324354,0.5480420043081585,253.21733078815078,126.19133494545444,290,10,45,0,24,2,2,0.33256068599803257,0.002293852001457708,0.15460066499872482,0.1756498129980173
instance_n50_s10_seed1010,1010,placement_n50_s10,upgrade-then-downgrade,50,10,10,40,40,0,300,300,0.0014816035194570474,0.006056121340962029,0.004574517821504981,0.6114625671617241,308.75451910247705,140.79445920704566,230,70,11,5,16,10,10,1.8888955729998997,0.0033597939982428215,0.16420765499788104,1.7213527450003312
instance_n50_s10_seed1010,1010,placement_n50_s10,downgrade-then-upgrade,50,10,10,40,40,0,600,4180,0.0014816035194570474,0.005996691927183256,0.004515088407726208,0.607179737076923,304.7433640938448,139.8083011361367,550,50,47,0,22,2,2,0.3401093499996932,0.0029933989972050767,0.1575653580002836,0.17958522899789386
instance_n50_s10_seed1010,1010,placement_n50_s10,upgrade-then-downgrade,50,10,10,40,40,0,600,600,0.0014816035194570474,0.007284189380099571,0.005802585860642523,0.6916492274214477,391.6422838121332,159.25812006414742,530,70,12,3,15,7,7,1.1695913540024776,0.0038002219989721198,0.164016682003421,1.0017726130026858
instance_n50_s10_seed1010,1010,placement_n50_s10,downgrade-then-upgrade,50,10,10,40,40,0,1000,4580,0.0014816035194570474,0.008919699668426824,0.0074380961489697766,0.7796182306911281,502.03013500504926,179.51373162157847,970,30,51,0,20,2,2,0.35120212100082426,0.0020827979969908483,0.19740801399893826,0.1517511630008812
instance_n50_s10_seed1010,1010,placement_n50_s10,upgrade-then-downgrade,50,10,10,40,40,0,1000,1000,0.0014816035194570474,0.008979123052700556,0.007497519533243509,0.7825019223289336,506.04088305561464,180.1777261593787,1000,0,12,0,12,3,3,0.4995643830006884,0.0041217760008294135,0.1633285319985589,0.33218914800090715
instance_n50_s10_seed1011,1011,placement_n50_s10,downgrade-then-upgrade,50,9,10,38,38,0,0,4220,0.002261576634557775,0.0062285277269586315,0.003966951092400856,0.4399740934989305,175.40644131993105,101.3077788994206,-30,30,46,0,26,2,2,0.3119033050024882,0.0027145189960720018,0.15333251399715664,0.1558989599980123
instance_n50_s10_seed1011,1011,placement_n50_s10,upgrade-then-downgrade,50,9,10,38,38,0,0,0,0.002261576634557775,0.00655519985445145,0.004293623219893674,0.462174628367935,189.85088341847157,106.419640964007,-60,60,11,7,18,13,13,2.2104016749981383,0.002329658000235213,0.1530704800024978,2.0550743749990943
instance_n50_s10_seed1011,1011,placement_n50_s10,downgrade-then-upgrade,50,9,10,38,38,0,100,4320,0.002261576634557775,0.006409277159035077,0.0041477005244773026,0.452397743768598,183.39862824450947,104.16843009057135,10,90,46,0,24,2,2,0.3138553669996327,0.00186474599831854,0.1590071579994401,0.15300207800100907
instance_n50_s10_seed1011,1011,placement_n50_s10,upgrade-then-downgrade,50,9,10,38,38,0,100,100,0.002261576634557775,0.006114571715858461,0.003852995081300686,0.431954734466065,170.3676551316199,99.46125324297626,70,30,8,4,12,10,10,1.782902033002756,0.004284781000023941,0.14860930600116262,1.630005605002225
instance_n50_s10_seed1011,1011,placement_n50_s10,downgrade-then-upgrade,50,9,10,38,38,0,300,4520,0.002261576634557775,0.007944928931716375,0.005683352297158599,0.5456787081494823,251.30045165460032,125.64716589492464,270,30,48,0,25,2,2,0.38799202700101887,0.002083571002003737,0.16515844899913645,0.2207971180032473
instance_n50_s10_seed1011,1011,placement_n50_s10,upgrade-then-downgrade,50,9,10,38,38,0,300,300,0.002261576634557775,0.006842496920127333,0.004580920285569558,0.48080330200388244,202.55428074252734,110.7090515856454,230,70,8,3,11,8,8,1.4402715290016204,0.004643222004233394,0.15444257099807146,1.2811315299986745
instance_n50_s10_seed1011,1011,placement_n50_s10,downgrade-then-upgrade,50,9,10,38,38,0,600,4820,0.002261576634557775,0.010134320420027432,0.007872743785469656,0.6513833228000342,348.1086453216333,149.98655289042873,570,30,50,0,24,2,2,0.3450241440004902,0.0021721950033679605,0.16916234299787902,0.1738478950028366
instance_n50_s10_seed1011,1011,placement_n50_s10,upgrade-then-downgrade,50,9,10,38,38,0,600,600,0.002261576634557775,0.010039495481128004,0.007777918846570229,0.6473005799809027,343.9157766188679,149.04646661504268,540,60,11,3,14,7,7,1.2854973290013731,0.0020717950028483756,0.16601314400031697,1.1174088760017185
instance_n50_s10_seed1011,1011,placement_n50_s10,downgrade-then-upgrade,50,9,10,38,38,0,1000,5220,0.002261576634557775,0.013173959593087274,0.010912382958529499,0.7653050184496833,482.51219046854396,176.2179927075774,900,100,53,0,23,2,2,0.34065632300189463,0.001987757997994777,0.16615539400299895,0.17252680100136786
instance_n50_s10_seed1011,1011,placement_n50_s10,upgrade-then-downgrade,50,9,10,38,38,0,1000,1000,0.002261576634557775,0.013189216812193252,0.010927640177635476,0.7658076989085792,483.1868180214131,176.33373916069672,1000,0,13,1,14,5,5,0.9027698440004315,0.0034617239980434533,0.17159980599899427,0.7277762840021751
instance_n50_s10_seed1012,1012,placement_n50_s10,downgrade-then-upgrade,50,8,10,38,38,0,0,3730,0.0027021419751239823,0.007553134555797941,0.004850992580673959,0.44641905767844275,179.5239711803589,102.79178674388314,-40,40,42,0,25,2,2,0.34259154699975625,0.002645939002832165,0.16887916999985464,0.17112474900204688
instance_n50_s10_seed1012,1012,placement_n50_s10,upgrade-then-downgrade,50,8,10,38,38,0,0,0,0.0027021419751239823,0.009412905239371749,0.006710763264247767,0.5420155227710195,248.34976570540329,124.80368629039242,-30,30,12,7,19,14,14,2.6338959239983524,0.0024322969984496012,0.1571573460023501,2.4742738909990294
instance_n50_s10_seed1012,1012,placement_n50_s10,downgrade-then-upgrade,50,8,10,38,38,0,100,3830,0.0027021419751239823,0.007693295815596255,0.004991153840472272,0.45440426799982614,184.71101394453055,104.63044936892709,100,0,43,0,25,2,2,0.32551432800028124,0.001904617001855513,0.15902284299954772,0.1646127300009539
instance_n50_s10_seed1012,1012,placement_n50_s10,upgrade-then-downgrade,50,8,10,38,38,0,100,100,0.0027021419751239823,0.009314109728987548,0.006611967753863566,0.5374331861705778,244.69357327385396,123.74856429566661,30,70,10,5,15,11,11,1.8576565369985474,0.0029408490008790977,0.16460704599739984,1.6899814270000206
instance_n50_s10_seed1012,1012,placement_n50_s10,downgrade-then-upgrade,50,8,10,38,38,0,300,4030,0.0027021419751239823,0.008654957792545782,0.0059528158174218,0.5055567904472071,220.29989068759673,116.40875293456538,220,80,44,0,26,2,2,0.31762971699936315,0.0018137039987777825,0.15840812899841694,0.1574172559994622
instance_n50_s10_seed1012,1012,placement_n50_s10,upgrade-then-downgrade,50,8,10,38,38,0,300,300,0.0027021419751239823,0.011388260214854543,0.008686118239730561,0.6247492180999739,321.4530664818978,143.85382364566857,230,70,12,5,17,11,11,1.9384214179990522,0.004290716002287809,0.16075982099937391,1.774246384997241
instance_n50_s10_seed1012,1012,placement_n50_s10,downgrade-then-upgrade,50,8,10,38,38,0,600,4330,0.0027021419751239823,0.011729372826379163,0.009027230851255182,0.6375666270058051,334.0768521550754,146.8051411134062,540,60,47,0,25,2,2,0.3114600539993262,0.0036220580004737712,0.1638951269997051,0.1439745600000606
instance_n50_s10_seed1012,1012,placement_n50_s10,upgrade-then-downgrade,50,8,10,38,38,0,600,600,0.0027021419751239823,0.014261148987876232,0.01155900701275225,0.7224463531756077,427.7720089900861,166.34942033100657,550,50,12,3,15,8,8,1.347076581998408,0.002990757999214111,0.18905307699969853,1.1550184699990496
instance_n50_s10_seed1012,1012,placement_n50_s10,downgrade-then-upgrade,50,8,10,38,38,0,1000,4730,0.0027021419751239823,0.01642131993773642,0.013719177962612437,0.7836998987119651,507.7149198269998,180.45357041551145,950,50,50,0,26,2,2,0.32236611299958895,0.002025609999691369,0.16162951899968903,0.1587444910001068
instance_n50_s10_seed1012,1012,placement_n50_s10,upgrade-then-downgrade,50,8,10,38,38,0,1000,1000,0.0027021419751239823,0.016124236375499406,0.013422094400375423,0.7757709922739842,496.7205470304563,178.62787223872746,920,80,13,1,14,4,4,0.8992497130020638,0.0025073920005524997,0.20755526999710128,0.6891543920028198
instance_n50_s10_seed1013,1013,placement_n50_s10,downgrade-then-upgrade,50,9,10,38,38,0,0,4740,0.0061019031740217255,0.014858207951001883,0.008756304776980157,0.3865011204033652,143.50120818467417,88.99517182662855,-40,40,49,0,27,2,2,0.3156896330001473,0.0020540819969028234,0.15800229600063176,0.15586361500027124
instance_n50_s10_seed1013,1013,placement_n50_s10,upgrade-then-downgrade,50,9,10,38,38,0,0,0,0.0061019031740217255,0.016295189115271332,0.010193285941249606,0.4265940931672056,167.05092903877195,98.22691996861207,-80,80,9,6,15,11,11,1.886082916000305,0.002245347001007758,0.24563510499865515,1.6381818959998782
instance_n50_s10_seed1013,1013,placement_n50_s10,downgrade-then-upgrade,50,9,10,38,38,0,100,4840,0.0061019031740217255,0.016307789214514257,0.01020588604049253,0.4269297774589732,167.2574236173252,98.3042141332297,70,30,50,0,26,2,2,0.3718931099974725,0.002096543994412059,0.16687156099942513,0.20298865000222577
instance_n50_s10_seed1013,1013,placement_n50_s10,upgrade-then-downgrade,50,9,10,38,38,0,100,100,0.0061019031740217255,0.012845147931470565,0.0067432447574488396,0.3232737982879668,110.51051721301586,74.43654288934366,30,70,6,3,9,8,8,1.373315745000582,0.003739431998837972,0.15639468200242845,1.2131879919979838
instance_n50_s10_seed1013,1013,placement_n50_s10,downgrade-then-upgrade,50,9,10,38,38,0,300,5040,0.0061019031740217255,0.018418208995216095,0.012316305821194369,0.4797820847842488,201.84367843839075,110.47390763098166,220,80,51,0,25,2,2,0.3488754690006317,0.002267615000164369,0.18034739500217256,0.16640201399786747
instance_n50_s10_seed1013,1013,placement_n50_s10,upgrade-then-downgrade,50,9,10,38,38,0,300,300,0.0061019031740217255,0.018598831058493352,0.012496927884471626,0.48402033764472985,204.8037723324767,111.44980141666996,300,0,10,4,14,10,10,1.8126125570015574,0.0017668240034254268,0.16888436600129353,1.6419565480027813
instance_n50_s10_seed1013,1013,placement_n50_s10,downgrade-then-upgrade,50,9,10,38,38,0,600,5340,0.0061019031740217255,0.023942477741330053,0.017840574567308327,0.5937037804338978,292.3772150836952,136.7053474481303,550,50,54,0,26,2,2,0.3218781610012229,0.002172108997910982,0.16002043800108368,0.1598017560027074
instance_n50_s10_seed1013,1013,placement_n50_s10,upgrade-then-downgrade,50,9,10,38,38,0,600,600,0.0061019031740217255,0.01430480690733467,0.008202903733312946,0.370016687973614,134.43188951663524,85.19949098870727,520,80,6,0,6,3,3,0.5198687629999768,0.002783902000373928,0.17959832600172376,0.33750605300156167
instance_n50_s10_seed1013,1013,placement_n50_s10,downgrade-then-upgrade,50,9,10,38,38,0,1000,5740,0.0061019031740217255,0.031797270204087444,0.025695367030065717,0.7169245254932988,421.1041423839911,165.07797252026995,930,70,57,0,24,2,2,0.372923703998822,0.002177640999434516,0.16923940899869194,0.20153910800218
instance_n50_s10_seed1013,1013,placement_n50_s10,upgrade-then-downgrade,50,9,10,38,38,0,1000,1000,0.0061019031740217255,0.023643309015779664,0.017541405841757937,0.588242946543118,287.47433942312966,135.4479439769077,1000,0,12,1,13,5,5,0.8559625779998896,0.0030448019970208406,0.19543432600039523,0.6574763270000403
instance_n50_s10_seed1014,1014,placement_n50_s10,downgrade-then-upgrade,50,10,10,38,38,0,0,4380,0.01071660484659648,0.013536386128434247,0.002819781281837767,0.1014455169526492,26.312263279291393,23.35869350862448,-40,40,49,0,20,2,2,0.2859898560018337,0.0033965360016736668,0.14675778600212652,0.135882037000556
instance_n50_s10_seed1014,1014,placement_n50_s10,upgrade-then-downgrade,50,10,10,38,38,0,0,0,0.01071660484659648,0.01071660484659648,0.0,0.0,0.0,0.0,0,0,0,0,0,2,2,0.3212506769996253,0.0019130409964418504,0.15849110999988625,0.16081130200109328
instance_n50_s10_seed1014,1014,placement_n50_s10,downgrade-then-upgrade,50,10,10,38,38,0,100,4480,0.01071660484659648,0.01485700916535467,0.00414040431875819,0.14187417400825766,38.63541091629551,32.66773581522574,70,30,50,0,21,2,2,0.3448085239979264,0.0020119449982303195,0.18618604199946276,0.1566082520002965
instance_n50_s10_seed1014,1014,placement_n50_s10,upgrade-then-downgrade,50,10,10,38,38,0,100,100,0.01071660484659648,0.016694270543012212,0.0059776656964157324,0.19251023001984285,55.779472901944295,44.327118589254496,50,50,5,2,7,7,7,1.2079546400018444,0.0022896660011610948,0.1423704210028518,1.0632750339973427
instance_n50_s10_seed1014,1014,placement_n50_s10,downgrade-then-upgrade,50,10,10,38,38,0,300,4680,0.01071660484659648,0.017266620700297584,0.006550015853701104,0.20715013160320064,61.120251679162585,47.69808050412846,260,40,51,0,18,2,2,0.34909690099811996,0.002729069998167688,0.14336839300085558,0.2031723099971714
instance_n50_s10_seed1014,1014,placement_n50_s10,upgrade-then-downgrade,50,10,10,38,38,0,300,300,0.01071660484659648,0.019346409976795712,0.008629805130199232,0.25654316956085965,80.52741753317517,59.071247794027926,220,80,7,2,9,6,6,0.9533891070022946,0.0033876699999382254,0.15716145900296397,0.7928271170021617
instance_n50_s10_seed1014,1014,placement_n50_s10,downgrade-then-upgrade,50,10,10,38,38,0,600,4980,0.01071660484659648,0.0224930920367413,0.01177648719014482,0.3219919430247844,109.89009447227079,74.14138480730567,580,20,54,0,19,2,2,0.3136656780006888,0.0018815089970303234,0.15522482599772047,0.1565510139989783
instance_n50_s10_seed1014,1014,placement_n50_s10,upgrade-then-downgrade,50,10,10,38,38,0,600,600,0.01071660484659648,0.024226881881372873,0.013510277034776393,0.3542403046364938,126.06863113990028,81.56684447936601,540,60,7,0,7,3,3,0.5519559749991458,0.002291482000146061,0.18609407299663872,0.3635350990007282
instance_n50_s10_seed1014,1014,placement_n50_s10,downgrade-then-upgrade,50,10,10,38,38,0,1000,5380,0.01071660484659648,0.030760057965496034,0.020043453118899553,0.4579299322662542,187.03174564904498,105.44226356720499,980,20,58,0,20,2,2,0.3228069559991127,0.0030066300023463555,0.14851922199886758,0.1715691160025017
instance_n50_s10_seed1014,1014,placement_n50_s10,upgrade-then-downgrade,50,10,10,38,38,0,1000,1000,0.01071660484659648,0.027813676627186614,0.017097071780590133,0.41420118380098003,159.53813754754657,95.37334713206235,960,40,11,0,10,3,3,0.48795600900120917,0.003510341000946937,0.15063572600047337,0.3337844350025989
instance_n50_s10_seed1015,1015,placement_n50_s10,downgrade-then-upgrade,50,9,10,37,37,0,0,3870,0.0026706459782855057,0.0048564788098611235,0.002185832831575618,0.2597051765143292,81.84659626727736,59.799326801528174,-80,80,42,0,23,2,2,0.3050681220011029,0.0018482880004739854,0.15134826099892962,0.1519057879995671
instance_n50_s10_seed1015,1015,placement_n50_s10,upgrade-then-downgrade,50,9,10,37,37,0,0,0,0.0026706459782855057,0.005568785336416937,0.0028981393581314317,0.31914415556453274,108.51829039474457,73.48565751190658,-60,60,9,6,15,11,11,1.7549774810031522,0.0020948759993189014,0.15271344899883843,1.600144605999958
instance_n50_s10_seed1015,1015,placement_n50_s10,downgrade-then-upgrade,50,9,10,37,37,0,100,3970,0.0026706459782855057,0.005330281620579281,0.002659635642293775,0.3001338335699372,99.58772761042634,69.10836910812934,20,80,43,0,24,2,2,0.30500576400299906,0.0018869820014515426,0.15153866000036942,0.15159130200117943
instance_n50_s10_seed1015,1015,placement_n50_s10,upgrade-then-downgrade,50,9,10,37,37,0,100,100,0.0026706459782855057,0.005703501765626606,0.0030328557873411004,0.32952525871077115,113.56262911672499,75.8759948472428,60,40,7,4,11,9,9,1.623483060997387,0.0035650479985633865,0.19561600199813256,1.42417976300203
instance_n50_s10_seed1015,1015,placement_n50_s10,downgrade-then-upgrade,50,9,10,37,37,0,300,4170,0.0026706459782855057,0.006421070958758511,0.0037504249804730053,0.3809911476811542,140.43137918567152,87.72645372133186,220,80,45,0,24,2,2,0.342592341999989,0.002991760993609205,0.18397247699977015,0.1556597859998874
instance_n50_s10_seed1015,1015,placement_n50_s10,upgrade-then-downgrade,50,9,10,37,37,0,300,300,0.0026706459782855057,0.005634906836055036,0.0029642608577695306,0.3242704184777506,110.99415204678378,74.66602316858095,280,20,5,1,6,5,5,0.7599341800014372,0.0023754829962854274,0.16034168300029705,0.597301970999979
instance_n50_s10_seed1015,1015,placement_n50_s10,downgrade-then-upgrade,50,9,10,37,37,0,600,4470,0.0026706459782855057,0.008607418732744392,0.005936772754458886,0.5082566093724058,222.29725702057146,117.03040921565994,570,30,48,0,25,2,2,0.3061858889996074,0.0020670430021709763,0.15381862800131785,0.15046693700060132
instance_n50_s10_seed1015,1015,placement_n50_s10,upgrade-then-downgrade,50,9,10,37,37,0,600,600,0.0026706459782855057,0.007294063845685922,0.004623417867400417,0.43635323880177534,173.119833365879,100.4740462944639,580,20,7,0,7,3,3,0.5717391059988586,0.001996127000893466,0.1920437230000971,0.37768904399854364
instance_n50_s10_seed1015,1015,placement_n50_s10,downgrade-then-upgrade,50,9,10,37,37,0,1000,4870,0.0026706459782855057,0.011873043062380986,0.00920239708409548,0.6479457213333246,344.5757003705602,149.19501590113873,970,30,51,0,24,2,2,0.405631515001005,0.0017754949985828716,0.27739627600021777,0.126487918998464
instance_n50_s10_seed1015,1015,placement_n50_s10,upgrade-then-downgrade,50,9,10,37,37,0,1000,1000,0.0026706459782855057,0.00899435019965088,0.006323704221365375,0.5273534714235477,236.7855669670246,121.42762420385225,920,80,10,0,10,3,3,0.5239801829993667,0.005468803999974625,0.21195168600024772,0.30656868999722064
instance_n50_s10_seed1016,1016,placement_n50_s10,downgrade-then-upgrade,50,10,10,37,37,0,0,4060,0.0032211141859177293,0.0070905282101733705,0.003869414024255641,0.34267246874959345,120.1265711464744,78.90325183222818,-80,80,44,0,26,2,2,0.3215208799992979,0.001752144999045413,0.16543528200054425,0.1543445579991385
instance_n50_s10_seed1016,1016,placement_n50_s10,upgrade-then-downgrade,50,10,10,37,37,0,0,0,0.0032211141859177293,0.008156565511513295,0.004935451325595565,0.40350120819822854,153.22186798508054,92.90958670023278,0,0,7,4,11,9,9,1.5211063630013086,0.003137464002065826,0.16295036599694868,1.3550740020000376
instance_n50_s10_seed1016,1016,placement_n50_s10,downgrade-then-upgrade,50,10,10,37,37,0,100,4160,0.0032211141859177293,0.00778228705994638,0.00456117287402865,0.38310112580520145,141.60233418515475,88.21229413882934,20,80,45,0,25,2,2,0.4061771350025083,0.0018656560023373459,0.22635323199938284,0.17799301799823297
instance_n50_s10_seed1016,1016,placement_n50_s10,upgrade-then-downgrade,50,10,10,37,37,0,100,100,0.0032211141859177293,0.009352861786535244,0.006131747600617514,0.4629383960500961,190.36107528955898,106.5955049719525,80,20,8,4,12,10,10,1.6964056399992842,0.0018158669990953058,0.15505987200231175,1.5394788519988651
instance_n50_s10_seed1016,1016,placement_n50_s10,downgrade-then-upgrade,50,10,10,37,37,0,300,4360,0.0032211141859177293,0.009374855024623097,0.006153740838705367,0.46395843991641805,191.04385884886293,106.83037875203179,220,80,47,0,23,2,2,0.4072469299971999,0.0018881260002672207,0.16029805600192049,0.24506922199725523
instance_n50_s10_seed1016,1016,placement_n50_s10,upgrade-then-downgrade,50,10,10,37,37,0,300,300,0.0032211141859177293,0.009965153704898054,0.006744039518980324,0.4904778812653452,209.36977485816377,112.93670578448874,260,40,10,4,14,10,10,1.6399558079974668,0.0032830829986778554,0.1658686270020553,1.4708109210005205
instance_n50_s10_seed1016,1016,placement_n50_s10,downgrade-then-upgrade,50,10,10,37,37,0,600,4660,0.0032211141859177293,0.01195829258227357,0.00873717839635584,0.5696630545669699,271.247086941332,131.16976574753582,520,80,49,0,24,2,2,0.36472125299769687,0.0018682859954424202,0.1960057059986866,0.16687770799762802
instance_n50_s10_seed1016,1016,placement_n50_s10,upgrade-then-downgrade,50,10,10,37,37,0,600,600,0.0032211141859177293,0.012132853706269448,0.008911739520351718,0.5759568405740755,276.6663646794213,132.61896353138144,590,10,9,1,10,5,5,0.8491963759988721,0.0032170190024771728,0.1705775310001627,0.6753566740007955
instance_n50_s10_seed1016,1016,placement_n50_s10,downgrade-then-upgrade,50,10,10,37,37,0,1000,5060,0.0032211141859177293,0.01733481192247249,0.01411369773655476,0.7309130135685888,438.1619812876525,168.29894093183876,980,20,53,0,26,2,2,0.32458412799678626,0.0020044769989908673,0.16497090900156763,0.15761820999978227
instance_n50_s10_seed1016,1016,placement_n50_s10,upgrade-then-downgrade,50,10,10,37,37,0,1000,1000,0.0032211141859177293,0.01683244629422037,0.013611332108302641,0.7181411169935842,422.5659608035482,165.35810306555197,1000,0,13,1,13,5,5,0.80106524599978,0.0026581270030874293,0.16570929999943473,0.6327073680004105
instance_n100_s15_seed42,42,placement_n100_s15,downgrade-then-upgrade,100,14,15,59,59,0,0,5430,0.00014515043453416817,0.0008072643403025761,0.000662113905768408,0.7451974282875649,456.1570262557825,171.5880489712446,-10,10,64,0,41,2,2,0.4482137779996265,0.0029940870008431375,0.23780894200172042,0.20749736099969596
instance_n100_s15_seed42,42,placement_n100_s15,upgrade-then-downgrade,100,14,15,59,59,0,0,0,0.00014515043453416817,0.00014515043453416817,0.0,0.0,0.0,0.0,0,0,0,0,0,2,2,0.4410438260019873,0.0034919639983854722,0.20987742200304638,0.22762814599991543
instance_n100_s15_seed42,42,placement_n100_s15,downgrade-then-upgrade,100,14,15,59,59,0,100,5530,0.00014515043453416817,0.0007308840029497778,0.0005857335684156097,0.7020301161615667,403.5355252606763,161.64840803065016,10,90,64,0,40,2,2,0.4652254200009338,0.0031659050000598654,0.24106194699925254,0.22105213400209323
instance_n100_s15_seed42,42,placement_n100_s15,upgrade-then-downgrade,100,14,15,59,59,0,100,100,0.00014515043453416817,0.0007198751471120516,0.0005747247125778834,0.6954388399804192,395.9510795970742,160.1307106027985,40,60,15,7,22,15,15,3.412094975999935,0.0035865460013155825,0.21479112999804784,3.193689447998622
instance_n100_s15_seed42,42,placement_n100_s15,downgrade-then-upgrade,100,14,15,59,59,0,300,5730,0.00014515043453416817,0.0007582612755610672,0.000613110841026899,0.7180005368043334,422.3968347008797,165.32573328073806,290,10,66,0,39,2,2,0.5599002119997749,0.003338163998705568,0.22249853100220207,0.3340960589994211
instance_n100_s15_seed42,42,placement_n100_s15,upgrade-then-downgrade,100,14,15,59,59,0,300,300,0.00014515043453416817,0.0008277620045610976,0.0006826115700269294,0.7560871474864117,470.2786954910863,174.09549948066018,290,10,16,6,22,14,14,3.2106636349999462,0.0042650250034057535,0.24900922700180672,2.9573925969998527
instance_n100_s15_seed42,42,placement_n100_s15,downgrade-then-upgrade,100,14,15,59,59,0,600,6030,0.00014515043453416817,0.0007866640392935304,0.0006415136047593622,0.7339709574471002,441.96464641540626,169.003058530826,570,30,68,0,39,2,2,0.5045053270005155,0.003028761999303242,0.27244745200005127,0.22904456299875164
instance_n100_s15_seed42,42,placement_n100_s15,upgrade-then-downgrade,100,14,15,59,59,0,600,600,0.00014515043453416817,0.0009576677771143768,0.0008125173425802086,0.8193965345425179,559.7760318030212,188.67302456885824,590,10,15,3,18,9,9,2.139296122997621,0.005028125997341704,0.22140670900262194,1.912894362998486
instance_n100_s15_seed42,42,placement_n100_s15,downgrade-then-upgrade,100,14,15,59,59,0,1000,6430,0.00014515043453416817,0.001014097128488767,0.0008689466939545989,0.844261212663246,598.6524923217163,194.3983282871466,950,50,71,0,40,2,2,0.525792240001465,0.003223991996492259,0.2824261599998863,0.24017253900092328
instance_n100_s15_seed42,42,placement_n100_s15,upgrade-then-downgrade,100,14,15,59,59,0,1000,1000,0.00014515043453416817,0.0011354585753129765,0.0009903081407788084,0.8933529542651225,682.2632973556076,205.70211952730625,950,50,17,2,19,7,7,1.6120922910013178,0.002803233997838106,0.23744437900313642,1.3718482510012109
instance_n100_s15_seed123,123,placement_n100_s15,downgrade-then-upgrade,100,13,15,55,55,0,0,6200,0.0004275267585528752,0.0013576247052843728,0.0009300979467314976,0.5018164303721189,217.55315383761317,115.54750319943254,0,0,68,0,36,2,2,0.4314680159986892,0.0028575350006576627,0.21805625300112297,0.21059053000135464
instance_n100_s15_seed123,123,placement_n100_s15,upgrade-then-downgrade,100,13,15,55,55,0,0,0,0.0004275267585528752,0.0004275267585528752,0.0,0.0,0.0,0.0,0,0,0,0,0,2,2,0.5129689349996625,0.002822919996106066,0.2514174629977788,0.25872520199845894
instance_n100_s15_seed123,123,placement_n100_s15,downgrade-then-upgrade,100,13,15,55,55,0,100,6300,0.0004275267585528752,0.0013970224418298823,0.0009694956832770071,0.5142400806417871,226.76842183133266,118.40815439058349,40,60,68,0,36,2,2,0.4661451899992244,0.004034845002024667,0.2220258159977675,0.24008909099939046
instance_n100_s15_seed123,123,placement_n100_s15,upgrade-then-downgrade,100,13,15,55,55,0,100,100,0.0004275267585528752,0.0004350963784790595,7.569619926184302e-06,0.0076221664073310305,1.7705605028809241,1.7550686745840414,60,40,1,0,1,3,3,0.7413235009989876,0.004436283001268748,0.22597152800153708,0.5109185870023794
instance_n100_s15_seed123,123,placement_n100_s15,downgrade-then-upgrade,100,13,15,55,55,0,300,6500,0.0004275267585528752,0.0017317466136886894,0.0013042198551358143,0.6075210450226703,305.06157311660115,139.8868901949365,300,0,70,0,35,2,2,0.4672725870004797,0.003606362995924428,0.2316490929988504,0.23205285199946957
instance_n100_s15_seed123,123,placement_n100_s15,upgrade-then-downgrade,100,13,15,55,55,0,300,300,0.0004275267585528752,0.0012029171096276045,0.0007753903510747293,0.449272400039221,181.36650760746042,103.44879310239676,240,60,11,4,15,10,10,2.4052757709978323,0.004434626000147546,0.2333271909992618,2.167531633996987
instance_n100_s15_seed123,123,placement_n100_s15,downgrade-then-upgrade,100,13,15,55,55,0,600,6800,0.0004275267585528752,0.0022089656459176443,0.0017814388873647691,0.7132256596732222,416.684769251571,164.22627719044058,600,0,72,0,35,2,2,0.4847947399975965,0.0047293390016420744,0.25117904799844837,0.2289141799992649
instance_n100_s15_seed123,123,placement_n100_s15,upgrade-then-downgrade,100,13,15,55,55,0,600,600,0.0004275267585528752,0.0014728153182583376,0.0010452885597054624,0.5371849904166808,244.4966399866137,123.69141511135986,530,70,11,2,13,6,6,1.4184241229995678,0.004224312004225794,0.22783180999977048,1.1865054980007699
instance_n100_s15_seed123,123,placement_n100_s15,downgrade-then-upgrade,100,13,15,55,55,0,1000,7200,0.0004275267585528752,0.0030470394262947778,0.0026195126677419026,0.8529147716341405,612.7131496069688,196.3908838759193,1000,0,75,0,34,2,2,0.4562187299998186,0.002956631997221848,0.22875081099846284,0.22455522599921096
instance_n100_s15_seed123,123,placement_n100_s15,upgrade-then-downgrade,100,13,15,55,55,0,1000,1000,0.0004275267585528752,0.0033541760391893934,0.0029266492806365183,0.8946225501463076,684.5534746276143,205.99445478232062,1000,0,18,3,21,8,8,1.8240076529982616,0.0027871349957422353,0.21452021400182275,1.6066804119982407
instance_n100_s15_seed999,999,placement_n100_s15,downgrade-then-upgrade,100,13,15,57,57,0,0,6380,0.00012046027129630017,0.0005782622026609005,0.00045780193136460033,0.6812809692125052,380.0439152577779,156.870740384925,-80,80,68,0,45,2,2,0.42809534200205235,0.0027955330042459536,0.19995368600211805,0.22538938400248298
instance_n100_s15_seed999,999,placement_n100_s15,upgrade-then-downgrade,100,13,15,57,57,0,0,0,0.00012046027129630017,0.00012046027129630017,0.0,0.0,0.0,0.0,0,0,0,0,0,2,2,0.4656366060007713,0.003957646000344539,0.2523938310005178,0.20928642700164346
instance_n100_s15_seed999,999,placement_n100_s15,downgrade-then-upgrade,100,13,15,57,57,0,100,6480,0.00012046027129630017,0.0006346780273107448,0.0005142177560144446,0.7217096262681136,426.87746796585395,166.17978269152624,20,80,69,0,45,2,2,0.49761224100075196,0.0028034670031047426,0.22589941800106317,0.2689606810017722
instance_n100_s15_seed999,999,placement_n100_s15,upgrade-then-downgrade,100,13,15,57,57,0,100,100,0.00012046027129630017,0.0003971563580908927,0.0002766960867945925,0.5181176826394495,229.69904003785103,119.3010052462216,50,50,11,5,16,12,12,2.6683848859975114,0.004271470999810845,0.2289571840010467,2.435143942999275
instance_n100_s15_seed999,999,placement_n100_s15,downgrade-then-upgrade,100,13,15,57,57,0,300,6680,0.00012046027129630017,0.0007645585992291842,0.000644098327932884,0.8025669403793302,534.6977231593426,184.79786730472867,220,80,71,0,44,2,2,0.45997511799942004,0.005734296999435173,0.2390248059964506,0.21527395999873988
instance_n100_s15_seed999,999,placement_n100_s15,upgrade-then-downgrade,100,13,15,57,57,0,300,300,0.00012046027129630017,0.00045882420514585493,0.00033836393384955476,0.5808024839824679,280.89255503772665,133.73471415919437,250,50,10,3,13,8,8,1.8576997480013233,0.00518243300030008,0.2698693460006325,1.582666660000541
instance_n100_s15_seed999,999,placement_n100_s15,downgrade-then-upgrade,100,13,15,57,57,0,600,6980,0.00012046027129630017,0.0009752487267122708,0.0008547884554159707,0.9082715550298812,709.6019677005531,209.13725430023254,520,80,73,0,44,2,2,0.4683019100011734,0.0029280429989739787,0.23964389999673585,0.22580279899921152
instance_n100_s15_seed999,999,placement_n100_s15,upgrade-then-downgrade,100,13,15,57,57,0,600,600,0.00012046027129630017,0.0011753925540131586,0.0010549322827168583,0.9893390982396231,875.7512093941795,227.80374595227278,590,10,21,8,29,16,16,3.392598858998099,0.004112242993869586,0.2592222370003583,3.129255777999788
instance_n100_s15_seed999,999,placement_n100_s15,downgrade-then-upgrade,100,13,15,57,57,0,1000,7380,0.00012046027129630017,0.0014563094593859735,0.0013358491880896732,1.0824098335219823,1108.9541586734767,249.23407471778827,1000,0,77,0,43,2,2,0.4086061400012113,0.0036399279997567646,0.19996238099702168,0.20506303499860223
instance_n100_s15_seed999,999,placement_n100_s15,upgrade-then-downgrade,100,13,15,57,57,0,1000,1000,0.00012046027129630017,0.0007353493567066122,0.000614889085410312,0.7856498798917011,510.44969332490433,180.90257017511934,920,80,14,1,15,5,5,1.074713308000355,0.00435741399996914,0.23390687400024035,0.8364479480005684
instance_n100_s15_seed1000,1000,placement_n100_s15,downgrade-then-upgrade,100,13,15,56,56,0,0,6430,0.0002106784391786656,0.0009234925617174846,0.000712814122538819,0.641813309554116,338.3422268162514,147.78297590644803,-30,30,68,0,42,2,2,0.5225581679987954,0.0028970860003028065,0.262609817997145,0.25709096400169074
instance_n100_s15_seed1000,1000,placement_n100_s15,upgrade-then-downgrade,100,13,15,56,56,0,0,0,0.0002106784391786656,0.0002106784391786656,0.0,0.0,0.0,0.0,0,0,0,0,0,2,2,0.47932242900060373,0.0043673779982782435,0.18467444999987492,0.29021574199941824
instance_n100_s15_seed1000,1000,placement_n100_s15,downgrade-then-upgrade,100,13,15,56,56,0,100,6530,0.0002106784391786656,0.001013589397006996,0.0008029109578283303,0.6822419666097245,381.1073221153982,157.0920182130493,80,20,69,0,41,2,2,0.49679480499980855,0.0029911220008216333,0.2533988219984167,0.24050954799895408
instance_n100_s15_seed1000,1000,placement_n100_s15,upgrade-then-downgrade,100,13,15,56,56,0,100,100,0.0002106784391786656,0.000512933098349614,0.00030225465917094836,0.38644063175134624,143.46729563276367,88.98124379978513,80,20,7,3,10,9,9,1.8199925260014425,0.0040630209987284616,0.21215726700029336,1.6037789280017023
instance_n100_s15_seed1000,1000,placement_n100_s15,downgrade-then-upgrade,100,13,15,56,56,0,300,6730,0.0002106784391786656,0.001177980269728491,0.0009673018305498254,0.7475179242046678,459.1366037838861,172.1223629019521,270,30,70,0,41,2,2,0.40409579900006065,0.0044875210005557165,0.2067087210016325,0.19295957899885252
instance_n100_s15_seed1000,1000,placement_n100_s15,upgrade-then-downgrade,100,13,15,56,56,0,300,300,0.0002106784391786656,0.0008990886865166113,0.0006884102473379457,0.6301824406454131,326.7587561507137,145.1048693696733,250,50,12,5,17,11,11,2.1818154319989844,0.004318514998885803,0.18231131400170852,1.9952224320004461
instance_n100_s15_seed1000,1000,placement_n100_s15,downgrade-then-upgrade,100,13,15,56,56,0,600,7030,0.0002106784391786656,0.0015574854119790593,0.0013468069728003937,0.8688038953714925,639.2713834652229,200.04948982175569,600,0,73,0,40,2,2,0.434636218000378,0.0027362250002624933,0.23611939300099039,0.19586080299995956
instance_n100_s15_seed1000,1000,placement_n100_s15,upgrade-then-downgrade,100,13,15,56,56,0,600,600,0.0002106784391786656,0.001659557083576085,0.0014488786443974193,0.896372103168331,687.7204188743298,206.39730425311197,590,10,20,8,28,16,16,3.268731934000243,0.0051589889990282245,0.20259261899991543,3.060930054001801
instance_n100_s15_seed1000,1000,placement_n100_s15,downgrade-then-upgrade,100,13,15,56,56,0,1000,7430,0.0002106784391786656,0.0020246300722529826,0.001813951633074317,0.9827255910211415,861.0048755563437,226.28092963890438,930,70,76,0,42,2,2,0.37866942799882963,0.004795900000317488,0.1827792190015316,0.19116507299986552
instance_n100_s15_seed1000,1000,placement_n100_s15,upgrade-then-downgrade,100,13,15,56,56,0,1000,1000,0.0002106784391786656,0.001098031903096947,0.0008873534639182814,0.7169948664307108,421.188550369771,165.09416911966113,1000,0,12,0,12,3,3,0.5885731180023868,0.004896184003882809,0.1962603849970037,0.38746672599882004
instance_n100_s15_seed1001,1001,placement_n100_s15,downgrade-then-upgrade,100,14,15,57,57,0,0,6080,0.00014045859830915625,0.0005064140382499942,0.00036595543994083794,0.5569574060987957,260.5432806152259,128.2441820715718,-50,50,67,0,39,2,2,0.44350742399910814,0.0065343339992978144,0.23771626999950968,0.1998679770003946
instance_n100_s15_seed1001,1001,placement_n100_s15,upgrade-then-downgrade,100,14,15,57,57,0,0,0,0.00014045859830915625,0.00014045859830915625,0.0,0.0,0.0,0.0,0,0,0,0,0,2,2,0.4592613450004137,0.00423724899883382,0.20926916399912443,0.24574903000029735
instance_n100_s15_seed1001,1001,placement_n100_s15,downgrade-then-upgrade,100,14,15,57,57,0,100,6180,0.00014045859830915625,0.0005558202858841393,0.0004153616875749831,0.5973860631544035,295.71823482158896,137.55322437817287,50,50,68,0,38,2,2,0.4538918799989915,0.0029290679995028768,0.23317564399985713,0.2177535250011715
instance_n100_s15_seed1001,1001,placement_n100_s15,upgrade-then-downgrade,100,14,15,57,57,0,100,100,0.00014045859830915625,0.0004196950843508704,0.0002792364860417141,0.4753855524889599,198.80341211087764,109.46156865858177,60,40,9,4,13,10,10,2.1081715100008296,0.0038556319996132515,0.2192851330000849,1.8850146320000931
instance_n100_s15_seed1001,1001,placement_n100_s15,downgrade-then-upgrade,100,14,15,57,57,0,300,6380,0.00014045859830915625,0.0006695634020912466,0.0005291048037820903,0.6782433772656211,376.69805206051166,156.17130899137555,250,50,70,0,37,2,2,0.3958098279981641,0.0030011919989192393,0.17656830199848628,0.21630512699994142
instance_n100_s15_seed1001,1001,placement_n100_s15,upgrade-then-downgrade,100,14,15,57,57,0,300,300,0.00014045859830915625,0.00044285124206350717,0.0003023926437543509,0.49870953697114107,215.28952117888142,114.83211455637124,280,20,10,3,13,9,9,1.9674507210002048,0.004301241999201011,0.20444843399673118,1.7587006539979484
instance_n100_s15_seed1001,1001,placement_n100_s15,downgrade-then-upgrade,100,14,15,57,57,0,600,6680,0.00014045859830915625,0.0008975469367861566,0.0007570883384770004,0.805508838956872,539.0117426706851,185.4752644857035,600,0,73,0,37,2,2,0.4157971099994029,0.0039045869998517446,0.1881066389978514,0.22379938900121488
instance_n100_s15_seed1001,1001,placement_n100_s15,upgrade-then-downgrade,100,14,15,57,57,0,600,600,0.00014045859830915625,0.0004833231113282223,0.00034286451301906605,0.5366892324257984,244.10361284141854,123.577262615406,590,10,10,1,11,5,5,1.141581332001806,0.004615726003976306,0.20909373099857476,0.9278855030024715
instance_n100_s15_seed1001,1001,placement_n100_s15,downgrade-then-upgrade,100,14,15,57,57,0,1000,7080,0.00014045859830915625,0.0012044459065886537,0.0010639873082794974,0.9332389698689373,757.5095587509775,214.88621402213343,940,60,76,0,35,2,2,0.42747485899963067,0.003034641998965526,0.20421309400262544,0.22027448500011815
instance_n100_s15_seed1001,1001,placement_n100_s15,upgrade-then-downgrade,100,14,15,57,57,0,1000,1000,0.00014045859830915625,0.0012161210383357306,0.0010756624400265742,0.937428471526386,765.8217104366857,215.85088242848497,980,20,18,4,21,9,9,2.095927839000069,0.003766652000194881,0.20909758700145176,1.8830783810008143
instance_n100_s15_seed1002,1002,placement_n100_s15,downgrade-then-upgrade,100,14,15,60,60,0,0,5680,8.333684546538908e-05,0.00030791093232918304,0.00022457408686379394,0.5675880515726188,269.4775469477815,130.69197865126478,-10,10,67,0,41,2,2,0.45939389299746836,0.0033077519983635284,0.2499543439989793,0.2062035390008532
instance_n100_s15_seed1002,1002,placement_n100_s15,upgrade-then-downgrade,100,14,15,60,60,0,0,0,8.333684546538908e-05,0.0004159894185735508,0.0003326525731081617,0.6982452265576009,399.1662646341909,160.77690499257818,0,0,17,9,26,18,18,4.2856606540008215,0.0031001049974292982,0.23355204800100182,4.049016081000445
instance_n100_s15_seed1002,1002,placement_n100_s15,downgrade-then-upgrade,100,14,15,60,60,0,100,5780,8.333684546538908e-05,0.0002787775497285071,0.000195440704263118,0.5244207394466215,234.51896117700684,120.7523377106705,10,90,67,0,42,2,2,0.5254798649984878,0.004862745001446456,0.2872287320024043,0.23534283000117284
instance_n100_s15_seed1002,1002,placement_n100_s15,upgrade-then-downgrade,100,14,15,60,60,0,100,100,8.333684546538908e-05,0.000352349851027904,0.0002690130055625149,0.6261370350538339,322.80200199591144,144.17338030864482,40,60,12,5,17,13,13,2.9149136259984516,0.005584669001109432,0.20104020800135913,2.708331574998738
instance_n100_s15_seed1002,1002,placement_n100_s15,downgrade-then-upgrade,100,14,15,60,60,0,300,5980,8.333684546538908e-05,0.0003528278363751414,0.0002694909909097523,0.6267257843413836,323.3755602396488,144.30894484194712,250,50,69,0,40,2,2,0.4398604250018252,0.003161832002660958,0.2133333269994182,0.22342801499689813
instance_n100_s15_seed1002,1002,placement_n100_s15,upgrade-then-downgrade,100,14,15,60,60,0,300,300,8.333684546538908e-05,0.0005285914753627965,0.00044525462989740736,0.8022830977886188,534.2830382058648,184.73251013291582,250,50,16,6,22,14,14,3.2489238759990258,0.005204365999816218,0.25267486200027633,2.9910781450016657
instance_n100_s15_seed1002,1002,placement_n100_s15,downgrade-then-upgrade,100,14,15,60,60,0,600,6280,8.333684546538908e-05,0.0004781593781928127,0.0003948225327274236,0.7587356208999808,473.76707208265844,174.70533302078775,570,30,72,0,40,2,2,0.4593398469987733,0.0029787599960400257,0.24771086200053105,0.2087558839994017
instance_n100_s15_seed1002,1002,placement_n100_s15,upgrade-then-downgrade,100,14,15,60,60,0,600,600,8.333684546538908e-05,0.0005661832052264369,0.0004828463597610478,0.8321199255191516,579.3912129318363,191.6026936083714,600,0,13,2,15,7,7,1.6242550589995517,0.00474222900083987,0.212245262999204,1.4072664810009883
instance_n100_s15_seed1002,1002,placement_n100_s15,downgrade-then-upgrade,100,14,15,60,60,0,1000,6680,8.333684546538908e-05,0.0006938846916642651,0.0006105478461988761,0.9204502491224142,732.6265384648436,211.94150224719266,970,30,76,0,38,2,2,0.4673768949978694,0.0029309849996934645,0.2033723109998391,0.2611929140002758
instance_n100_s15_seed1002,1002,placement_n100_s15,upgrade-then-downgrade,100,14,15,60,60,0,1000,1000,8.333684546538908e-05,0.0008356113030985429,0.0007522744576331539,1.0011672487758931,902.6913047069721,230.52727826252325,960,40,17,2,19,7,7,1.627990127002704,0.004737093000585446,0.21873067999695195,1.4041108940000413
instance_n100_s15_seed1003,1003,placement_n100_s15,downgrade-then-upgrade,100,14,15,59,59,0,0,6010,0.00030159196282215385,0.00035841406913954385,5.682210631739e-05,0.07496528530307713,18.84072300391423,17.2613948430911,-10,10,68,0,37,2,2,0.4407000829996832,0.0032569609975325875,0.22882500100240577,0.2086488710010599
instance_n100_s15_seed1003,1003,placement_n100_s15,upgrade-then-downgrade,100,14,15,59,59,0,0,0,0.00030159196282215385,0.0004980517382074717,0.00019645977538531787,0.21785469636989527,65.1409187257316,50.16289763000648,-30,30,5,3,8,7,7,1.572644632000447,0.0031628889992134646,0.2043198850005865,1.3651509560004342
instance_n100_s15_seed1003,1003,placement_n100_s15,downgrade-then-upgrade,100,14,15,59,59,0,100,6110,0.00030159196282215385,0.00039338129539706054,9.178933257490669e-05,0.11539394235868551,30.434939882344956,26.570437149692346,90,10,69,0,36,2,2,0.445195928998146,0.002768148999166442,0.20526527399852057,0.2371714079999947
instance_n100_s15_seed1003,1003,placement_n100_s15,upgrade-then-downgrade,100,14,15,59,59,0,100,100,0.00030159196282215385,0.0006300198153296775,0.0003284278525075236,0.31993444530044846,108.89807852777385,73.66762844841315,70,30,8,4,12,10,10,2.2355099259984854,0.005543863997445442,0.2160167479996744,2.0139237080002204
instance_n100_s15_seed1003,1003,placement_n100_s15,downgrade-then-upgrade,100,14,15,59,59,0,300,6310,0.00030159196282215385,0.0004425539573216929,0.00014096199449953903,0.16654646480606658,46.739307367638006,38.348740715330635,210,90,70,0,35,2,2,0.4906259479976143,0.009028213000419782,0.23085844500019448,0.25079369499871973
instance_n100_s15_seed1003,1003,placement_n100_s15,upgrade-then-downgrade,100,14,15,59,59,0,300,300,0.00030159196282215385,0.0007050221742974957,0.0004034302114753419,0.36878301283826515,133.76689740012773,84.9154267910821,230,70,8,3,11,7,7,1.5426053030023468,0.004783381002198439,0.2029752919988823,1.3348207180024474
instance_n100_s15_seed1003,1003,placement_n100_s15,downgrade-then-upgrade,100,14,15,59,59,0,600,6610,0.00030159196282215385,0.0005851297770046759,0.000283537814182522,0.2878324359728911,94.01371692047437,66.27586763513422,510,90,73,0,34,2,2,0.4348173569997016,0.0028433969964680728,0.21379320599953644,0.2182204089986044
instance_n100_s15_seed1003,1003,placement_n100_s15,upgrade-then-downgrade,100,14,15,59,59,0,600,600,0.00030159196282215385,0.0008101689387475473,0.0005085769759253934,0.4291558248900873,168.63081203039116,98.8167804963478,520,80,8,1,9,4,4,0.8618988960006391,0.0049632960035523865,0.20585881000079098,0.6511878329984029
instance_n100_s15_seed1003,1003,placement_n100_s15,downgrade-then-upgrade,100,14,15,59,59,0,1000,7010,0.00030159196282215385,0.0008737566180609021,0.0005721646552387482,0.46197071446499205,189.7148219351418,106.37268805268994,960,40,77,0,36,2,2,0.42956063100064057,0.0035686019982676953,0.21494047400119598,0.21148943699881784
instance_n100_s15_seed1003,1003,placement_n100_s15,upgrade-then-downgrade,100,14,15,59,59,0,1000,1000,0.00030159196282215385,0.0012349027284007143,0.0009333107655785604,0.6122129863993538,309.4614182835255,140.96724962205184,970,30,14,2,15,6,6,1.3670457959997293,0.006467507999332156,0.20255193900084123,1.1580074459998286
instance_n100_s15_seed1004,1004,placement_n100_s15,downgrade-then-upgrade,100,14,15,62,62,0,0,6000,6.41206026905845e-05,0.00023135258911553607,0.0001672319864249516,0.5572767683664683,260.8085067945065,128.3177179512526,-20,20,69,0,41,2,2,0.4668399270012742,0.003130154003883945,0.22297249199982616,0.24078942900086986
instance_n100_s15_seed1004,1004,placement_n100_s15,upgrade-then-downgrade,100,14,15,62,62,0,0,0,6.41206026905845e-05,0.00028321743547151236,0.00021909683278092788,0.645122390160948,341.69490551763045,148.5449198741287,-50,50,12,6,18,13,13,2.921579606998421,0.0028586080006789416,0.20998193400009768,2.708688536000409
instance_n100_s15_seed1004,1004,placement_n100_s15,downgrade-then-upgrade,100,14,15,62,62,0,100,6100,6.41206026905845e-05,0.0002602716627549782,0.0001961510600643937,0.6084292908138499,305.90957014382,140.09602151689097,100,0,70,0,40,2,2,0.4850874030016712,0.0038353179988916963,0.2220521950002876,0.25917512500018347
instance_n100_s15_seed1004,1004,placement_n100_s15,upgrade-then-downgrade,100,14,15,62,62,0,100,100,6.41206026905845e-05,0.00028623038691269866,0.00022210978422211418,0.649718141850097,346.3937874912222,149.60313080718242,40,60,13,6,19,14,14,3.3485564069997054,0.004867340001510456,0.1960547909984598,3.1476592060025723
instance_n100_s15_seed1004,1004,placement_n100_s15,downgrade-then-upgrade,100,14,15,62,62,0,300,6300,6.41206026905845e-05,0.0002651014461875444,0.0002009808434969599,0.6164145011352324,313.44191268257066,141.93468414193475,240,60,71,0,40,2,2,0.39936529799888376,0.003225968001061119,0.21482922999712173,0.1813827730002231
instance_n100_s15_seed1004,1004,placement_n100_s15,upgrade-then-downgrade,100,14,15,62,62,0,300,300,6.41206026905845e-05,0.0003546640107463555,0.000290543408055771,0.7428195252365821,453.1202076465114,171.04051655946682,270,30,12,4,16,10,10,2.5613971800012223,0.005017411003791494,0.24365230799958226,2.313101853000262
instance_n100_s15_seed1004,1004,placement_n100_s15,downgrade-then-upgrade,100,14,15,62,62,0,600,6600,6.41206026905845e-05,0.00037745889505999943,0.00031333829236941495,0.769872068477376,488.6702233312378,177.26959483884968,600,0,74,0,42,2,2,0.4311557349974464,0.004013085999758914,0.21540045000074315,0.2118359430023702
instance_n100_s15_seed1004,1004,placement_n100_s15,upgrade-then-downgrade,100,14,15,62,62,0,600,600,6.41206026905845e-05,0.00038535608859940565,0.00032123548590882116,0.7788646294212217,500.9863794620751,179.34020851656368,530,70,12,2,14,7,7,1.4394384600018384,0.0029526539983635303,0.18657164799878956,1.2498397039998963
instance_n100_s15_seed1004,1004,placement_n100_s15,downgrade-then-upgrade,100,14,15,62,62,0,1000,7000,6.41206026905845e-05,0.0005374365908178499,0.0004733159881272654,0.9233296358195191,738.1652203290463,212.6045055357646,960,40,77,0,44,2,2,0.446906677003426,0.002927467998233624,0.2011442930015619,0.24283061099777115
instance_n100_s15_seed1004,1004,placement_n100_s15,upgrade-then-downgrade,100,14,15,62,62,0,1000,1000,6.41206026905845e-05,0.00047650016823090624,0.00041237956554032176,0.871065462526706,643.1311438700433,200.5702349035957,970,30,15,1,16,5,5,1.1569132969998464,0.004154334998020204,0.23239570999794523,0.9202429730030417
instance_n100_s15_seed1005,1005,placement_n100_s15,downgrade-then-upgrade,100,14,15,59,59,0,0,5230,3.1766156339972815e-05,0.00022331748179028012,0.0001915513254503073,0.8469580529548778,603.004415769589,195.01929871251633,0,0,61,0,38,2,2,0.3839109830005327,0.004724330003227806,0.19277452200185508,0.18647589899774175
instance_n100_s15_seed1005,1005,placement_n100_s15,upgrade-then-downgrade,100,14,15,59,59,0,0,0,3.1766156339972815e-05,0.00016153738431067737,0.00012977122797070456,0.7063083773142006,408.5203969339138,162.63351406604923,-60,60,17,10,27,18,18,3.658409413001209,0.004093909996299772,0.23629728100058855,3.4180887429974973
instance_n100_s15_seed1005,1005,placement_n100_s15,downgrade-then-upgrade,100,14,15,59,59,0,100,5330,3.1766156339972815e-05,0.0002451045531844539,0.00021333839684448111,0.8873867100104862,671.5902124300371,204.3283410191176,100,0,62,0,37,2,2,0.3787283080018824,0.004903450997517211,0.18736920700030169,0.18649115700100083
instance_n100_s15_seed1005,1005,placement_n100_s15,upgrade-then-downgrade,100,14,15,59,59,0,100,100,3.1766156339972815e-05,0.00010372349012693472,7.19573337869619e-05,0.5139124526594652,226.5220035337252,118.33271525976927,60,40,9,4,13,10,10,1.96670879100202,0.004793143998540472,0.19818429099905188,1.7646416049974505
instance_n100_s15_seed1005,1005,placement_n100_s15,downgrade-then-upgrade,100,14,15,59,59,0,300,5530,3.1766156339972815e-05,0.00023168245291177735,0.00019991629657180454,0.8629284735976446,629.3373816845467,198.69662396260424,280,20,63,0,37,2,2,0.39077908400213346,0.004905738998786546,0.2146491139974387,0.17126186499808682
instance_n100_s15_seed1005,1005,placement_n100_s15,upgrade-then-downgrade,100,14,15,59,59,0,300,300,3.1766156339972815e-05,0.00013309534828351448,0.00010132919194354167,0.6221982080491504,318.98474231216477,143.26643187415814,300,0,10,3,13,9,9,1.7329556459990272,0.004560500998195494,0.18984160300169606,1.5385540360002778
instance_n100_s15_seed1005,1005,placement_n100_s15,downgrade-then-upgrade,100,14,15,59,59,0,600,5830,3.1766156339972815e-05,0.00026547942929014455,0.00023371327295017175,0.9220662063664087,735.7304121055388,212.31359015328638,540,60,65,0,38,2,2,0.4586712960008299,0.0035873939996236004,0.20680374999938067,0.24830300800022087
instance_n100_s15_seed1005,1005,placement_n100_s15,upgrade-then-downgrade,100,14,15,59,59,0,600,600,3.1766156339972815e-05,0.00026483008781181893,0.00023306393147184612,0.9210026555427858,733.6862822732226,212.06869852607485,580,20,17,5,22,12,12,2.4112636120007664,0.004801798000698909,0.19582420799997635,2.210462426999584
instance_n100_s15_seed1005,1005,placement_n100_s15,downgrade-then-upgrade,100,14,15,59,59,0,1000,6230,3.1766156339972815e-05,0.0004047559431636296,0.00037298978682365674,1.1052285653723872,1174.173490905812,254.4882818977654,980,20,69,0,36,2,2,0.38391796100040665,0.0029579099973489065,0.18127327600086574,0.19974681600069744
instance_n100_s15_seed1005,1005,placement_n100_s15,upgrade-then-downgrade,100,14,15,59,59,0,1000,1000,3.1766156339972815e-05,0.0005065262308560713,0.0004747600745160985,1.202637271569775,1494.546804577317,276.9174653795596,970,30,22,6,28,13,13,2.9111009820007894,0.0027796460017270874,0.23535925500254962,2.6729615529984585
instance_n100_s15_seed1006,1006,placement_n100_s15,downgrade-then-upgrade,100,15,15,58,58,0,0,5390,0.00030037213396622264,0.0006638081846000536,0.0003634360506338309,0.344382962892115,120.9952620554009,79.29710766365056,-70,70,61,0,37,2,2,0.382324398997298,0.003518695000821026,0.19671018100052606,0.18222593699829304
instance_n100_s15_seed1006,1006,placement_n100_s15,upgrade-then-downgrade,100,15,15,58,58,0,0,0,0.00030037213396622264,0.0007410518122943563,0.00044067967832813365,0.39218893374749,146.71123865893927,90.30483924842,-10,10,10,5,15,11,11,2.177730815998075,0.0030510979995597154,0.189801617001649,1.9848656139984087
instance_n100_s15_seed1006,1006,placement_n100_s15,downgrade-then-upgrade,100,15,15,58,58,0,100,5490,0.00030037213396622264,0.0006761262746235599,0.00037575414065733724,0.35236817321349845,125.09620506261459,81.13577028869452,70,30,62,0,37,2,2,0.44661047700355994,0.0029906570016464684,0.1923832569991646,0.2512824699988414
instance_n100_s15_seed1006,1006,placement_n100_s15,upgrade-then-downgrade,100,15,15,58,58,0,100,100,0.00030037213396622264,0.0003115410868023705,1.1168952836147859e-05,0.01585569063031885,3.7183718371837466,3.650907688449755,60,40,1,0,1,3,3,0.5971235449978849,0.005633078999380814,0.19862885600014124,0.39287523399980273
instance_n100_s15_seed1006,1006,placement_n100_s15,downgrade-then-upgrade,100,15,15,58,58,0,300,5690,0.00030037213396622264,0.0006886729477609032,0.0003883008137946805,0.3603533835348809,129.27324804315757,82.97443291373828,210,90,63,0,37,2,2,0.3929430180032796,0.0029588569996121805,0.2153582870014361,0.1746751159989799
instance_n100_s15_seed1006,1006,placement_n100_s15,upgrade-then-downgrade,100,15,15,58,58,0,300,300,0.00030037213396622264,0.0008595538202618971,0.0005591816862956745,0.4566134349063382,186.1629702169894,105.13912884761413,290,10,9,2,11,7,7,1.3627604610010167,0.0029778110001643654,0.17875085400009993,1.1810036669994588
instance_n100_s15_seed1006,1006,placement_n100_s15,downgrade-then-upgrade,100,15,15,58,58,0,600,5990,0.00030037213396622264,0.0007841733904580303,0.0004838012564918076,0.4167524612332561,161.06729013225038,95.96080047042744,590,10,66,0,37,2,2,0.40624347500124713,0.002866175000235671,0.20044815499932156,0.20294552500126883
instance_n100_s15_seed1006,1006,placement_n100_s15,upgrade-then-downgrade,100,15,15,58,58,0,600,600,0.00030037213396622264,0.0009918129045383014,0.0006914407705720788,0.5187701146607662,230.19471261932458,119.45123327086921,560,40,10,1,11,5,5,1.059825226002431,0.0036783399991691113,0.18984347199875629,0.8663356139986718
instance_n100_s15_seed1006,1006,placement_n100_s15,downgrade-then-upgrade,100,15,15,58,58,0,1000,6390,0.00030037213396622264,0.0010361585662671472,0.0007357864323009247,0.5377665818411742,244.95828643800394,123.82533148578503,990,10,69,0,40,2,2,0.4462458440029877,0.0048040379988378845,0.2431602370015753,0.1983525070027099
instance_n100_s15_seed1006,1006,placement_n100_s15,upgrade-then-downgrade,100,15,15,58,58,0,1000,1000,0.00030037213396622264,0.00123643025036572,0.0009360581163994975,0.6145099819588726,311.63280828998563,141.496152395454,1000,0,13,0,13,3,3,0.6637855959997978,0.005463236000650795,0.20333138000205508,0.4550653739970585
instance_n100_s15_seed1007,1007,placement_n100_s15,downgrade-then-upgrade,100,14,15,64,64,0,0,5270,0.00015022284325398678,0.0005303581483037909,0.0003801353050498041,0.5478332680682527,253.0476036904032,126.14327165001696,-40,40,63,0,41,2,2,0.4178931040005409,0.004097953999007586,0.21206709599937312,0.2017939480028872
instance_n100_s15_seed1007,1007,placement_n100_s15,upgrade-then-downgrade,100,14,15,64,64,0,0,0,0.00015022284325398678,0.0003209162379897678,0.000170693394735781,0.32965571487516526,113.62679006626442,75.9060334891851,-10,10,10,5,15,11,11,2.4612026880022313,0.003837161999399541,0.21499955800027237,2.2423207799984084
instance_n100_s15_seed1007,1007,placement_n100_s15,downgrade-then-upgrade,100,14,15,64,64,0,100,5370,0.00015022284325398678,0.0005464466538632823,0.0003962238106092955,0.5608117933529839,263.7573634120256,129.1316875349838,70,30,64,0,42,2,2,0.4503520420003042,0.0038031570038583595,0.21289900099873194,0.23410898500151234
instance_n100_s15_seed1007,1007,placement_n100_s15,upgrade-then-downgrade,100,14,15,64,64,0,100,100,0.00015022284325398678,0.00015580868715055944,5.585843896572666e-06,0.01585569063031811,3.718371837183572,3.6509076884495846,60,40,1,0,1,3,3,0.6699787239995203,0.0041078970025409944,0.21368230499865604,0.45219497599828173
instance_n100_s15_seed1007,1007,placement_n100_s15,downgrade-then-upgrade,100,14,15,64,64,0,300,5570,0.00015022284325398678,0.0005611704354593167,0.00041094759220532985,0.572358805140479,273.5586567953098,131.79048525603508,250,50,66,0,41,2,2,0.4053219080014969,0.0030951310000091325,0.2030454150008154,0.1992989469981694
instance_n100_s15_seed1007,1007,placement_n100_s15,upgrade-then-downgrade,100,14,15,64,64,0,300,300,0.00015022284325398678,0.00039759775404004424,0.00024737491078605743,0.42270794490503605,164.6719669443431,97.33210126284844,290,10,10,3,13,8,8,1.6908952459998545,0.0033697069993650075,0.19369194600221817,1.4938075520003622
instance_n100_s15_seed1007,1007,placement_n100_s15,downgrade-then-upgrade,100,14,15,64,64,0,600,5870,0.00015022284325398678,0.0005840032989629631,0.00043378045570897634,0.5896793228217221,288.7579853455238,135.77868183761206,520,80,69,0,43,2,2,0.42194703000131994,0.003920558003301267,0.211279724000633,0.20678314899851102
instance_n100_s15_seed1007,1007,placement_n100_s15,upgrade-then-downgrade,100,14,15,64,64,0,600,600,0.00015022284325398678,0.00043630484560603267,0.00028608200235204586,0.46305405871868166,190.4384154601291,106.62213728560259,550,50,10,1,11,5,5,1.114656827001454,0.005650506001984468,0.24683806000030017,0.8623240339984477
instance_n100_s15_seed1007,1007,placement_n100_s15,downgrade-then-upgrade,100,14,15,64,64,0,1000,6270,0.00015022284325398678,0.0006738882499425681,0.0005236654066885813,0.6518519064138443,348.59239470205125,150.09444825482677,990,10,73,0,41,2,2,0.3909079599980032,0.003447586997936014,0.18935951099774684,0.19815979699706077
instance_n100_s15_seed1007,1007,placement_n100_s15,upgrade-then-downgrade,100,14,15,64,64,0,1000,1000,0.00015022284325398678,0.0005520457748524911,0.0004018229315985043,0.5652391127307675,267.48457351398207,130.15111549510462,1000,0,13,0,13,3,3,0.6348170229975949,0.005255139003566001,0.20020443300018087,0.42934937899917713
instance_n100_s15_seed1008,1008,placement_n100_s15,downgrade-then-upgrade,100,14,15,55,55,0,0,6260,0.00017278312806099877,0.0011090413910457375,0.0009362582629847387,0.8074464227612219,541.8690317113632,185.92140964413576,-60,60,68,0,44,2,2,0.40849090199844795,0.002602136999485083,0.1902250310013187,0.2157039750018157
instance_n100_s15_seed1008,1008,placement_n100_s15,upgrade-then-downgrade,100,14,15,55,55,0,0,0,0.00017278312806099877,0.0011573834275562715,0.0009846002994952727,0.8259759272627263,569.8474790592243,190.18798572870875,-70,70,19,12,31,21,21,4.097481673001312,0.002812719001667574,0.1830666240020946,3.91162196300138
instance_n100_s15_seed1008,1008,placement_n100_s15,downgrade-then-upgrade,100,14,15,55,55,0,100,6360,0.00017278312806099877,0.0012172405511477592,0.0010444574230867604,0.8478750798168296,604.4904006588124,195.23045195073684,40,60,69,0,43,2,2,0.3659390240027278,0.003451471002335893,0.18303729499893961,0.17950497800120502
instance_n100_s15_seed1008,1008,placement_n100_s15,upgrade-then-downgrade,100,14,15,55,55,0,100,100,0.00017278312806099877,0.0008111772654808088,0.00063839413741981,0.6716144381783827,369.47712695329466,154.6449393589115,100,0,11,6,17,13,13,2.502635068998643,0.003536889998940751,0.18743075400197995,2.3117976909998106
instance_n100_s15_seed1008,1008,placement_n100_s15,downgrade-then-upgrade,100,14,15,55,55,0,300,6560,0.00017278312806099877,0.0015088892915231938,0.001336106163462195,0.9411560441977144,773.2850877607104,216.70918775509023,290,10,71,0,43,2,2,0.4539069220008969,0.002686403000552673,0.22772987699863734,0.2235798869987775
instance_n100_s15_seed1008,1008,placement_n100_s15,upgrade-then-downgrade,100,14,15,55,55,0,300,300,0.00017278312806099877,0.0012557837269652418,0.001083000598904243,0.8614135187718658,626.7976573047713,198.34779272276447,220,80,16,8,24,15,15,3.110076521999872,0.0043355369998607785,0.19486368100115214,2.912124556998606
instance_n100_s15_seed1008,1008,placement_n100_s15,downgrade-then-upgrade,100,14,15,55,55,0,600,6860,0.00017278312806099877,0.0019246953232771966,0.0017519121952161978,1.0468606588482654,1013.93707526681,241.04857475059413,590,10,73,0,43,2,2,0.47468453900000895,0.0039922759970068,0.2765530659999058,0.1941672959983407
instance_n100_s15_seed1008,1008,placement_n100_s15,upgrade-then-downgrade,100,14,15,55,55,0,600,600,0.00017278312806099877,0.0015725772408538637,0.0013997941127928649,0.9591106538474992,810.1451388810871,220.84338940810238,540,60,16,6,22,12,12,2.5056451310010743,0.003987702999438625,0.19157126599748153,2.3102045280029415
instance_n100_s15_seed1008,1008,placement_n100_s15,downgrade-then-upgrade,100,14,15,55,55,0,1000,7260,0.00017278312806099877,0.0026186147660362345,0.002445831637975236,1.180570280284758,1415.5500397653225,271.83635286154856,960,40,76,0,42,2,2,0.41259101800096687,0.0027364919988031033,0.18162238199874992,0.22829532799732988
instance_n100_s15_seed1008,1008,placement_n100_s15,upgrade-then-downgrade,100,14,15,55,55,0,1000,1000,0.00017278312806099877,0.0017429476814824736,0.0015701645534214749,1.0037830187790622,908.7487713888069,231.12958156412304,930,70,16,3,19,7,7,1.4484858870018797,0.005124954997882014,0.23809450899716467,1.2057656859979033
instance_n100_s15_seed1009,1009,placement_n100_s15,downgrade-then-upgrade,100,13,15,56,56,0,0,5170,0.0002424751428392944,0.0008646781969648395,0.0006222030541255452,0.5521872844495423,256.60488198492317,127.14582097143791,0,0,61,0,31,2,2,0.4186783259974618,0.003007386996614514,0.21432085199921858,0.20143632300096215
instance_n100_s15_seed1009,1009,placement_n100_s15,upgrade-then-downgrade,100,13,15,56,56,0,0,0,0.0002424751428392944,0.0002424751428392944,0.0,0.0,0.0,0.0,0,0,0,0,0,2,2,0.3789200049977808,0.002930648002802627,0.18199672999980976,0.19398568299948238
instance_n100_s15_seed1009,1009,placement_n100_s15,downgrade-then-upgrade,100,13,15,56,56,0,100,5270,0.0002424751428392944,0.0008024372142646438,0.0005599620714253494,0.5197438377153173,230.93586619576763,119.67544128988061,40,60,61,0,32,2,2,0.44979085299928556,0.0033120629996119533,0.24937638499977766,0.197189292000985
instance_n100_s15_seed1009,1009,placement_n100_s15,upgrade-then-downgrade,100,13,15,56,56,0,100,100,0.0002424751428392944,0.0011481306502949544,0.00090565550745566,0.6753240871072458,373.5044742528114,155.49911759129566,100,0,16,8,23,17,17,3.790938856000139,0.005727414001739817,0.20979844899920863,3.575459050000063
instance_n100_s15_seed1009,1009,placement_n100_s15,downgrade-then-upgrade,100,13,15,56,56,0,300,5470,0.0002424751428392944,0.0009194937769640744,0.00067701863412478,0.5788815704840822,279.21156214082055,133.29240748056296,300,0,63,0,34,2,2,0.43685607700172113,0.004450731998076662,0.21392811499754316,0.2185089730010077
instance_n100_s15_seed1009,1009,placement_n100_s15,upgrade-then-downgrade,100,13,15,56,56,0,300,300,0.0002424751428392944,0.0011441057869766408,0.0009016306441373464,0.6737989584621222,371.8445666551979,155.1479437429797,250,50,12,4,16,10,10,2.1972197860013694,0.005120744001033017,0.24517672100046184,1.9469473860008293
instance_n100_s15_seed1009,1009,placement_n100_s15,downgrade-then-upgrade,100,13,15,56,56,0,600,5770,0.0002424751428392944,0.000953935947944328,0.0007114608051050336,0.5948519911268481,293.41597525176815,136.96973273065066,580,20,65,0,35,2,2,0.47370519999822136,0.0031870179991528857,0.2208676190020924,0.24972702199738706
instance_n100_s15_seed1009,1009,placement_n100_s15,upgrade-then-downgrade,100,13,15,56,56,0,600,600,0.0002424751428392944,0.0016786627765220268,0.0014361876336827324,0.8402962364391418,592.3030364537599,193.48535877237677,560,40,15,4,19,10,10,2.1553210700003547,0.003988511998613831,0.21107131899771048,1.9402786699974968
instance_n100_s15_seed1009,1009,placement_n100_s15,downgrade-then-upgrade,100,13,15,56,56,0,1000,6170,0.0002424751428392944,0.0014189193411801961,0.0011764441983409017,0.7672904847410541,485.18136109341947,176.67516321609264,1000,0,69,0,35,2,2,0.41533866100144223,0.0029638380037795287,0.203225878001831,0.20919924000190804
instance_n100_s15_seed1009,1009,placement_n100_s15,upgrade-then-downgrade,100,13,15,56,56,0,1000,1000,0.0002424751428392944,0.0014315749359181235,0.001189099793078829,0.7711468622949673,490.4006980488431,177.56312696295237,920,80,12,0,12,3,3,0.7024112199978845,0.003590412001358345,0.24613380300070276,0.45271751299878815
instance_n100_s15_seed1010,1010,placement_n100_s15,downgrade-then-upgrade,100,14,15,57,57,0,0,4650,2.4887883768232167e-05,0.00021778331992865872,0.00019289543616042654,0.9420366441288751,775.0576061699772,216.91195338252845,0,0,56,0,40,2,2,0.4497063660019194,0.003407276002690196,0.2255437570020149,0.22081457099920954
instance_n100_s15_seed1010,1010,placement_n100_s15,upgrade-then-downgrade,100,14,15,57,57,0,0,0,2.4887883768232167e-05,0.00012644545325310078,0.00010155756948486861,0.7059152476702945,408.0602851999032,162.54299262028198,-70,70,15,9,24,16,16,3.6156162600018433,0.0032749230012996122,0.2180929809983354,3.394244102000812
instance_n100_s15_seed1010,1010,placement_n100_s15,downgrade-then-upgrade,100,14,15,57,57,0,100,4750,2.4887883768232167e-05,0.00022142651937159455,0.00019653863560336238,0.9492416635198584,789.6960522382047,218.5709704069696,20,80,56,0,40,2,2,0.5346750060016348,0.0029436549993988592,0.2527540039991436,0.27901192900026217
instance_n100_s15_seed1010,1010,placement_n100_s15,upgrade-then-downgrade,100,14,15,57,57,0,100,100,2.4887883768232167e-05,0.00013878159503389118,0.000113893711265659,0.7463439047259028,457.627142292577,171.85203492688322,30,70,15,8,23,16,16,3.7915331270014576,0.004325325997342588,0.21394650799993542,3.573290755000926
instance_n100_s15_seed1010,1010,placement_n100_s15,downgrade-then-upgrade,100,14,15,57,57,0,300,4950,2.4887883768232167e-05,0.00023119671793529688,0.0002063088341670647,0.9679936946983376,828.9528996852882,222.88878515246216,220,80,58,0,38,2,2,0.4262906739968457,0.004289921002055053,0.20969626000078279,0.21236415399835096
instance_n100_s15_seed1010,1010,placement_n100_s15,upgrade-then-downgrade,100,14,15,57,57,0,300,300,2.4887883768232167e-05,0.00016718187385105857,0.0001422939900828264,0.8272012188371191,571.7400137670838,190.47011954008553,240,60,15,6,21,13,13,2.9513429110011202,0.005147882999153808,0.3098506679998536,2.6363621540003805
instance_n100_s15_seed1010,1010,placement_n100_s15,downgrade-then-upgrade,100,14,15,57,57,0,600,5250,2.4887883768232167e-05,0.00024183206630427293,0.00021694418253604075,0.9875259168072154,871.6859358406218,227.38624549855723,540,60,61,0,38,2,2,0.4138420279996353,0.002734989997406956,0.20454069599873037,0.20661808899967582
instance_n100_s15_seed1010,1010,placement_n100_s15,upgrade-then-downgrade,100,14,15,57,57,0,600,600,2.4887883768232167e-05,0.00029503031645046354,0.00027014243268223137,1.0738786752422622,1085.4375373893836,247.2697029297027,570,30,20,7,27,15,15,3.322879246999946,0.004344674001913518,0.20271574299840722,3.115801411000575
instance_n100_s15_seed1010,1010,placement_n100_s15,downgrade-then-upgrade,100,14,15,57,57,0,1000,5650,2.4887883768232167e-05,0.00031174833444262787,0.0002868604506743957,1.0978161720233608,1152.6108581419655,252.78151525487775,920,80,64,0,39,2,2,0.4872064400005911,0.002898709000874078,0.2220255329993961,0.26233784799842397
instance_n100_s15_seed1010,1010,placement_n100_s15,upgrade-then-downgrade,100,14,15,57,57,0,1000,1000,2.4887883768232167e-05,0.0002774776002691467,0.00025258971650091454,1.0472399600446105,1014.9103831131258,241.13591207864005,940,60,15,1,16,5,5,1.2236564380000345,0.0037752130010630935,0.2082770580018405,1.0116250489991216
instance_n100_s15_seed1011,1011,placement_n100_s15,downgrade-then-upgrade,100,15,15,57,57,0,0,6170,0.00011674933899482114,0.00044960186860751365,0.00033285252961269253,0.5855736771728715,285.10014059048115,134.83332199079615,-10,10,68,0,37,2,2,0.4497384959977353,0.0033445040025981143,0.2421154839976225,0.20433891500215395
instance_n100_s15_seed1011,1011,placement_n100_s15,upgrade-then-downgrade,100,15,15,57,57,0,0,0,0.00011674933899482114,0.0003080358215256924,0.00019128648253087126,0.4213467932191629,163.8437392261009,97.01868450472891,-30,30,8,4,12,10,10,2.171755158000451,0.0030288759990071412,0.22555686999839963,1.9431032479988062
instance_n100_s15_seed1011,1011,placement_n100_s15,downgrade-then-upgrade,100,15,15,57,57,0,100,6270,0.00011674933899482114,0.0004934654655448315,0.0003767161265500104,0.6260023342284792,322.6708860139423,144.14236429739725,100,0,69,0,36,2,2,0.4616639899977599,0.004382110000733519,0.2530031999995117,0.20431994300088263
instance_n100_s15_seed1011,1011,placement_n100_s15,upgrade-then-downgrade,100,15,15,57,57,0,100,100,0.00011674933899482114,0.0003113127983504338,0.00019456345935561266,0.425942544908312,166.65058751574026,98.07689543778261,60,40,9,4,13,10,10,2.3689184880022367,0.004468827999517089,0.20540623299893923,2.1590717300023243
instance_n100_s15_seed1011,1011,placement_n100_s15,downgrade-then-upgrade,100,15,15,57,57,0,300,6470,0.00011674933899482114,0.0005734990755829541,0.00045674973658813294,0.6912782918234225,391.222546115138,159.17270898630005,290,10,70,0,35,2,2,0.45705245199860656,0.0034880329985753633,0.2458142819996283,0.20820723900033045
instance_n100_s15_seed1011,1011,placement_n100_s15,upgrade-then-downgrade,100,15,15,57,57,0,300,300,0.00011674933899482114,0.0003771497411453226,0.00026040040215050147,0.5092593835966224,223.04229248103283,117.2613065136919,260,40,8,2,10,7,7,1.5764117919970886,0.0043511729963938706,0.20097228600207018,1.371106653001334
instance_n100_s15_seed1011,1011,placement_n100_s15,downgrade-then-upgrade,100,15,15,57,57,0,600,6770,0.00011674933899482114,0.0007315387516363336,0.0006147894126415125,0.7969829064739743,526.5892020757254,183.5120959818041,590,10,72,0,35,2,2,0.5401486560003832,0.002738375002081739,0.2673263759970723,0.27007224900080473
instance_n100_s15_seed1011,1011,placement_n100_s15,upgrade-then-downgrade,100,15,15,57,57,0,600,600,0.00011674933899482114,0.0005620125667554367,0.0004452632277606156,0.6824915962418114,381.38393895349327,157.14949756001062,560,40,13,3,16,9,9,2.027061867000157,0.004609054001775803,0.28060960799848544,1.741871924001316
instance_n100_s15_seed1011,1011,placement_n100_s15,downgrade-then-upgrade,100,15,15,57,57,0,1000,7170,0.00011674933899482114,0.001024166599978464,0.0009074172609836429,0.9431161781801342,777.2354591437086,217.16052528390932,1000,0,75,0,36,2,2,0.4938462800018897,0.0028984329983359203,0.283649102999334,0.2073178970022127
instance_n100_s15_seed1011,1011,placement_n100_s15,upgrade-then-downgrade,100,15,15,57,57,0,1000,1000,0.00011674933899482114,0.0009895199410638567,0.0008727706020690356,0.928170120266456,747.5593520129058,213.71906826880317,980,20,17,3,20,8,8,1.8671647450028104,0.005702889000531286,0.2655468929988274,1.5958982340016519
instance_n100_s15_seed1012,1012,placement_n100_s15,downgrade-then-upgrade,100,11,15,56,56,0,0,5510,0.0002874697919435643,0.0009641781503265067,0.0006767083583829423,0.5255650708612317,235.4015543016752,121.01582975634315,0,0,64,0,36,2,2,0.42337926699838135,0.0036077469994779676,0.20818328099994687,0.2116729959998338
instance_n100_s15_seed1012,1012,placement_n100_s15,upgrade-then-downgrade,100,11,15,56,56,0,0,0,0.0002874697919435643,0.0012414640884091076,0.0009539942964655432,0.6353419466648014,331.85897203864465,146.29288953441898,-20,20,14,7,21,15,15,3.267487588997028,0.0030273829979705624,0.20598840599996038,3.0584523549987352
instance_n100_s15_seed1012,1012,placement_n100_s15,downgrade-then-upgrade,100,11,15,56,56,0,100,5610,0.0002874697919435643,0.0008729512142245934,0.000585481422281029,0.4823977587352332,203.66711170680847,111.07618881574861,20,80,64,0,36,2,2,0.44827127600001404,0.0042909619987767655,0.22396097099772305,0.22006718100237777
instance_n100_s15_seed1012,1012,placement_n100_s15,upgrade-then-downgrade,100,11,15,56,56,0,100,100,0.0002874697919435643,0.000298158987727604,1.0689195784039675e-05,0.01585569063031802,3.7183718371835615,3.6509076884495633,60,40,1,0,1,3,3,0.6838612440005818,0.004191748001176165,0.21566858100050013,0.4640265179987182
instance_n100_s15_seed1012,1012,placement_n100_s15,downgrade-then-upgrade,100,11,15,56,56,0,300,5810,0.0002874697919435643,0.0011048288805030008,0.0008173590885594364,0.5847028036299957,284.3286882539294,134.63279594702527,260,40,66,0,34,2,2,0.40766108100069687,0.002863666999473935,0.20756729500135407,0.19731120799769997
instance_n100_s15_seed1012,1012,placement_n100_s15,upgrade-then-downgrade,100,11,15,56,56,0,300,300,0.0002874697919435643,0.0015346448379697309,0.0012471750460261665,0.7274156682478986,433.8456008174279,167.49364741179136,280,20,14,5,19,12,12,2.609981429999607,0.004219242000544909,0.2157162330004212,2.390107866998733
instance_n100_s15_seed1012,1012,placement_n100_s15,downgrade-then-upgrade,100,11,15,56,56,0,600,6110,0.0002874697919435643,0.0014607671353554935,0.0011732973434119291,0.7059887747968204,408.14630834055396,162.5599228668289,560,40,69,0,34,2,2,0.3982420510001248,0.0031338990011136048,0.19740328599800705,0.19777099400016596
instance_n100_s15_seed1012,1012,placement_n100_s15,upgrade-then-downgrade,100,11,15,56,56,0,600,600,0.0002874697919435643,0.0017242337840425936,0.0014367639920990292,0.7780039356015465,499.79651162132984,179.14202644068203,540,60,14,3,17,8,8,1.8273800399983884,0.004632448999473127,0.20443387699924642,1.618490771001234
instance_n100_s15_seed1012,1012,placement_n100_s15,downgrade-then-upgrade,100,11,15,56,56,0,1000,6510,0.0002874697919435643,0.0020450986458760406,0.0017576288539324762,0.8521220465029797,611.4134087095772,196.20835216893403,970,30,72,0,34,2,2,0.4014530860004015,0.0027896749998035375,0.20001713799865684,0.19881389799775206
instance_n100_s15_seed1012,1012,placement_n100_s15,upgrade-then-downgrade,100,11,15,56,56,0,1000,1000,0.0002874697919435643,0.0027034310499952125,0.002415961258051648,0.9733230828782069,840.4226550962079,224.11592213023673,980,20,17,2,19,7,7,1.4978063039998233,0.004473321001569275,0.2145392670026922,1.2788794090010924
instance_n100_s15_seed1013,1013,placement_n100_s15,downgrade-then-upgrade,100,12,15,54,54,0,0,6030,0.0004026787980666892,0.001548598621617143,0.0011459198235504538,0.5849801047290185,284.5741640861542,134.69664688471337,0,0,66,0,32,2,2,0.38579531000141287,0.0026759220017993357,0.1937850989997969,0.18943061200116063
instance_n100_s15_seed1013,1013,placement_n100_s15,upgrade-then-downgrade,100,12,15,54,54,0,0,0,0.0004026787980666892,0.0004026787980666892,0.0,0.0,0.0,0.0,0,0,0,0,0,2,2,0.43001892299798783,0.002788512996630743,0.2313850110003841,0.19582299100147793
instance_n100_s15_seed1013,1013,placement_n100_s15,downgrade-then-upgrade,100,12,15,54,54,0,100,6130,0.0004026787980666892,0.001699681413970036,0.0012970026159033468,0.625408761784627,322.09359472870614,144.00568919131462,100,0,67,0,33,2,2,0.40932863099806127,0.0026463809990673326,0.19038217699926463,0.21636576899982174
instance_n100_s15_seed1013,1013,placement_n100_s15,upgrade-then-downgrade,100,12,15,54,54,0,100,100,0.0004026787980666892,0.001912898594847673,0.0015102197967809838,0.6767331845025311,375.0432861207832,155.82357425699172,30,70,14,8,22,15,15,3.2244078500007163,0.004394707997562364,0.20217710900033126,3.017828821000876
instance_n100_s15_seed1013,1013,placement_n100_s15,downgrade-then-upgrade,100,12,15,54,54,0,300,6330,0.0004026787980666892,0.002047504380302987,0.0016448255822362977,0.7062660758958431,408.4708681294643,162.62377380451696,300,0,69,0,35,2,2,0.4072690100001637,0.003252138998504961,0.20651503399858484,0.19756160700126202
instance_n100_s15_seed1013,1013,placement_n100_s15,upgrade-then-downgrade,100,12,15,54,54,0,300,300,0.0004026787980666892,0.0021231173301991817,0.0017204385321324925,0.7220152316799529,427.2483528789028,166.25015093809017,240,60,15,7,21,14,14,2.89039112500177,0.004938879999826895,0.21459655800208566,2.6708843300002627
instance_n100_s15_seed1013,1013,placement_n100_s15,downgrade-then-upgrade,100,12,15,54,54,0,600,6630,0.0004026787980666892,0.0026117370752764494,0.00220905827720976,0.8119706905463949,548.5906603018889,186.96316080002103,600,0,71,0,33,2,2,0.390710357001808,0.0038156879963935353,0.1924123499993584,0.1945511979974981
instance_n100_s15_seed1013,1013,placement_n100_s15,upgrade-then-downgrade,100,12,15,54,54,0,600,600,0.0004026787980666892,0.002602443564185475,0.002199764766118786,0.8104225566640595,546.2827386691649,186.60668980007858,520,80,15,5,19,10,10,2.2086616839987983,0.004952003000653349,0.24418581099962466,1.959572373998526
instance_n100_s15_seed1013,1013,placement_n100_s15,downgrade-then-upgrade,100,12,15,54,54,0,1000,7030,0.0004026787980666892,0.0036026209163507517,0.0031999421182840626,0.9516598025073133,794.6636708084411,219.1277674854997,1000,0,74,0,32,2,2,0.4056565659993794,0.0025736910029081628,0.21287722199849668,0.19026893100090092
instance_n100_s15_seed1013,1013,placement_n100_s15,upgrade-then-downgrade,100,12,15,54,54,0,1000,1000,0.0004026787980666892,0.003241868146114289,0.0028391893480475996,0.9058365835227763,705.075450130203,208.57658139082008,940,60,16,3,18,7,7,1.4522819010016974,0.00662077400193084,0.2598138809989905,1.186020244997053
instance_n100_s15_seed1014,1014,placement_n100_s15,downgrade-then-upgrade,100,14,15,61,61,0,0,6340,0.00023148432352750612,0.0005121585240101923,0.0002806742004826862,0.34488281994531134,121.24976594768633,79.41220400358233,-80,80,71,0,33,2,2,0.5186465010010579,0.005001081997761503,0.27114713699847925,0.2425868089994765
instance_n100_s15_seed1014,1014,placement_n100_s15,upgrade-then-downgrade,100,14,15,61,61,0,0,0,0.00023148432352750612,0.00023148432352750612,0.0,0.0,0.0,0.0,0,0,0,0,0,2,2,0.4388610329988296,0.003093743998761056,0.2200712529993325,0.21563741600039066
instance_n100_s15_seed1014,1014,placement_n100_s15,downgrade-then-upgrade,100,14,15,61,61,0,100,6440,0.00023148432352750612,0.000576178339511466,0.0003446940159839599,0.3960353423926924,148.90598669114698,91.19050756922063,40,60,72,0,34,2,2,0.476337397001771,0.004174580000835704,0.2503963310009567,0.22181730000011157
instance_n100_s15_seed1014,1014,placement_n100_s15,upgrade-then-downgrade,100,14,15,61,61,0,100,100,0.00023148432352750612,0.0007318596462857356,0.0005003753227582295,0.4999062161666792,216.15948550346326,115.10766012404545,20,80,10,5,15,11,11,2.544559826001205,0.0050591279978107195,0.23409141700176406,2.305431282999052
instance_n100_s15_seed1014,1014,placement_n100_s15,downgrade-then-upgrade,100,14,15,61,61,0,300,6640,0.00023148432352750612,0.0007114397179943406,0.00047995539446683453,0.48761652189568183,207.3381847863248,112.27785344146017,260,40,74,0,34,2,2,0.5308373230000143,0.00317980600084411,0.2696139990002848,0.258205647001887
instance_n100_s15_seed1014,1014,placement_n100_s15,upgrade-then-downgrade,100,14,15,61,61,0,300,300,0.00023148432352750612,0.0009886783796848033,0.0007571940561572972,0.6305334518906148,327.1038161974384,145.18569269574078,280,20,14,6,20,13,13,2.902886102998309,0.0051843410001310986,0.2152384120017814,2.682495861001371
instance_n100_s15_seed1014,1014,placement_n100_s15,downgrade-then-upgrade,100,14,15,61,61,0,600,6940,0.00023148432352750612,0.0009406413763908576,0.0007091570528633515,0.6089024930625064,306.3520855567076,140.20498036126378,560,40,77,0,36,2,2,0.5502246960022603,0.0030906459978723433,0.2771716050010582,0.2700079749993165
instance_n100_s15_seed1014,1014,placement_n100_s15,upgrade-then-downgrade,100,14,15,61,61,0,600,600,0.00023148432352750612,0.0012177191976094858,0.0009862348740819797,0.7210255675752648,426.0482347370664,166.0222723566376,580,20,14,4,17,10,10,2.3863981000031345,0.00792799400005606,0.27119919899996603,2.107214888997987
instance_n100_s15_seed1014,1014,placement_n100_s15,downgrade-then-upgrade,100,14,15,61,61,0,1000,7340,0.00023148432352750612,0.001316913804090867,0.001085429480563361,0.7550357647686667,468.89977862124425,173.8534096633691,960,40,80,0,38,2,2,0.4359933240011742,0.003180020001309458,0.2215490630005661,0.2113185929993051
instance_n100_s15_seed1014,1014,placement_n100_s15,upgrade-then-downgrade,100,14,15,61,61,0,1000,1000,0.00023148432352750612,0.0012950436130032233,0.0010635592894757172,0.7477628090751266,459.4519720681387,172.17874972717394,920,80,17,4,20,8,8,1.8393067159995553,0.00497489099871018,0.2198006529979466,1.6145423490015673
instance_n100_s15_seed1015,1015,placement_n100_s15,downgrade-then-upgrade,100,14,15,57,57,0,0,5610,5.7727020148630924e-05,0.00021974623473746533,0.0001620192145888344,0.5805423024228482,280.6644343873636,133.67480514112916,-10,10,63,0,33,2,2,0.457308484998066,0.0028234259989403654,0.23903613899892662,0.21550873099840828
instance_n100_s15_seed1015,1015,placement_n100_s15,upgrade-then-downgrade,100,14,15,57,57,0,0,0,5.7727020148630924e-05,0.00021574054234278894,0.000158013522194158,0.5725526262290592,273.7254093270663,131.83511421096233,-10,10,11,6,17,13,13,2.7934333759985748,0.0033583189979253802,0.21413357599885785,2.575890509000601
instance_n100_s15_seed1015,1015,placement_n100_s15,downgrade-then-upgrade,100,14,15,57,57,0,100,5710,5.7727020148630924e-05,0.0002252398906059023,0.00016751287045727137,0.5912661678146219,290.18104524704825,136.14406640016642,10,90,63,0,34,2,2,0.4030033019989787,0.0027388579983380623,0.19972377000158303,0.20059951200164505
instance_n100_s15_seed1015,1015,placement_n100_s15,upgrade-then-downgrade,100,14,15,57,57,0,100,100,5.7727020148630924e-05,0.00028273283755166377,0.00022500581740303284,0.6899971119274646,389.77556233407824,158.8777064133124,100,0,16,9,25,18,18,4.000296006997814,0.0037852759996894747,0.23273697799959336,3.7637898459979624
instance_n100_s15_seed1015,1015,placement_n100_s15,downgrade-then-upgrade,100,14,15,57,57,0,300,5910,5.7727020148630924e-05,0.0002850692365480948,0.00022734221639946387,0.693571212709384,393.8228853907949,159.70067353144302,250,50,65,0,33,2,2,0.5760131890019693,0.002928525998868281,0.2991046940005617,0.27403444000083255
instance_n100_s15_seed1015,1015,placement_n100_s15,upgrade-then-downgrade,100,14,15,57,57,0,300,300,5.7727020148630924e-05,0.0003410720267710334,0.0002833450066224025,0.7714669620158023,490.83601733272985,177.63683264749898,270,30,15,7,22,14,14,3.1798553220032773,0.004786315999808721,0.2686682980020123,2.9064061589997436
instance_n100_s15_seed1015,1015,placement_n100_s15,downgrade-then-upgrade,100,14,15,57,57,0,600,6210,5.7727020148630924e-05,0.0003959898503116635,0.0003382628301630326,0.8363049146597547,585.9696712078685,192.56632296932085,590,10,68,0,33,2,2,0.4167415810006787,0.003677238000818761,0.20269667699903948,0.21050319799905992
instance_n100_s15_seed1015,1015,placement_n100_s15,upgrade-then-downgrade,100,14,15,57,57,0,600,600,5.7727020148630924e-05,0.00030731421512489754,0.00024958719497626664,0.7262035095174767,432.357662553254,167.21453754949013,600,0,11,2,13,7,7,1.6247543030003726,0.005217490001086844,0.2781071339995833,1.3414360640017549
instance_n100_s15_seed1015,1015,placement_n100_s15,downgrade-then-upgrade,100,14,15,57,57,0,1000,6610,5.7727020148630924e-05,0.0005746437437328444,0.0005169167235842135,0.9980195428821876,895.4502107562412,229.8024921957257,990,10,72,0,36,2,2,0.4245445339984144,0.004031499000120675,0.20316151999941212,0.2174270899995463
instance_n100_s15_seed1015,1015,placement_n100_s15,upgrade-then-downgrade,100,14,15,57,57,0,1000,1000,5.7727020148630924e-05,0.000536481108566731,0.0004787540884181001,0.9681752935703026,829.3414196427294,222.9305998380113,1000,0,16,3,19,7,7,1.6480904839991126,0.00476513100147713,0.20130738700026996,1.4420558759993582
instance_n100_s15_seed1016,1016,placement_n100_s15,downgrade-then-upgrade,100,13,15,59,59,0,0,5570,4.807035425289241e-05,0.0001967120020498694,0.000148641647796977,0.6119535358111753,309.2168761956506,140.907508916381,-10,10,65,0,40,2,2,0.4266134429999511,0.003931111001293175,0.21070337200217182,0.2120210089997272
instance_n100_s15_seed1016,1016,placement_n100_s15,upgrade-then-downgrade,100,13,15,59,59,0,0,0,4.807035425289241e-05,0.00021779238877841763,0.0001697220345255252,0.6561653756746132,353.0700723207443,151.0876612567202,-80,80,17,10,27,18,18,4.27290963699852,0.0043664920012815855,0.21986102200025925,4.048673208999389
instance_n100_s15_seed1016,1016,placement_n100_s15,downgrade-then-upgrade,100,13,15,59,59,0,100,5670,4.807035425289241e-05,0.00021590341688400275,0.00016783306263111036,0.652382192866783,349.1404738732746,150.2165512229821,90,10,66,0,40,2,2,0.40958316899923375,0.0031985390014597215,0.203004916998907,0.20342545099993004
instance_n100_s15_seed1016,1016,placement_n100_s15,upgrade-then-downgrade,100,13,15,59,59,0,100,100,4.807035425289241e-05,0.00022086645218949248,0.0001727960979366001,0.6622524324360568,359.4649979643179,152.48925787263107,100,0,14,6,20,15,15,3.450414794999233,0.007869509998272406,0.22026145500058192,3.2222526449986617
instance_n100_s15_seed1016,1016,placement_n100_s15,downgrade-then-upgrade,100,13,15,59,59,0,300,5870,4.807035425289241e-05,0.0002489636275943657,0.00020089327334147326,0.7142585807059374,417.91510893511975,164.4641160476576,230,70,67,0,41,2,2,0.5600585639986093,0.0042705609994300175,0.2859025220022886,0.26993927500006976
instance_n100_s15_seed1016,1016,placement_n100_s15,upgrade-then-downgrade,100,13,15,59,59,0,300,300,4.807035425289241e-05,0.0002837164451993929,0.0002356460909465005,0.7710071870961962,490.2108474316509,177.53096555989725,240,60,17,7,24,15,15,3.4238744030008093,0.005819340003654361,0.20948097599830362,3.2085794060003536
instance_n100_s15_seed1016,1016,placement_n100_s15,downgrade-then-upgrade,100,13,15,59,59,0,600,6170,4.807035425289241e-05,0.00033740051404724196,0.00028933015979434954,0.8462684172645346,601.8889693889461,194.86050422649822,550,50,70,0,40,2,2,0.4248301410007116,0.0029193269983807113,0.21097071900294395,0.21099708499968983
instance_n100_s15_seed1016,1016,placement_n100_s15,upgrade-then-downgrade,100,13,15,59,59,0,600,600,4.807035425289241e-05,0.0004619325187894834,0.000413862164536591,0.9827012138104745,860.9509352881225,226.2753165787153,560,40,21,8,29,16,16,3.615658760001679,0.0038233280029089656,0.22706351400120184,3.3847847170000023
instance_n100_s15_seed1016,1016,placement_n100_s15,downgrade-then-upgrade,100,13,15,59,59,0,1000,6570,4.807035425289241e-05,0.0004896213738228296,0.00044155101956993713,1.0079830454869676,918.5516238282535,232.09667345290308,950,50,74,0,39,2,2,0.4168570060028287,0.002837779000401497,0.2069821220029553,0.20708327499960433
instance_n100_s15_seed1016,1016,placement_n100_s15,upgrade-then-downgrade,100,13,15,59,59,0,1000,1000,4.807035425289241e-05,0.0004810208569614522,0.00043295050270855976,1.0002865850386014,900.6601042107131,230.32449794318043,980,20,17,2,19,7,7,1.5567649629992957,0.006222872001671931,0.2060084939985245,1.3453261849972478
instance_n200_s25_seed42,42,placement_n200_s25,downgrade-then-upgrade,200,23,25,93,93,0,0,9770,7.641882551941881e-07,6.287099002426371e-06,5.522910747232183e-06,0.91524994046944,722.7159943499464,210.74408692886203,-40,40,108,0,70,2,2,0.7870615840001847,0.005366207999031758,0.4138479989996995,0.3679288280000037
instance_n200_s25_seed42,42,placement_n200_s25,upgrade-then-downgrade,200,23,25,93,93,0,0,0,7.641882551941881e-07,7.641882551941881e-07,0.0,0.0,0.0,0.0,0,0,0,0,0,2,2,0.7351194789989677,0.009190795000904473,0.36795611300112796,0.3580401109975355
instance_n200_s25_seed42,42,placement_n200_s25,downgrade-then-upgrade,200,23,25,93,93,0,100,9870,7.641882551941881e-07,7.07298637772967e-06,6.308798122535482e-06,0.9664024629168213,825.5554936436902,222.5223904945004,80,20,109,0,69,2,2,0.720621240001492,0.0076919919993088115,0.328152679001505,0.38477219400010654
instance_n200_s25_seed42,42,placement_n200_s25,upgrade-then-downgrade,200,23,25,93,93,0,100,100,7.641882551941881e-07,1.0357595154714998e-05,9.59340689952081e-06,1.1320585730968413,1255.3721984490621,260.6661194808897,70,30,22,12,34,23,23,8.887588190002134,0.007172010999056511,0.3843143970007077,8.496139477996621
instance_n200_s25_seed42,42,placement_n200_s25,downgrade-then-upgrade,200,23,25,93,93,0,300,10070,7.641882551941881e-07,8.73341305786742e-06,7.969224802673231e-06,1.0579836424198106,1042.835289407604,243.60973636673987,300,0,111,0,69,2,2,0.7911266370028898,0.005699891000404023,0.36527073199977167,0.4201901850028662
instance_n200_s25_seed42,42,placement_n200_s25,upgrade-then-downgrade,200,23,25,93,93,0,300,300,7.641882551941881e-07,1.8739338031455937e-05,1.797514977626175e-05,1.3895538866032848,2352.188698803553,319.9566065204662,230,70,28,15,43,26,26,13.123566721002135,0.007299709002836607,0.35464571599732153,12.761643777001154
instance_n200_s25_seed42,42,placement_n200_s25,downgrade-then-upgrade,200,23,25,93,93,0,600,10370,7.641882551941881e-07,1.0783635025720454e-05,1.0019446770526265e-05,1.1495648219228005,1311.1228421039027,264.6970822389795,520,80,113,0,68,2,2,0.8241485340004147,0.0048980620013026055,0.4583730670019577,0.36096850899775745
instance_n200_s25_seed42,42,placement_n200_s25,upgrade-then-downgrade,200,23,25,93,93,0,600,600,7.641882551941881e-07,2.1593040218624924e-05,2.0828851963430737e-05,1.4511134349306187,2725.6179117981746,334.1312163514628,590,10,30,14,44,25,25,10.356865459998517,0.007477343999198638,0.41603951000070083,9.933528207999188
instance_n200_s25_seed42,42,placement_n200_s25,downgrade-then-upgrade,200,23,25,93,93,0,1000,10770,7.641882551941881e-07,1.5648755636922246e-05,1.4884567381728057e-05,1.3112794501452343,1947.7618611065586,301.9332514653845,920,80,117,0,69,2,2,0.9002535710023949,0.008599998000136111,0.401733623999462,0.489961563001998
instance_n200_s25_seed42,42,placement_n200_s25,upgrade-then-downgrade,200,23,25,93,93,0,1000,1000,7.641882551941881e-07,1.1835533186297191e-05,1.1071344931103002e-05,1.189987468774323,1448.7719296719183,274.0047406449474,940,60,20,4,24,10,10,4.03589556499719,0.008203195000533015,0.4194820709999476,3.6082602870010305
instance_n200_s25_seed123,123,placement_n200_s25,downgrade-then-upgrade,200,24,25,92,92,0,0,10810,2.8717893106084557e-06,1.8010226929594574e-05,1.5138437618986118e-05,0.7973666103438987,527.1430450369177,183.6004470629053,-50,50,114,0,67,2,2,0.8212230259996431,0.005334052999387495,0.34642758300105925,0.4694881850009551
instance_n200_s25_seed123,123,placement_n200_s25,upgrade-then-downgrade,200,24,25,92,92,0,0,0,2.8717893106084557e-06,1.2823111447104135e-05,9.95132213649568e-06,0.6498408421478018,346.5199239977413,149.63138359482252,-10,10,11,7,18,13,13,5.16982580399781,0.00519249100034358,0.4033292980020633,4.761450635000074
instance_n200_s25_seed123,123,placement_n200_s25,downgrade-then-upgrade,200,24,25,92,92,0,100,10910,2.8717893106084557e-06,2.034096217930681e-05,1.746917286869835e-05,0.8502189176691743,608.3027332181656,195.77014056065727,100,0,115,0,66,2,2,0.8274121930007823,0.00502123499973095,0.35082912700090674,0.4716257129985024
instance_n200_s25_seed123,123,placement_n200_s25,upgrade-then-downgrade,200,24,25,92,92,0,100,100,2.8717893106084557e-06,1.7670179347598535e-05,1.479839003699008e-05,0.7890883828637615,515.3020795197087,181.69431474368753,100,0,14,8,22,16,16,6.076407323998865,0.00870642600057181,0.3810411609993025,5.686707639997621
instance_n200_s25_seed123,123,placement_n200_s25,downgrade-then-upgrade,200,24,25,92,92,0,300,11110,2.8717893106084557e-06,2.2973321990746503e-05,2.0101532680138046e-05,0.9030712249944498,699.9654398699279,207.9398340584092,250,50,116,0,65,2,2,0.7314196139996056,0.004969661003997317,0.3382734849983535,0.3882331679997151
instance_n200_s25_seed123,123,placement_n200_s25,upgrade-then-downgrade,200,24,25,92,92,0,300,300,2.8717893106084557e-06,3.288895443647632e-05,3.001716512586786e-05,1.0588974925297632,1045.2425954433274,243.82015813078067,230,70,21,11,32,20,20,7.3464864939996914,0.006063752000045497,0.42767617200297536,6.9129208129998005
instance_n200_s25_seed123,123,placement_n200_s25,downgrade-then-upgrade,200,24,25,92,92,0,600,11410,2.8717893106084557e-06,2.9304101794701784e-05,2.643231248409333e-05,1.0087758396450024,920.4126635074433,232.27922105391343,550,50,118,0,65,2,2,0.6891762249979365,0.005164006000995869,0.3290282380003191,0.3550618389999727
instance_n200_s25_seed123,123,placement_n200_s25,upgrade-then-downgrade,200,24,25,92,92,0,600,600,2.8717893106084557e-06,4.1185771173569284e-05,3.831398186296083e-05,1.1565946276053973,1334.150166289292,266.3157548161188,550,50,21,9,30,17,17,6.121800388002157,0.005889956999453716,0.3326577260013437,5.783289431001322
instance_n200_s25_seed123,123,placement_n200_s25,downgrade-then-upgrade,200,24,25,92,92,0,1000,11810,2.8717893106084557e-06,4.102623713831952e-05,3.8154447827711066e-05,1.1549091113511611,1328.5949525185451,265.9276503560184,960,40,121,0,66,2,2,0.7387358929991024,0.00535625200427603,0.35557467399848974,0.3779650469987246
instance_n200_s25_seed123,123,placement_n200_s25,upgrade-then-downgrade,200,24,25,92,92,0,1000,1000,2.8717893106084557e-06,5.138005661843601e-05,4.8508267307827556e-05,1.2526420038646278,1689.130436158283,288.43148049568816,930,70,22,7,29,13,13,4.88794933600002,0.008270203998108627,0.3570521799993003,4.522622649001278
instance_n200_s25_seed999,999,placement_n200_s25,downgrade-then-upgrade,200,23,25,95,95,0,0,9520,1.1018375777192689e-07,1.867922679499109e-06,1.7577389217271822e-06,1.229241315422601,1595.279519659863,283.04327285844727,-80,80,107,0,72,2,2,0.7081606729989289,0.005672913997841533,0.3637168009991001,0.33887877099914476
instance_n200_s25_seed999,999,placement_n200_s25,upgrade-then-downgrade,200,23,25,95,95,0,0,0,1.1018375777192689e-07,1.7835336211364422e-06,1.6733498633645154e-06,1.2091637208492234,1518.6901383670715,278.42023586166357,-10,10,25,13,38,25,25,9.54319444200155,0.005465411002660403,0.4039183060012874,9.133795215002465
instance_n200_s25_seed999,999,placement_n200_s25,downgrade-then-upgrade,200,23,25,95,95,0,100,9620,1.1018375777192689e-07,2.1014130144364984e-06,1.9912292566645714e-06,1.2803938378699824,1807.1894596173465,294.82157642408566,40,60,108,0,72,2,2,0.7600729469995713,0.006618833001994062,0.36619281100138323,0.38725859300029697
instance_n200_s25_seed999,999,placement_n200_s25,upgrade-then-downgrade,200,23,25,95,95,0,100,100,1.1018375777192689e-07,1.1428079959006878e-07,4.097041818141888e-09,0.01585569063031811,3.718371837183566,3.6509076884495846,60,40,1,0,1,3,3,1.1974055060018145,0.008490672000334598,0.35042770200016093,0.8385113740005181
instance_n200_s25_seed999,999,placement_n200_s25,downgrade-then-upgrade,200,23,25,95,95,0,300,9820,1.1018375777192689e-07,2.6596008463961952e-06,2.549417088624268e-06,1.3826988827647453,2313.7866598282058,318.3781835553624,280,20,110,0,72,2,2,0.7571976620019996,0.004715373997896677,0.3400838150009804,0.4124536490016908
instance_n200_s25_seed999,999,placement_n200_s25,upgrade-then-downgrade,200,23,25,95,95,0,300,300,1.1018375777192689e-07,2.1763643767923747e-06,2.0661806190204477e-06,1.295614028939784,1875.213426009036,298.3261549310702,270,30,25,11,36,22,22,8.706361088003177,0.006319935000647092,0.4341145639991737,8.266302555999573
instance_n200_s25_seed999,999,placement_n200_s25,downgrade-then-upgrade,200,23,25,95,95,0,600,10120,1.1018375777192689e-07,3.366057321220181e-06,3.255873563448254e-06,1.4850039276595075,2954.9487413450697,341.934790686639,520,80,112,0,73,2,2,0.7294922149994818,0.004767176000314066,0.37148012699981336,0.3533590410006582
instance_n200_s25_seed999,999,placement_n200_s25,upgrade-then-downgrade,200,23,25,95,95,0,600,600,1.1018375777192689e-07,2.725390537604511e-06,2.615206779832584e-06,1.393311164015418,2373.4957245203864,320.82175161640833,590,10,25,9,34,19,19,7.290529367001,0.005693188002624083,0.3518143859982956,6.933028501996887
instance_n200_s25_seed999,999,placement_n200_s25,downgrade-then-upgrade,200,23,25,95,95,0,1000,10520,1.1018375777192689e-07,5.006797203620263e-06,4.896613445848336e-06,1.6574424212737127,4444.042883329504,381.6402211720808,940,60,116,0,70,2,2,0.7624214450006548,0.010675015004380839,0.3585037929988175,0.39335400499840034
instance_n200_s25_seed999,999,placement_n200_s25,upgrade-then-downgrade,200,23,25,95,95,0,1000,1000,1.1018375777192689e-07,3.2286115100023335e-06,3.1184277522304065e-06,1.4668982109677418,2830.2063891171206,337.7657953513957,980,20,25,6,31,14,14,5.448204151998652,0.0045819670012861025,0.367869920002704,5.075719439999375
instance_n200_s25_seed1000,1000,placement_n200_s25,downgrade-then-upgrade,200,23,25,101,101,0,0,8770,8.459520183478016e-08,2.5820729149632285e-06,2.4974777131284485e-06,1.484622771175156,2952.268756337011,341.84702616274245,-30,30,102,0,74,2,2,0.8531799410011445,0.005895485999644734,0.405685863999679,0.44169351199889206
instance_n200_s25_seed1000,1000,placement_n200_s25,upgrade-then-downgrade,200,23,25,101,101,0,0,0,8.459520183478016e-08,8.459520183478016e-08,0.0,0.0,0.0,0.0,0,0,0,0,0,2,2,0.7537246190004225,0.006886614002723945,0.3710287600006268,0.3758417580029345
instance_n200_s25_seed1000,1000,placement_n200_s25,downgrade-then-upgrade,200,23,25,101,101,0,100,8870,8.459520183478016e-08,2.616628142361334e-06,2.532032940526554e-06,1.4903962770689032,2993.116495509729,343.176425023268,60,40,103,0,73,2,2,0.8083830069990654,0.005196643000090262,0.39804079299938167,0.405522713001119
instance_n200_s25_seed1000,1000,placement_n200_s25,upgrade-then-downgrade,200,23,25,101,101,0,100,100,8.459520183478016e-08,1.0239541264280236e-06,9.393589245932435e-07,1.0829347695640028,1110.4163170245417,249.35494570830147,50,50,24,11,35,23,23,9.88726399600273,0.00613250300011714,0.43438247100129956,9.44678026100155
instance_n200_s25_seed1000,1000,placement_n200_s25,downgrade-then-upgrade,200,23,25,101,101,0,300,9070,8.459520183478016e-08,2.6871321174772785e-06,2.6025369156424985e-06,1.501943288856399,3076.4592544213315,345.8352227443195,240,60,105,0,72,2,2,0.8535122439971019,0.005002014000638155,0.44383225699857576,0.40467387099852203
instance_n200_s25_seed1000,1000,placement_n200_s25,upgrade-then-downgrade,200,23,25,101,101,0,300,300,8.459520183478016e-08,1.094587886543364e-06,1.0099926847085837e-06,1.1119049066962419,1193.912494802204,256.02556629857014,250,50,23,9,32,20,20,8.489788808998128,0.0050982440006919205,0.4239894490019651,8.060767849001422
instance_n200_s25_seed1000,1000,placement_n200_s25,downgrade-then-upgrade,200,23,25,101,101,0,600,9370,8.459520183478016e-08,2.8338903566913502e-06,2.74929515485657e-06,1.5250373124313876,3249.9421896600224,351.15281818642165,600,0,109,0,73,2,2,0.8973307919986837,0.0050228950021846686,0.4415370580027229,0.45075816600001417
instance_n200_s25_seed1000,1000,placement_n200_s25,upgrade-then-downgrade,200,23,25,101,101,0,600,600,8.459520183478016e-08,1.3530827556523041e-06,1.2684875538175239e-06,1.203978628279339,1499.4793159722713,277.2263241759425,550,50,23,7,30,16,16,6.977819324001757,0.007101459999830695,0.449345094999444,6.521324380999431
instance_n200_s25_seed1000,1000,placement_n200_s25,downgrade-then-upgrade,200,23,25,101,101,0,1000,9770,8.459520183478016e-08,3.3178449259074277e-06,3.2332497240726477e-06,1.5935103525600105,3822.0249540717346,366.9193183336366,990,10,113,0,73,2,2,0.838170937000541,0.005282302001432981,0.43942771699948935,0.3935800389990618
instance_n200_s25_seed1000,1000,placement_n200_s25,upgrade-then-downgrade,200,23,25,101,101,0,1000,1000,8.459520183478016e-08,1.6796299105044584e-06,1.5950347086696781e-06,1.2978678689240108,1885.490753701236,298.8451207660377,930,70,24,5,29,13,13,5.428169038998021,0.007202475004305597,0.409784594001394,5.011227636001422
instance_n200_s25_seed1001,1001,placement_n200_s25,downgrade-then-upgrade,200,25,25,98,98,0,0,10420,2.0125426810289277e-07,1.6579819046655314e-06,1.4567276365626387e-06,0.9158346868744478,723.8244685662396,210.8787297643973,-70,70,113,0,65,2,2,0.9688454820025072,0.005721032997826114,0.4817862560012145,0.48136080100084655
instance_n200_s25_seed1001,1001,placement_n200_s25,upgrade-then-downgrade,200,25,25,98,98,0,0,0,2.0125426810289277e-07,2.0125426810289277e-07,0.0,0.0,0.0,0.0,0,0,0,0,0,2,2,1.0027485889986565,0.005360171002394054,0.4223854459996801,0.5749265779995767
instance_n200_s25_seed1001,1001,placement_n200_s25,downgrade-then-upgrade,200,25,25,98,98,0,100,10520,2.0125426810289277e-07,1.86522964274872e-06,1.6639753746458274e-06,0.9669872093218284,826.8025271370182,222.65703333003552,50,50,114,0,66,2,2,0.8114261939990683,0.005401064998295624,0.3927261480021116,0.41343381199840223
instance_n200_s25_seed1001,1001,placement_n200_s25,upgrade-then-downgrade,200,25,25,98,98,0,100,100,2.0125426810289277e-07,1.3110209819141595e-06,1.1097667138112668e-06,0.8138645428610812,551.4251818221763,187.3992364108339,80,20,16,8,24,16,16,6.884488604999206,0.00667101499857381,0.3994273959979182,6.479209486999025
instance_n200_s25_seed1001,1001,placement_n200_s25,downgrade-then-upgrade,200,25,25,98,98,0,300,10720,2.0125426810289277e-07,2.3606812666038465e-06,2.159426998500954e-06,1.0692922542165906,1072.9844484077876,246.21364046131208,290,10,116,0,67,2,2,0.8654889179997554,0.004981758997018915,0.4082528809994983,0.4523827280027035
instance_n200_s25_seed1001,1001,placement_n200_s25,upgrade-then-downgrade,200,25,25,98,98,0,300,300,2.0125426810289277e-07,1.6085543904633957e-06,1.407300122360503e-06,0.9026906509530284,699.2647339240577,207.85220364695346,260,40,18,8,26,16,16,7.039767975998984,0.007558321001852164,0.47253893300148775,6.559601932000078
instance_n200_s25_seed1001,1001,placement_n200_s25,downgrade-then-upgrade,200,25,25,98,98,0,600,11020,2.0125426810289277e-07,2.914865588337069e-06,2.7136113202341764e-06,1.1608734337195803,1348.3497000157145,267.30098633355175,510,90,118,0,67,2,2,0.825625797999237,0.0049236430022574496,0.4216972430003807,0.398991723999643
instance_n200_s25_seed1001,1001,placement_n200_s25,upgrade-then-downgrade,200,25,25,98,98,0,600,600,2.0125426810289277e-07,1.7806287239744858e-06,1.5793744558715931e-06,0.9468282754157978,784.7656950381424,218.01526725976768,600,0,16,4,20,10,10,4.391687294999429,0.006416513999283779,0.39517860900014057,3.9901466429982975
instance_n200_s25_seed1001,1001,placement_n200_s25,downgrade-then-upgrade,200,25,25,98,98,0,1000,11420,2.0125426810289277e-07,4.229929814720602e-06,4.028675546617709e-06,1.3225880619420134,2001.7839048054466,304.53715555995655,910,90,122,0,64,2,2,0.8846042189979926,0.005165015001693973,0.39260658900093404,0.48693084999831626
instance_n200_s25_seed1001,1001,placement_n200_s25,upgrade-then-downgrade,200,25,25,98,98,0,1000,1000,2.0125426810289277e-07,2.4234839957100315e-06,2.222229727607139e-06,1.0806950566145983,1104.190111620891,248.83923274331306,1000,0,19,3,22,9,9,3.9173428239992063,0.0066777350002666935,0.46656492600232014,3.443979127001512
instance_n200_s25_seed1002,1002,placement_n200_s25,downgrade-then-upgrade,200,23,25,91,91,0,0,8780,5.881115583875622e-07,3.5941366720279822e-06,3.00602511364042e-06,0.786134872890485,511.1317862689355,181.01424394004,-40,40,100,0,62,2,2,0.7623908220011799,0.004431871002452681,0.38188426199849346,0.3761561729988898
instance_n200_s25_seed1002,1002,placement_n200_s25,upgrade-then-downgrade,200,23,25,91,91,0,0,0,5.881115583875622e-07,5.881115583875622e-07,0.0,0.0,0.0,0.0,0,0,0,0,0,2,2,0.7706231329975708,0.004866160998062696,0.40637654199963436,0.35938254299981054
instance_n200_s25_seed1002,1002,placement_n200_s25,downgrade-then-upgrade,200,23,25,91,91,0,100,8880,5.881115583875622e-07,3.6608319917151e-06,3.0727204333275376e-06,0.7941200832118682,522.472376117225,182.8529065650839,100,0,101,0,62,2,2,0.7142942080026842,0.005264871004328597,0.3642675060000329,0.34482020900031785
instance_n200_s25_seed1002,1002,placement_n200_s25,upgrade-then-downgrade,200,23,25,91,91,0,100,100,5.881115583875622e-07,5.985244293532509e-07,1.0412870965688744e-08,0.007622166407331884,1.7705605028811084,1.7550686745842377,60,40,1,0,1,3,3,1.1788650900016364,0.006733079000696307,0.3662820030003786,0.805893646000186
instance_n200_s25_seed1002,1002,placement_n200_s25,downgrade-then-upgrade,200,23,25,91,91,0,300,9080,5.881115583875622e-07,4.118435990679489e-06,3.5303244322919265e-06,0.8452726056592497,600.2814231318785,194.63121013072228,220,80,102,0,61,2,2,0.7834311520018673,0.011305809999612393,0.3604732769999828,0.41763227800038294
instance_n200_s25_seed1002,1002,placement_n200_s25,upgrade-then-downgrade,200,23,25,91,91,0,300,300,5.881115583875622e-07,5.409374917975148e-06,4.821263359587586e-06,0.963687368124053,819.7872139779305,221.89721681491096,260,40,20,8,28,17,17,6.812497815997631,0.008348101993760793,0.38901657200040063,6.415184941000916
instance_n200_s25_seed1002,1002,placement_n200_s25,downgrade-then-upgrade,200,23,25,91,91,0,600,9380,5.881115583875622e-07,5.8639449945416795e-06,5.275833436154117e-06,0.9987301730013926,897.0803856701916,229.96612082763707,580,20,105,0,61,2,2,0.7348292089991446,0.0052143470020382665,0.37681174800309236,0.35284882099949755
instance_n200_s25_seed1002,1002,placement_n200_s25,upgrade-then-downgrade,200,23,25,91,91,0,600,600,5.881115583875622e-07,6.865588611923956e-06,6.277477053536393e-06,1.0672180619710527,1067.3956265623283,245.73604004685416,590,10,19,5,24,13,13,5.120811265998782,0.0051965810016554315,0.34989133199997013,4.7657079250020615
instance_n200_s25_seed1002,1002,placement_n200_s25,downgrade-then-upgrade,200,23,25,91,91,0,1000,9780,5.881115583875622e-07,8.34924980668141e-06,7.761138248293848e-06,1.152187740343536,1319.671096003065,265.30103152455206,940,60,108,0,62,2,2,0.8032619740006339,0.004571104003844084,0.34582782100187615,0.4529758540011244
instance_n200_s25_seed1002,1002,placement_n200_s25,upgrade-then-downgrade,200,23,25,91,91,0,1000,1000,5.881115583875622e-07,7.771084729142472e-06,7.18297317075491e-06,1.121021929308897,1221.3623535046002,258.12483833460914,990,10,20,3,23,9,9,3.43981074399926,0.007742887999484083,0.4187472939993313,3.013690570998733
instance_n200_s25_seed1003,1003,placement_n200_s25,downgrade-then-upgrade,200,23,25,98,98,0,0,9830,4.806552194203502e-07,1.5304761040667866e-06,1.0498208846464363e-06,0.5029928905092862,218.4145396179148,115.81839315686686,-30,30,111,0,55,2,2,0.8910072809994745,0.005550394998863339,0.473418279998441,0.4129351699994004
instance_n200_s25_seed1003,1003,placement_n200_s25,upgrade-then-downgrade,200,23,25,98,98,0,0,0,4.806552194203502e-07,2.8662311845252653e-06,2.385575965104915e-06,0.7754775541418386,496.3174992631554,178.56030561184807,-50,50,15,8,23,16,16,6.670201199998701,0.006755858001270099,0.4094648049976968,6.253972735001298
instance_n200_s25_seed1003,1003,placement_n200_s25,downgrade-then-upgrade,200,23,25,98,98,0,100,9930,4.806552194203502e-07,1.7217856170751354e-06,1.2411303976547852e-06,0.5541454129566676,258.2163570701543,127.59669672250524,90,10,112,0,56,2,2,0.7976643770016381,0.005024920003052102,0.3904706970024563,0.40229861899933894
instance_n200_s25_seed1003,1003,placement_n200_s25,upgrade-then-downgrade,200,23,25,98,98,0,100,100,4.806552194203502e-07,3.2866117582556376e-06,2.8059565388352876e-06,0.8349147419937062,583.7773991550849,192.24622388356778,30,70,16,8,24,17,17,7.093139946999145,0.008005192001292016,0.38893249300235766,6.696217687000171
instance_n200_s25_seed1003,1003,placement_n200_s25,downgrade-then-upgrade,200,23,25,98,98,0,300,10130,4.806552194203502e-07,1.9370088192095248e-06,1.4563535997891745e-06,0.6052979354040483,302.99340170392304,139.37500028814344,210,90,113,0,56,2,2,0.8045157439992181,0.00854954499664018,0.40948262700112537,0.3866160069992475
instance_n200_s25_seed1003,1003,placement_n200_s25,upgrade-then-downgrade,200,23,25,98,98,0,300,300,4.806552194203502e-07,3.5892883710976772e-06,3.108633151677327e-06,0.8731746892174721,646.7490679548235,201.05590229718598,270,30,15,6,21,14,14,5.989286046999041,0.006557100005011307,0.43983689000015147,5.542687131001003
instance_n200_s25_seed1003,1003,placement_n200_s25,downgrade-then-upgrade,200,23,25,98,98,0,600,10430,4.806552194203502e-07,2.6250732993823307e-06,2.1444180799619806e-06,0.737307771962646,446.1447610093692,169.77138846698415,530,70,116,0,56,2,2,0.8077214580007421,0.004786226996657206,0.4145888279999781,0.38843536599961226
instance_n200_s25_seed1003,1003,placement_n200_s25,upgrade-then-downgrade,200,23,25,98,98,0,600,600,4.806552194203502e-07,4.816136714149696e-06,4.335481494729346e-06,1.0008651439406353,901.9940530257326,230.45771605350467,600,0,17,5,22,12,12,5.103006531000574,0.00656044600327732,0.3986238659999799,4.697857754999859
instance_n200_s25_seed1003,1003,placement_n200_s25,downgrade-then-upgrade,200,23,25,98,98,0,1000,10830,4.806552194203502e-07,3.809395486129115e-06,3.328740266708765e-06,0.8990224001850797,692.5422074315732,207.00755769338917,930,70,120,0,60,2,2,0.831125893000717,0.005119945999467745,0.39129946200046106,0.43491661999723874
instance_n200_s25_seed1003,1003,placement_n200_s25,upgrade-then-downgrade,200,23,25,98,98,0,1000,1000,4.806552194203502e-07,5.202994478771671e-06,4.722339259351321e-06,1.0344197023745703,982.4795546891723,238.18393865870232,1000,0,17,2,19,7,7,2.912887589998718,0.018865654998080572,0.3836926449985185,2.5104853570010164
instance_n200_s25_seed1004,1004,placement_n200_s25,downgrade-then-upgrade,200,21,25,92,92,0,0,7850,2.488869127882382e-07,3.13352791729521e-06,2.884641004506972e-06,1.100031507561544,1159.0167486875162,253.29161511349784,-10,10,92,0,58,2,2,0.9201059949991759,0.004739823998534121,0.5139854629996989,0.4016169290007383
instance_n200_s25_seed1004,1004,placement_n200_s25,upgrade-then-downgrade,200,21,25,92,92,0,0,0,2.488869127882382e-07,3.1413592416324485e-06,2.8924723288442105e-06,1.1011155438558646,1162.1632879127028,253.5412236946545,-60,60,25,14,39,25,25,10.957662316002825,0.00458051500027068,0.4550757520009938,10.497951920999185
instance_n200_s25_seed1004,1004,placement_n200_s25,downgrade-then-upgrade,200,21,25,92,92,0,100,7950,2.488869127882382e-07,3.684012551414641e-06,3.435125638626403e-06,1.1703190404491868,1380.1953667001887,269.4759176585393,100,0,93,0,58,2,2,0.9416496550002194,0.004799781003384851,0.4563830729966867,0.4805577249971975
instance_n200_s25_seed1004,1004,placement_n200_s25,upgrade-then-downgrade,200,21,25,92,92,0,100,100,2.488869127882382e-07,2.3732728801760085e-06,2.1243859673877704e-06,0.9793456157809611,853.5547102853387,225.50266157863152,100,0,19,9,28,19,19,8.449983572998462,0.006803150001360336,0.49281583899937687,7.950375759999588
instance_n200_s25_seed1004,1004,placement_n200_s25,downgrade-then-upgrade,200,21,25,92,92,0,300,8150,2.488869127882382e-07,3.783276762880834e-06,3.5343898500925958e-06,1.1818660522366817,1420.0786254678565,272.13471537959055,280,20,95,0,57,2,2,0.8816150960010418,0.005247420998784946,0.46928357100114226,0.4071799960001954
instance_n200_s25_seed1004,1004,placement_n200_s25,upgrade-then-downgrade,200,21,25,92,92,0,300,300,2.488869127882382e-07,2.6558053659112456e-06,2.4069184531230075e-06,1.0281941833187778,967.0731281764498,236.7504599213005,260,40,19,8,27,17,17,7.379486683999858,0.006040347998350626,0.3939146949996939,6.979562893997354
instance_n200_s25_seed1004,1004,placement_n200_s25,downgrade-then-upgrade,200,21,25,92,92,0,600,8450,2.488869127882382e-07,3.905052070277282e-06,3.656165157489044e-06,1.1956247684518122,1469.0065928053996,275.30277686516007,510,90,97,0,56,2,2,0.8613794060001965,0.0046168589979060926,0.45562603600046714,0.401213198001642
instance_n200_s25_seed1004,1004,placement_n200_s25,upgrade-then-downgrade,200,21,25,92,92,0,600,600,2.488869127882382e-07,3.251687746329991e-06,3.0028008335417528e-06,1.1161067736962376,1206.492056935369,256.9930819302636,550,50,19,6,25,13,13,5.941519921998406,0.006344702997012064,0.40945951800313196,5.525817251000262
instance_n200_s25_seed1004,1004,placement_n200_s25,downgrade-then-upgrade,200,21,25,92,92,0,1000,8850,2.488869127882382e-07,4.126505802529147e-06,3.877618889740909e-06,1.2195803994159624,1557.98424525444,280.8187647402919,930,70,100,0,56,2,2,0.8617403710013605,0.005371983999793883,0.4530324980005389,0.4034080580022419
instance_n200_s25_seed1004,1004,placement_n200_s25,upgrade-then-downgrade,200,21,25,92,92,0,1000,1000,2.488869127882382e-07,4.091020293584578e-06,3.84213338079634e-06,1.2158295731122741,1543.7265614947635,279.95510506696365,940,60,19,3,22,9,9,3.8798493100002815,0.006544485004269518,0.4210499870023341,3.4523722949998046
instance_n200_s25_seed1005,1005,placement_n200_s25,downgrade-then-upgrade,200,24,25,94,94,0,0,8280,1.4622423191544252e-07,2.027462708905925e-06,1.8812384769904823e-06,1.1419335261986474,1286.5435860715281,262.9399114615131,-40,40,96,0,65,2,2,0.8025991409995186,0.004686657001002459,0.38465578999966965,0.4134533799988276
instance_n200_s25_seed1005,1005,placement_n200_s25,upgrade-then-downgrade,200,24,25,94,94,0,0,0,1.4622423191544252e-07,1.4622423191544252e-07,0.0,0.0,0.0,0.0,0,0,0,0,0,2,2,0.8116056679973553,0.005031507000239799,0.387736930999381,0.41880738499821746
instance_n200_s25_seed1005,1005,placement_n200_s25,downgrade-then-upgrade,200,24,25,94,94,0,100,8380,1.4622423191544252e-07,2.054595728481567e-06,1.9083714965661244e-06,1.1477070320923954,1305.0993474663512,264.2693103220388,50,50,97,0,65,2,2,0.8043234049982857,0.004687148000812158,0.40835713200067403,0.39134650100095314
instance_n200_s25_seed1005,1005,placement_n200_s25,upgrade-then-downgrade,200,24,25,94,94,0,100,100,1.4622423191544252e-07,1.4699539419329273e-07,7.711622778502121e-10,0.002284378426795815,0.527383367139965,0.5259975712297233,60,40,1,0,1,3,3,1.2158372170015355,0.006409582998458063,0.38044122900100774,0.829022164001799
instance_n200_s25_seed1005,1005,placement_n200_s25,downgrade-then-upgrade,200,24,25,94,94,0,300,8580,1.4622423191544252e-07,2.1207286185904986e-06,1.974504386675056e-06,1.161465748307526,1350.3263862701347,267.4373718076083,280,20,99,0,64,2,2,0.7802614009997342,0.004860897999606095,0.39939712299747043,0.3760893990001932
instance_n200_s25_seed1005,1005,placement_n200_s25,upgrade-then-downgrade,200,24,25,94,94,0,300,300,1.4622423191544252e-07,1.1434045971630388e-06,9.971803652475962e-07,0.8931805852170573,681.9528830380442,205.66243008724942,300,0,18,7,25,16,16,6.454536847999407,0.006222241001523798,0.3606301069994515,6.0876916910019645
instance_n200_s25_seed1005,1005,placement_n200_s25,downgrade-then-upgrade,200,24,25,94,94,0,600,8880,1.4622423191544252e-07,2.200166347821661e-06,2.0539421159062185e-06,1.177436168950292,1404.6523541282522,271.11469705769605,560,40,101,0,64,2,2,0.809484755001904,0.004781948999152519,0.3863256040021952,0.41842919300324866
instance_n200_s25_seed1005,1005,placement_n200_s25,upgrade-then-downgrade,200,24,25,94,94,0,600,600,1.4622423191544252e-07,1.248705087769513e-06,1.1024808558540705e-06,0.9314405324408231,753.9659066163568,214.47210850086762,540,60,17,5,22,11,11,4.3385845039993,0.00659311900017201,0.4488914260000456,3.8832135150005342
instance_n200_s25_seed1005,1005,placement_n200_s25,downgrade-then-upgrade,200,24,25,94,94,0,1000,9280,1.4622423191544252e-07,2.567902090399116e-06,2.4216778584836736e-06,1.2445591120404391,1656.1399070190116,286.5703258734221,960,40,104,0,62,2,2,0.784607468998729,0.006807665002270369,0.3858788020006614,0.3920475510021788
instance_n200_s25_seed1005,1005,placement_n200_s25,upgrade-then-downgrade,200,24,25,94,94,0,1000,1000,1.4622423191544252e-07,1.4646906815128618e-06,1.3184664495974192e-06,1.0007265697641414,901.6743889342857,230.42580817019774,930,70,17,2,19,6,6,2.3759295490017394,0.0066009499969368335,0.43915641399871674,1.9302038889982214
instance_n200_s25_seed1006,1006,placement_n200_s25,downgrade-then-upgrade,200,24,25,95,95,0,0,8560,3.336834341852496e-07,4.16402540825969e-06,3.83034197407444e-06,1.0961787243370953,1147.8969531187352,252.40447899158252,0,0,99,0,62,2,2,0.7426148559970898,0.006168155003251741,0.34899400799986324,0.3875284780006041
instance_n200_s25_seed1006,1006,placement_n200_s25,upgrade-then-downgrade,200,24,25,95,95,0,0,0,3.336834341852496e-07,3.336834341852496e-07,0.0,0.0,0.0,0.0,0,0,0,0,0,2,2,0.8345807430014247,0.00502217100438429,0.40940666000096826,0.42017469799975515
instance_n200_s25_seed1006,1006,placement_n200_s25,downgrade-then-upgrade,200,24,25,95,95,0,100,8660,3.336834341852496e-07,3.770040873640846e-06,3.4363574394555963e-06,1.0530114122110972,1029.82560337348,242.46483805098808,20,80,99,0,63,2,2,0.7688443449987972,0.008395917000598274,0.3696575430003577,0.390842019001866
instance_n200_s25_seed1006,1006,placement_n200_s25,upgrade-then-downgrade,200,24,25,95,95,0,100,100,3.336834341852496e-07,2.6236861555863063e-06,2.2900027214010567e-06,0.8955772371481634,686.280014766848,206.21427958821545,80,20,18,9,27,20,20,7.752151192002202,0.06797440499576624,0.3451877000006789,7.339009736999287
instance_n200_s25_seed1006,1006,placement_n200_s25,downgrade-then-upgrade,200,24,25,95,95,0,300,8860,3.336834341852496e-07,3.9112581342961686e-06,3.577574700110919e-06,1.0689818328538632,1072.1463320006385,246.1421633010758,300,0,101,0,62,2,2,0.8139886770004523,0.005465839996759314,0.4336623739982315,0.3749731330026407
instance_n200_s25_seed1006,1006,placement_n200_s25,upgrade-then-downgrade,200,24,25,95,95,0,300,300,3.336834341852496e-07,2.936029745537055e-06,2.6023463113518054e-06,0.9444258046859801,779.8847784295674,217.46207793088442,240,60,18,8,26,17,17,6.843690876998153,0.006981502996495692,0.3841374760013423,6.45254068000213
instance_n200_s25_seed1006,1006,placement_n200_s25,downgrade-then-upgrade,200,24,25,95,95,0,600,9160,3.336834341852496e-07,4.0577650762508245e-06,3.724081642065575e-06,1.08495225349663,1116.0523000365947,249.81948855116372,580,20,103,0,62,2,2,0.7647167830000399,0.004990314999304246,0.3840754709999601,0.37577620500087505
instance_n200_s25_seed1006,1006,placement_n200_s25,upgrade-then-downgrade,200,24,25,95,95,0,600,600,3.336834341852496e-07,3.6766948457434e-06,3.3430114115581502e-06,1.0421229397616143,1001.8511766161652,239.9576746162225,560,40,18,6,24,12,12,4.773012370998913,0.004741764998470899,0.4315546110010473,4.336649605000275
instance_n200_s25_seed1006,1006,placement_n200_s25,downgrade-then-upgrade,200,24,25,95,95,0,1000,9560,3.336834341852496e-07,4.287879093827339e-06,3.95419565964209e-06,1.1089078844607791,1185.0140745814956,255.3354764262954,1000,0,106,0,64,2,2,0.8360622060026799,0.007825434000551468,0.411704580001242,0.4166188730014255
instance_n200_s25_seed1006,1006,placement_n200_s25,upgrade-then-downgrade,200,24,25,95,95,0,1000,1000,3.336834341852496e-07,4.199049886768183e-06,3.865366452582933e-06,1.099816387790228,1158.3932723603575,253.24208195563375,950,50,18,3,21,8,8,3.178672486999858,0.006239581998670474,0.43726615700143157,2.735162656998
instance_n200_s25_seed1007,1007,placement_n200_s25,downgrade-then-upgrade,200,25,25,102,102,0,0,8870,3.3620869646428083e-07,2.634385980756781e-06,2.2981772842925e-06,0.8940704637266164,683.5567635403687,205.86733218631804,-30,30,103,0,65,2,2,0.8298885980002524,0.0077634070003114175,0.40112143899750663,0.42105051100224955
instance_n200_s25_seed1007,1007,placement_n200_s25,upgrade-then-downgrade,200,25,25,102,102,0,0,0,3.3620869646428083e-07,1.760065816853033e-06,1.4238571203887523e-06,0.7189199655342928,423.50395315845867,165.53743956950558,-50,50,16,9,25,17,17,7.286205053998856,0.00715816899901256,0.448219539001002,6.830952894000802
instance_n200_s25_seed1007,1007,placement_n200_s25,downgrade-then-upgrade,200,25,25,102,102,0,100,8970,3.3620869646428083e-07,2.669641300655731e-06,2.3334326041914503e-06,0.8998439696203642,694.0429051154413,207.19673104684375,60,40,104,0,64,2,2,0.8998222430018359,0.005140941000718158,0.4807014319994778,0.41404708799746004
instance_n200_s25_seed1007,1007,placement_n200_s25,upgrade-then-downgrade,200,25,25,102,102,0,100,100,3.3620869646428083e-07,1.8619923388990394e-06,1.5257836424347585e-06,0.7433689469336248,453.8203974140387,171.1670255804046,50,50,17,9,26,18,18,7.785482817002048,0.00836820800032001,0.4156080020002264,7.361560305998864
instance_n200_s25_seed1007,1007,placement_n200_s25,downgrade-then-upgrade,200,25,25,102,102,0,300,9170,3.3620869646428083e-07,2.7415736936399507e-06,2.40536499717567e-06,0.9113909814078585,715.4380664365766,209.85552876789484,240,60,106,0,66,2,2,0.9395293000015954,0.0054815329967823345,0.46494177600106923,0.4695741639989137
instance_n200_s25_seed1007,1007,placement_n200_s25,upgrade-then-downgrade,200,25,25,102,102,0,300,300,3.3620869646428083e-07,1.3542415557397752e-06,1.0180328592754944e-06,0.6050871934344341,302.79789606324215,139.32647515637325,230,70,11,4,15,10,10,4.343407104999642,0.0078077030048007146,0.4058737899977132,3.9296084660018096
instance_n200_s25_seed1007,1007,placement_n200_s25,downgrade-then-upgrade,200,25,25,102,102,0,600,9470,3.3620869646428083e-07,2.8531226527023198e-06,2.516913956238039e-06,0.9287114990891,748.6165535594462,213.84372534947147,510,90,109,0,69,2,2,0.9326333700009855,0.007974624997586943,0.5129653080002754,0.4117116140005237
instance_n200_s25_seed1007,1007,placement_n200_s25,upgrade-then-downgrade,200,25,25,102,102,0,600,600,3.3620869646428083e-07,2.330022546175191e-06,1.99381384971091e-06,0.840751180616985,593.0286368790389,193.5901135405814,590,10,15,4,19,10,10,4.461726389003161,0.007166144001530483,0.43611216399949626,4.018481175000488
instance_n200_s25_seed1007,1007,placement_n200_s25,downgrade-then-upgrade,200,25,25,102,102,0,1000,9870,3.3620869646428083e-07,3.0149219446560394e-06,2.6787132481917586e-06,0.95266713005325,796.7412135266846,219.35971322460333,930,70,112,0,69,2,2,0.9025581319983758,0.006316607003100216,0.4315066269991803,0.46476282000003266
instance_n200_s25_seed1007,1007,placement_n200_s25,upgrade-then-downgrade,200,25,25,102,102,0,1000,1000,3.3620869646428083e-07,3.1907437349302034e-06,2.8545350384659225e-06,0.9772829823403422,849.0366455375705,225.0277226773635,990,10,18,3,21,9,9,4.000300187999528,0.0070540000015171245,0.41871023399653495,3.5745328099983453
instance_n200_s25_seed1008,1008,placement_n200_s25,downgrade-then-upgrade,200,24,25,95,95,0,0,9890,2.162306198364266e-07,3.6411024609797094e-06,3.4248718411432827e-06,1.2263157069497057,1583.8977124211724,282.36962661268467,0,0,110,0,71,2,2,1.018955797997478,0.005458575004013255,0.5862664080013928,0.4272748840012355
instance_n200_s25_seed1008,1008,placement_n200_s25,upgrade-then-downgrade,200,24,25,95,95,0,0,0,2.162306198364266e-07,2.162306198364266e-07,0.0,0.0,0.0,0.0,0,0,0,0,0,2,2,0.8317868239973905,0.006492140000773361,0.4476232790002541,0.3776268559995515
instance_n200_s25_seed1008,1008,placement_n200_s25,downgrade-then-upgrade,200,24,25,95,95,0,100,9990,2.162306198364266e-07,3.732130022504208e-06,3.515899402667781e-06,1.2370395723414793,1625.995155231704,284.83888787172197,20,80,110,0,73,2,2,0.8749518769982387,0.005665127002430381,0.399909324998589,0.46949954900264856
instance_n200_s25_seed1008,1008,placement_n200_s25,upgrade-then-downgrade,200,24,25,95,95,0,100,100,2.162306198364266e-07,1.518631693973212e-06,1.3024010741367855e-06,0.8465352661539952,602.3203721665421,194.92194845399362,60,40,15,7,22,16,16,6.893331451999984,0.010697170000639744,0.415360333998251,6.467342473999452
instance_n200_s25_seed1008,1008,placement_n200_s25,downgrade-then-upgrade,200,24,25,95,95,0,300,10190,2.162306198364266e-07,4.723477059731883e-06,4.507246439895456e-06,1.3393446172362415,2084.4626183401238,308.3954950029986,260,40,112,0,74,2,2,0.8752069949987344,0.005276028998196125,0.444958651001798,0.4250502930008224
instance_n200_s25_seed1008,1008,placement_n200_s25,upgrade-then-downgrade,200,24,25,95,95,0,300,300,2.162306198364266e-07,2.366535329000059e-06,2.1503047091636324e-06,1.0391957990047058,994.4496809888847,239.2836755490272,250,50,20,9,29,18,18,7.397299356001895,0.008519959003024269,0.4268584429992188,6.962016401997971
instance_n200_s25_seed1008,1008,placement_n200_s25,downgrade-then-upgrade,200,24,25,95,95,0,600,10490,2.162306198364266e-07,6.401351086675606e-06,6.18512046683918e-06,1.471354453794839,2860.4276635372357,338.7918831818393,580,20,115,0,74,2,2,0.9454175879982358,0.005282917998556513,0.46798054199825856,0.4722408150009869
instance_n200_s25_seed1008,1008,placement_n200_s25,upgrade-then-downgrade,200,24,25,95,95,0,600,600,2.162306198364266e-07,2.5036688337033886e-06,2.287438213866962e-06,1.0636596899164665,1057.8697020788984,244.91669460203252,590,10,18,5,23,13,13,5.773070851999364,0.006680858004983747,0.44061433500246494,5.325809228001162
instance_n200_s25_seed1008,1008,placement_n200_s25,downgrade-then-upgrade,200,24,25,95,95,0,1000,10890,2.162306198364266e-07,9.289370296992287e-06,9.07313967715586e-06,1.6330690820172729,4196.04757365977,376.0280524082443,990,10,119,0,77,2,2,0.9095253699997556,0.0554102209971461,0.4495315860003757,0.40509295699666836
instance_n200_s25_seed1008,1008,placement_n200_s25,upgrade-then-downgrade,200,24,25,95,95,0,1000,1000,2.162306198364266e-07,3.684251098355247e-06,3.4680204785188204e-06,1.2314320284188676,1603.8526278758745,283.54770316727047,950,50,22,5,27,12,12,5.037268677999236,0.004665692002163269,0.414964517000044,4.6176575099998445
instance_n200_s25_seed1009,1009,placement_n200_s25,downgrade-then-upgrade,200,21,25,98,98,0,0,7990,1.4174744291029677e-07,2.7600808007444326e-06,2.6183333578341358e-06,1.2894065630567229,1847.1820754404139,296.8968330903097,0,0,96,0,57,2,2,0.9218585640010133,0.006356666999636218,0.4450690720004786,0.47089798099841573
instance_n200_s25_seed1009,1009,placement_n200_s25,upgrade-then-downgrade,200,21,25,98,98,0,0,0,1.4174744291029677e-07,1.4174744291029677e-07,0.0,0.0,0.0,0.0,0,0,0,0,0,2,2,0.9154913440033852,0.004971398004272487,0.43986755700098,0.470601720000559
instance_n200_s25_seed1009,1009,placement_n200_s25,downgrade-then-upgrade,200,21,25,98,98,0,100,8090,1.4174744291029677e-07,2.806252954052708e-06,2.664505511142411e-06,1.2966115824477071,1879.7556107086973,298.555850114751,20,80,96,0,58,2,2,0.8831280779995723,0.005205108998779906,0.4165190329986217,0.4614481700009492
instance_n200_s25_seed1009,1009,placement_n200_s25,upgrade-then-downgrade,200,21,25,98,98,0,100,100,1.4174744291029677e-07,1.3356911230208108e-06,1.193943680110514e-06,0.9741908066010863,842.3035051617032,224.31572290115068,40,60,22,10,32,20,20,9.108365503998357,0.009692528001323808,0.4463832299989008,8.65229505699972
instance_n200_s25_seed1009,1009,placement_n200_s25,downgrade-then-upgrade,200,21,25,98,98,0,300,8290,1.4174744291029677e-07,2.9790916626936798e-06,2.837344219783383e-06,1.3225686330171695,2001.6898799218293,304.53268188468473,240,60,98,0,58,2,2,0.9570393779977167,0.005134805996931391,0.4368996209996112,0.5152921730004891
instance_n200_s25_seed1009,1009,placement_n200_s25,upgrade-then-downgrade,200,21,25,98,98,0,300,300,1.4174744291029677e-07,1.602223592013627e-06,1.4604761491033302e-06,1.0532078891684338,1030.336857665627,242.5100785422961,280,20,22,8,30,19,19,8.426493651000783,0.006532472998515004,0.4832227189981495,7.936832922001486
instance_n200_s25_seed1009,1009,placement_n200_s25,downgrade-then-upgrade,200,21,25,98,98,0,600,8590,1.4174744291029677e-07,3.1417953288181116e-06,3.000047885907815e-06,1.3456626565921588,2116.474078341124,309.8502773267871,600,0,102,0,58,2,2,0.9598241569983657,0.005691778002073988,0.496294784003112,0.4580723220024083
instance_n200_s25_seed1009,1009,placement_n200_s25,upgrade-then-downgrade,200,21,25,98,98,0,600,600,1.4174744291029677e-07,1.985067834663141e-06,1.8433203917528443e-06,1.1462601191983042,1300.425851716682,263.9361463159593,580,20,22,6,28,15,15,6.833778257998347,0.007787107002513949,0.4421227050006564,6.383892571997421
instance_n200_s25_seed1009,1009,placement_n200_s25,downgrade-then-upgrade,200,21,25,98,98,0,1000,8990,1.4174744291029677e-07,3.3133850870698367e-06,3.17163764415954e-06,1.3687566801671491,2237.52723791051,315.16787276888965,960,40,106,0,59,2,2,0.9100248909999209,0.004904642999463249,0.44716195999717456,0.45808767000198714
instance_n200_s25_seed1009,1009,placement_n200_s25,upgrade-then-downgrade,200,21,25,98,98,0,1000,1000,1.4174744291029677e-07,3.968628262508484e-06,3.826880819598187e-06,1.4471251878090459,2699.7882579229204,333.2128885145318,950,50,28,7,35,16,16,7.6883191440028895,0.008056982002017321,0.47686127700217185,7.203475127000274
instance_n200_s25_seed1010,1010,placement_n200_s25,downgrade-then-upgrade,200,24,25,98,98,0,0,9670,6.829121217578237e-08,1.0463990376816663e-06,9.78107825505884e-07,1.1853325100256051,1432.260161070539,272.9328967826174,-50,50,110,0,72,2,2,0.9027754489979998,0.007288860004337039,0.45024921699950937,0.44689374799781945
instance_n200_s25_seed1010,1010,placement_n200_s25,upgrade-then-downgrade,200,24,25,98,98,0,0,0,6.829121217578237e-08,6.829121217578237e-08,0.0,0.0,0.0,0.0,0,0,0,0,0,2,2,0.8566676580012427,0.005894878002436599,0.4021284320006089,0.44865511300304206
instance_n200_s25_seed1010,1010,placement_n200_s25,downgrade-then-upgrade,200,24,25,98,98,0,100,9770,6.829121217578237e-08,1.177198917391875e-06,1.1089077052160927e-06,1.2364850324729866,1623.7926812043568,284.7112003482557,70,30,111,0,71,2,2,0.8827714250001009,0.005645847002597293,0.40050837400121964,0.47672747899923706
instance_n200_s25_seed1010,1010,placement_n200_s25,upgrade-then-downgrade,200,24,25,98,98,0,100,100,6.829121217578237e-08,6.865136867001583e-08,3.601564942334624e-10,0.002284378426796678,0.527383367140146,0.5259975712299221,60,40,1,0,1,3,3,1.443488361997879,0.008517333997588139,0.5289627669990296,0.9064823530025024
instance_n200_s25_seed1010,1010,placement_n200_s25,downgrade-then-upgrade,200,24,25,98,98,0,300,9970,6.829121217578237e-08,1.4535535412917957e-06,1.3852623291160134e-06,1.3280662119759756,2028.4635240480607,305.7985462204952,290,10,113,0,69,2,2,0.8482822539990593,0.005059044000518043,0.4478165649998118,0.3954089329999988
instance_n200_s25_seed1010,1010,placement_n200_s25,upgrade-then-downgrade,200,24,25,98,98,0,300,300,6.829121217578237e-08,5.553213903990444e-07,4.870301782232621e-07,0.9101795808069869,713.1666911544062,209.57659347137377,260,40,17,6,23,14,14,6.353658269999869,0.007810254999640165,0.4495263690005231,5.896357754998462
instance_n200_s25_seed1010,1010,placement_n200_s25,downgrade-then-upgrade,200,24,25,98,98,0,600,10270,6.829121217578237e-08,1.8396537006974303e-06,1.771362488521648e-06,1.4303712568707385,2593.836647623329,329.35515335177195,530,70,115,0,67,2,2,0.8787303499993868,0.005176454003958497,0.41795417300090776,0.4557244030002039
instance_n200_s25_seed1010,1010,placement_n200_s25,upgrade-then-downgrade,200,24,25,98,98,0,600,600,6.829121217578237e-08,7.421017513054715e-07,6.738105391296891e-07,1.0360986349362125,986.6723955569761,238.57052716756027,600,0,18,4,22,11,11,4.846844137999142,0.0644874110003002,0.3901376950016129,4.392251713998121
instance_n200_s25_seed1010,1010,placement_n200_s25,downgrade-then-upgrade,200,24,25,98,98,0,1000,10670,6.829121217578237e-08,2.6696277414906654e-06,2.601336529314883e-06,1.5920858850931716,3809.1819524582647,366.5913225781768,930,70,119,0,65,2,2,0.8508809759987344,0.004955109005095437,0.43291078900074353,0.4131079850012611
instance_n200_s25_seed1010,1010,placement_n200_s25,upgrade-then-downgrade,200,24,25,98,98,0,1000,1000,6.829121217578237e-08,1.674185553055012e-06,1.6058943408792297e-06,1.3894387684217542,2351.538784735054,319.93009957959373,930,70,26,7,33,14,14,6.18744670399974,0.00669795900103054,0.47075560899975244,5.7100092619984935
instance_n200_s25_seed1011,1011,placement_n200_s25,downgrade-then-upgrade,200,24,25,95,95,0,0,9910,2.788726316613651e-07,2.24055698887229e-06,1.961684357210925e-06,0.9049500996871495,703.4338025658241,208.3724609443106,-50,50,109,0,55,2,2,0.8807860650013026,0.00494221800181549,0.41847558000154095,0.457421795999835
instance_n200_s25_seed1011,1011,placement_n200_s25,upgrade-then-downgrade,200,24,25,95,95,0,0,0,2.788726316613651e-07,2.9158189444761293e-06,2.6369463128147644e-06,1.0193546582612278,945.5737184051846,234.7150840586343,-30,30,21,11,32,22,22,9.609611348001636,0.004865107999648899,0.4371876000004704,9.167447544001334
instance_n200_s25_seed1011,1011,placement_n200_s25,downgrade-then-upgrade,200,24,25,95,95,0,100,10010,2.788726316613651e-07,2.459147914615929e-06,2.1802752829545642e-06,0.9453787567427578,781.8175881820025,217.68150325091185,50,50,110,0,55,2,2,0.9837603520027187,0.005538610999792581,0.5073618839996925,0.4705653870005335
instance_n200_s25_seed1011,1011,placement_n200_s25,upgrade-then-downgrade,200,24,25,95,95,0,100,100,2.788726316613651e-07,2.0088758663499854e-06,1.7300032346886202e-06,0.8575472063532102,620.3560472686909,197.45754138875907,50,50,15,7,22,16,16,6.793007658001443,0.006107101999077713,0.4216033620032249,6.365327030998742
instance_n200_s25_seed1011,1011,placement_n200_s25,downgrade-then-upgrade,200,24,25,95,95,0,300,10210,2.788726316613651e-07,2.9623881779281753e-06,2.6835155462668104e-06,1.0262360708539746,962.2728233602364,236.29958786411436,250,50,112,0,57,2,2,0.8789956040018296,0.004885290996753611,0.43446966700139455,0.4394570399999793
instance_n200_s25_seed1011,1011,placement_n200_s25,upgrade-then-downgrade,200,24,25,95,95,0,300,300,2.788726316613651e-07,3.5660659433065555e-06,3.2871933116451905e-06,1.1067834747985605,1178.7436049432158,254.84631302433166,250,50,21,9,30,19,19,8.160746412999288,0.007421589998557465,0.46227183600058197,7.690998463000142
instance_n200_s25_seed1011,1011,placement_n200_s25,downgrade-then-upgrade,200,24,25,95,95,0,600,10510,2.788726316613651e-07,3.971068947864345e-06,3.6921963162029798e-06,1.1535015325452256,1323.9722715732148,265.60354335844227,600,0,115,0,55,2,2,0.8252916040000855,0.0048534480010857806,0.4257943910015456,0.3947994709997147
instance_n200_s25_seed1011,1011,placement_n200_s25,upgrade-then-downgrade,200,24,25,95,95,0,600,600,2.788726316613651e-07,2.815132262607365e-06,2.536259630946e-06,1.004092908966661,909.4688194522361,231.20093641676613,530,70,15,4,19,10,10,4.39709399899948,0.006319616997643607,0.498527837000438,3.892220483998244
instance_n200_s25_seed1011,1011,placement_n200_s25,downgrade-then-upgrade,200,24,25,95,95,0,1000,10910,2.788726316613651e-07,5.290294539570251e-06,5.011421907908886e-06,1.2780739572106854,1797.0289440213885,294.2874041617234,950,50,117,0,55,2,2,0.895422341000085,0.004633655997167807,0.4343467110011261,0.4565482529978908
instance_n200_s25_seed1011,1011,placement_n200_s25,upgrade-then-downgrade,200,24,25,95,95,0,1000,1000,2.788726316613651e-07,5.697947270046625e-06,5.419074638385259e-06,1.3103125308315993,1943.2077669656874,301.7106100656141,980,20,22,5,27,12,12,5.221442868998565,0.005970221001916798,0.388372821998928,4.827005225997709
instance_n200_s25_seed1012,1012,placement_n200_s25,downgrade-then-upgrade,200,23,25,99,99,0,0,9750,3.851902054963708e-07,3.3695944834916593e-06,2.9844042779952886e-06,0.9419024030236424,774.7871662908643,216.88104322575086,-80,80,112,0,73,2,2,0.9467517829980352,0.0061640909989364445,0.48545672099862713,0.4552032600004168
instance_n200_s25_seed1012,1012,placement_n200_s25,upgrade-then-downgrade,200,23,25,99,99,0,0,0,3.851902054963708e-07,3.851902054963708e-07,0.0,0.0,0.0,0.0,0,0,0,0,0,2,2,0.9231940989993745,0.0056781620005494915,0.4420302679973247,0.4753379949979717
instance_n200_s25_seed1012,1012,placement_n200_s25,downgrade-then-upgrade,200,23,25,99,99,0,100,9850,3.851902054963708e-07,3.4321230409172785e-06,3.046932835420908e-06,0.9498876133450257,791.0203302014166,218.7197058507948,60,40,113,0,72,2,2,0.9718178160001116,0.006149095996079268,0.4757683630014071,0.49043874500057427
instance_n200_s25_seed1012,1012,placement_n200_s25,upgrade-then-downgrade,200,23,25,99,99,0,100,100,3.851902054963708e-07,3.872216345720109e-07,2.031429075640116e-09,0.0022843784267959108,0.5273833671399664,0.5259975712297453,60,40,1,0,1,3,3,1.3946803990002081,0.009170495002763346,0.4419930910007679,0.943572984997445
instance_n200_s25_seed1012,1012,placement_n200_s25,downgrade-then-upgrade,200,23,25,99,99,0,300,10050,3.851902054963708e-07,4.343780723660933e-06,3.958590518164563e-06,1.0521926582397887,1027.6976054111688,242.27631298207157,300,0,115,0,70,2,2,0.8992678720023832,0.004787045003467938,0.45394291000047815,0.4405870890004735
instance_n200_s25_seed1012,1012,placement_n200_s25,upgrade-then-downgrade,200,23,25,99,99,0,300,300,3.851902054963708e-07,7.289839512527753e-06,6.904649307031382e-06,1.277042731851459,1792.5298225415122,294.0499557477562,280,20,24,10,34,21,21,10.020854573001998,0.007299692999367835,0.5425022620001982,9.471215232002578
instance_n200_s25_seed1012,1012,placement_n200_s25,downgrade-then-upgrade,200,23,25,99,99,0,600,10350,3.851902054963708e-07,5.497597478383373e-06,5.112407272887002e-06,1.1544977031345516,1327.2422818485115,265.83292011334834,540,60,117,0,70,2,2,0.9259926849990734,0.005716728999686893,0.4836544900026638,0.4367293190007331
instance_n200_s25_seed1012,1012,placement_n200_s25,upgrade-then-downgrade,200,23,25,99,99,0,600,600,3.851902054963708e-07,4.733764950728934e-06,4.348574745232563e-06,1.089531454290447,1128.942190944036,250.87388849973067,580,20,18,4,22,11,11,5.200693030998082,0.007546237000497058,0.4898505519995524,4.703275580999616
instance_n200_s25_seed1012,1012,placement_n200_s25,downgrade-then-upgrade,200,23,25,99,99,0,1000,10750,3.851902054963708e-07,8.177328267072369e-06,7.792138061575997e-06,1.3269361967487567,2022.932553940397,305.53835059879015,960,40,121,0,67,2,2,0.9048915799976385,0.005795851000584662,0.48694479900223087,0.4123541260014463
instance_n200_s25_seed1012,1012,placement_n200_s25,upgrade-then-downgrade,200,23,25,99,99,0,1000,1000,3.851902054963708e-07,1.0323038351495366e-05,9.937848145998994e-06,1.4281323053267005,2579.9846424424795,328.8396157068481,990,10,24,5,29,13,13,6.008649744002469,0.007295908002561191,0.5149745430026087,5.486430151002423
instance_n200_s25_seed1013,1013,placement_n200_s25,downgrade-then-upgrade,200,22,25,99,99,0,0,10700,2.9397953694686483e-07,3.125443607368494e-06,2.8314640704216295e-06,1.0265945657996927,963.150054533694,236.38213437590673,-70,70,116,0,65,2,2,0.9086797350028064,0.0050506619991210755,0.5069551219967252,0.39665346999754547
instance_n200_s25_seed1013,1013,placement_n200_s25,upgrade-then-downgrade,200,22,25,99,99,0,0,0,2.9397953694686483e-07,2.9397953694686483e-07,0.0,0.0,0.0,0.0,0,0,0,0,0,2,2,0.8883097290017758,0.005884650003281422,0.4099054600010277,0.47227768800075864
instance_n200_s25_seed1013,1013,placement_n200_s25,downgrade-then-upgrade,200,22,25,99,99,0,100,10800,2.9397953694686483e-07,3.5161240582895573e-06,3.2221445213426927e-06,1.077747088247074,1096.043811350406,248.1604379415451,50,50,117,0,65,2,2,0.8286830610013567,0.004860413002461428,0.3733410150016425,0.4505104620002385
instance_n200_s25_seed1013,1013,placement_n200_s25,upgrade-then-downgrade,200,22,25,99,99,0,100,100,2.9397953694686483e-07,2.0005345438952014e-06,1.7065550069483365e-06,0.8328289533875964,580.5012908965793,191.76595330841127,90,10,16,8,24,17,17,7.3715291139997134,0.010160668003663886,0.41876712599696475,6.942672586003027
instance_n200_s25_seed1013,1013,placement_n200_s25,downgrade-then-upgrade,200,22,25,99,99,0,300,11000,2.9397953694686483e-07,4.450094511272708e-06,4.156114974325844e-06,1.1800521331418354,1413.7429487403533,271.7170450728215,290,10,119,0,64,2,2,0.8174237599996559,0.006166980001580669,0.42429265300233965,0.3869252119984594
instance_n200_s25_seed1013,1013,placement_n200_s25,upgrade-then-downgrade,200,22,25,99,99,0,300,300,2.9397953694686483e-07,2.3571270007307615e-06,2.0631474637838965e-06,0.9040658812076405,701.7996848388801,208.1688621153239,260,40,18,8,26,16,16,6.908023758001946,0.00967138700070791,0.4462245630020334,6.452123766001023
instance_n200_s25_seed1013,1013,placement_n200_s25,downgrade-then-upgrade,200,22,25,99,99,0,600,11300,2.9397953694686483e-07,5.6321508658295155e-06,5.338171328882651e-06,1.2823571780365974,1815.8309194995077,295.2736522040981,530,70,121,0,66,2,2,0.9635925900001894,0.004789815004187403,0.3789421060027962,0.5798842420008441
instance_n200_s25_seed1013,1013,placement_n200_s25,upgrade-then-downgrade,200,22,25,99,99,0,600,600,2.9397953694686483e-07,2.6796476964292775e-06,2.3856681594824125e-06,0.9597605979195926,811.5082377021392,220.99304456127058,600,0,16,4,20,11,11,4.725732142000197,0.06996162800351158,0.38156502800120506,4.273992688998987
instance_n200_s25_seed1013,1013,placement_n200_s25,downgrade-then-upgrade,200,22,25,99,99,0,1000,11700,2.9397953694686483e-07,8.410320729407426e-06,8.11634119246056e-06,1.4564954565286976,2760.8524310069733,335.3704726216536,980,20,125,0,65,2,2,0.8268932190003397,0.004816912001842866,0.4277718299999833,0.39430415199967683
instance_n200_s25_seed1013,1013,placement_n200_s25,upgrade-then-downgrade,200,22,25,99,99,0,1000,1000,2.9397953694686483e-07,2.7789809652928742e-06,2.485001428346009e-06,0.9755684705760729,845.2974156480693,224.63294175434658,960,40,15,1,16,5,5,2.1306049580016406,0.006870126999274362,0.39982555499955197,1.7241597799984447
instance_n200_s25_seed1014,1014,placement_n200_s25,downgrade-then-upgrade,200,23,25,101,101,0,0,9730,7.068424371939029e-07,2.356975088284465e-06,1.6501326510905619e-06,0.5230323766752413,233.4512706454682,120.43265536856573,-50,50,113,0,60,2,2,0.8846606289989722,0.0049603689985815436,0.38209200799974496,0.49766588200145634
instance_n200_s25_seed1014,1014,placement_n200_s25,upgrade-then-downgrade,200,23,25,101,101,0,0,0,7.068424371939029e-07,7.068424371939029e-07,0.0,0.0,0.0,0.0,0,0,0,0,0,2,2,0.9285788010020042,0.005039093997766031,0.48942912200072897,0.4340985489980085
instance_n200_s25_seed1014,1014,placement_n200_s25,downgrade-then-upgrade,200,23,25,101,101,0,100,9830,7.068424371939029e-07,2.400712770335105e-06,1.693870333141202e-06,0.5310175869966247,239.63902618321922,122.27131799360966,90,10,114,0,61,2,2,0.9493211379995046,0.006103880998125533,0.4353936320003413,0.5078671849987586
instance_n200_s25_seed1014,1014,placement_n200_s25,upgrade-then-downgrade,200,23,25,101,101,0,100,100,7.068424371939029e-07,4.263810065073642e-06,3.556967627879739e-06,0.7804752347853794,503.21930895951317,179.71106410678425,50,50,19,9,28,19,19,8.062612115001684,0.0053886440000496805,0.3895630560000427,7.666663007003081
instance_n200_s25_seed1014,1014,placement_n200_s25,downgrade-then-upgrade,200,23,25,101,101,0,300,10030,7.068424371939029e-07,2.4452620794753446e-06,1.7384196422814416e-06,0.539002797318008,245.9416060505368,124.10998061865364,230,70,115,0,62,2,2,0.9174910109977645,0.005369034995965194,0.4784789629993611,0.4338250209984835
instance_n200_s25_seed1014,1014,placement_n200_s25,upgrade-then-downgrade,200,23,25,101,101,0,300,300,7.068424371939029e-07,3.940733939471288e-06,3.233891502277385e-06,0.7462544985975,457.5123580745415,171.83144840503496,280,20,15,5,20,12,12,5.072764444998029,0.007878189000621205,0.3872293710010126,4.6778305750012805
instance_n200_s25_seed1014,1014,placement_n200_s25,downgrade-then-upgrade,200,23,25,101,101,0,600,10330,7.068424371939029e-07,3.481632921752972e-06,2.774790484559069e-06,0.6924603646601508,392.5613883024232,159.4448913155684,590,10,118,0,62,2,2,0.8787255329989421,0.0066516120023152325,0.42195167200043215,0.45019905700246454
instance_n200_s25_seed1014,1014,placement_n200_s25,upgrade-then-downgrade,200,23,25,101,101,0,600,600,7.068424371939029e-07,5.608990342754996e-06,4.902147905561093e-06,0.8995620766071686,693.5276728746159,207.13182278184343,550,50,18,5,23,12,12,5.4078879869994125,0.007236049998027738,0.4499872230007895,4.9506218969982
instance_n200_s25_seed1014,1014,placement_n200_s25,downgrade-then-upgrade,200,23,25,101,101,0,1000,10730,7.068424371939029e-07,4.718378941028258e-06,4.011536503834355e-06,0.8244702012187491,567.5290973982508,189.84127949440932,910,90,121,0,61,2,2,0.9394278820000181,0.005803385000035632,0.4474908910015074,0.4862411229987629
instance_n200_s25_seed1014,1014,placement_n200_s25,upgrade-then-downgrade,200,23,25,101,101,0,1000,1000,7.068424371939029e-07,6.887781690452606e-06,6.180939253258703e-06,0.9887567579586312,874.4437130566811,227.6696571472666,970,30,18,2,20,7,7,3.081620148001093,0.008072512999206083,0.48133589700228185,2.5921876890024578
instance_n200_s25_seed1015,1015,placement_n200_s25,downgrade-then-upgrade,200,22,25,90,90,0,0,8900,4.5213756472886394e-07,2.064622649162769e-06,1.6124850844339048e-06,0.6595700964804105,356.635946716985,151.87162719404375,-10,10,100,0,51,2,2,0.9677894779997587,0.004365892000350868,0.4870753239993064,0.47634673999709776
instance_n200_s25_seed1015,1015,placement_n200_s25,upgrade-then-downgrade,200,22,25,90,90,0,0,0,4.5213756472886394e-07,2.360607815891747e-06,1.908470251162883e-06,0.7177532499108795,422.0994670742182,165.2687933692821,-30,30,21,11,32,22,22,8.793231011000898,0.005947586996626342,0.38769785600015894,8.399819369999022
instance_n200_s25_seed1015,1015,placement_n200_s25,downgrade-then-upgrade,200,22,25,90,90,0,100,9000,4.5213756472886394e-07,2.2660492490810892e-06,1.8139116843522252e-06,0.6999987535360189,401.18579517717905,161.18066950064502,90,10,101,0,52,2,2,0.8251246839972737,0.004552860002149828,0.4573782069965091,0.3632040960001177
instance_n200_s25_seed1015,1015,placement_n200_s25,upgrade-then-downgrade,200,22,25,90,90,0,100,100,4.5213756472886394e-07,4.6894972060106963e-07,1.6812155872205693e-08,0.01585569063031811,3.718371837183566,3.6509076884495846,60,40,1,0,1,3,3,1.113580371998978,0.004866868996032281,0.3782949650012597,0.7304192960000364
instance_n200_s25_seed1015,1015,placement_n200_s25,downgrade-then-upgrade,200,22,25,90,90,0,300,9200,4.5213756472886394e-07,2.6130380403466268e-06,2.160900475617763e-06,0.7618751413751726,477.92987006368367,175.42823432532035,230,70,102,0,52,2,2,0.8377000039981795,0.004728837997390656,0.35796921699875384,0.4750710779990186
instance_n200_s25_seed1015,1015,placement_n200_s25,upgrade-then-downgrade,200,22,25,90,90,0,300,300,4.5213756472886394e-07,2.2218793173430633e-06,1.7697417526141993e-06,0.6914498754762826,391.4166595902004,159.21221758242774,230,70,14,5,19,12,12,4.664153752000857,0.006107709003117634,0.3779223869969428,4.280147613000736
instance_n200_s25_seed1015,1015,placement_n200_s25,downgrade-then-upgrade,200,22,25,90,90,0,600,9500,4.5213756472886394e-07,3.6297727351613757e-06,3.1776351704325117e-06,0.9046088433255431,702.8027349017248,208.2938837631982,570,30,105,0,53,2,2,0.9406050569996296,0.004493410000577569,0.5060926179976377,0.4301106329985487
instance_n200_s25_seed1015,1015,placement_n200_s25,upgrade-then-downgrade,200,22,25,90,90,0,600,600,4.5213756472886394e-07,2.7823874217748414e-06,2.3302498570459774e-06,0.789147010551916,515.3851479788839,181.70781426776568,550,50,14,3,17,8,8,3.150677880999865,0.0050169159985671286,0.4507936560003145,2.6949005390015373
instance_n200_s25_seed1015,1015,placement_n200_s25,downgrade-then-upgrade,200,22,25,90,90,0,1000,9900,4.5213756472886394e-07,5.2673728677411594e-06,4.8152353030122954e-06,1.0663234715479761,1064.9934176338293,245.53005298960304,970,30,109,0,53,2,2,0.825558386000921,0.004567389001749689,0.4075938089990814,0.4134708009987662
instance_n200_s25_seed1015,1015,placement_n200_s25,upgrade-then-downgrade,200,22,25,90,90,0,1000,1000,4.5213756472886394e-07,4.113290312570538e-06,3.661152747841674e-06,0.9589187719163359,809.7431033046723,220.79920696067123,950,50,17,2,19,6,6,2.248400653999852,0.0060323500001686625,0.3764901300019119,1.8658968230010942
instance_n200_s25_seed1016,1016,placement_n200_s25,downgrade-then-upgrade,200,23,25,97,97,0,0,9370,9.645772504277683e-08,1.0646088759691036e-06,9.681511509263268e-07,1.0428530678341772,1003.7051469926059,240.12579281780847,-40,40,107,0,72,2,2,0.9748330149996036,0.004968875004124129,0.48040913799923146,0.4895474539989664
instance_n200_s25_seed1016,1016,placement_n200_s25,upgrade-then-downgrade,200,23,25,97,97,0,0,0,9.645772504277683e-08,7.312081217978819e-07,6.34750396755105e-07,0.8797039917580187,658.0607167270506,202.55932976693708,-10,10,21,10,31,21,21,9.52112644799854,0.005644666001899168,0.4367116520006675,9.078922368000349
instance_n200_s25_seed1016,1016,placement_n200_s25,downgrade-then-upgrade,200,23,25,97,97,0,100,9470,9.645772504277683e-08,1.1976849854652399e-06,1.1012272604224631e-06,1.094005590281558,1141.66829036668,251.9040963834467,80,20,108,0,72,2,2,0.9003936230001273,0.004755404999741586,0.4587118589988677,0.4369737390006776
instance_n200_s25_seed1016,1016,placement_n200_s25,upgrade-then-downgrade,200,23,25,97,97,0,100,100,9.645772504277683e-08,7.825009524306023e-07,6.860432273878254e-07,0.9091478599623571,711.2372047791721,209.3390309676762,60,40,20,9,29,20,20,8.815918997999688,0.004629225000826409,0.48492029499902856,8.326162003999343
instance_n200_s25_seed1016,1016,placement_n200_s25,downgrade-then-upgrade,200,23,25,97,97,0,300,9670,9.645772504277683e-08,1.478848838760435e-06,1.3823911137176581e-06,1.185586769784548,1433.1574926783717,272.9914422556863,300,0,110,0,72,2,2,0.8243465480009036,0.006133836999651976,0.413340513001458,0.4049282529995253
instance_n200_s25_seed1016,1016,placement_n200_s25,upgrade-then-downgrade,200,23,25,97,97,0,300,300,9.645772504277683e-08,1.004085349118888e-06,9.076276240761111e-07,1.0174336153520422,940.9589783229894,234.27274758206505,300,0,21,8,29,18,18,7.902700377999281,0.007433435999701032,0.4075108859979082,7.487779789000342
instance_n200_s25_seed1016,1016,placement_n200_s25,downgrade-then-upgrade,200,23,25,97,97,0,600,9970,9.645772504277683e-08,1.8716680615561767e-06,1.7752103365134e-06,1.2878918146793106,1840.4024516710654,296.5480493869631,540,60,112,0,74,2,2,0.8721526879999146,0.004840889996557962,0.40230938400054583,0.46522469100091257
instance_n200_s25_seed1016,1016,placement_n200_s25,upgrade-then-downgrade,200,23,25,97,97,0,600,600,9.645772504277683e-08,1.0965553987717652e-06,1.0000976737289884e-06,1.0556935625758088,1036.8248611352462,243.08242599568342,540,60,20,6,26,13,13,5.732884568998998,0.006767514998500701,0.48859771200295654,5.237566043997504
instance_n200_s25_seed1016,1016,placement_n200_s25,downgrade-then-upgrade,200,23,25,97,97,0,1000,10370,9.645772504277683e-08,2.7160856296476604e-06,2.6196279046048835e-06,1.4496064429017437,2715.830073167429,333.78421861336795,940,60,116,0,74,2,2,0.8672840020008152,0.00769536000007065,0.4454877639982442,0.41410781599915936
instance_n200_s25_seed1016,1016,placement_n200_s25,upgrade-then-downgrade,200,23,25,97,97,0,1000,1000,9.645772504277683e-08,1.4300822334772653e-06,1.3336245084344885e-06,1.1710239963909843,1382.6000020662482,269.63823976281935,960,40,20,3,23,8,8,3.5162973670012434,0.005742565001128241,0.43167563599854475,3.0789573679976456
instance_n400_s50_seed42,42,placement_n400_s50,downgrade-then-upgrade,400,46,50,191,191,0,0,19370,2.243471860056899e-13,1.3069576241521033e-11,1.2845229055515343e-11,1.7653408800259822,5725.602930089598,406.4847594400817,-90,90,214,0,131,2,2,3.0888976610003738,0.011106869998911861,1.5853833929977554,1.4929060740032583
instance_n400_s50_seed42,42,placement_n400_s50,upgrade-then-downgrade,400,46,50,191,191,0,0,0,2.243471860056899e-13,2.741233891580138e-11,2.718799172979569e-11,2.0870254660984964,12118.713059813528,480.55537269373474,-30,30,43,24,67,44,44,68.0340675840016,0.01142144499681308,1.5082326709998597,66.5143824480001
instance_n400_s50_seed42,42,placement_n400_s50,downgrade-then-upgrade,400,46,50,191,191,0,100,19470,2.243471860056899e-13,1.4703273271711167e-11,1.4478926085705477e-11,1.8164934024733637,6453.8032963508,418.2630630057201,30,70,215,0,131,2,2,3.1690962700013188,0.01009953500033589,1.5871636659976502,1.5724186529987492
instance_n400_s50_seed42,42,placement_n400_s50,upgrade-then-downgrade,400,46,50,191,191,0,100,100,2.243471860056899e-13,2.675207493859357e-11,2.652772775258788e-11,2.076436845784446,11824.408509369528,478.11725276468417,50,50,42,23,65,43,43,65.91137680099928,0.012164716998086078,1.5482859060030023,64.35088812699905
instance_n400_s50_seed42,42,placement_n400_s50,downgrade-then-upgrade,400,46,50,191,191,0,300,19670,2.243471860056899e-13,1.860883023450946e-11,1.838448304850377e-11,1.9187984473681265,8194.657296943988,441.8196701369968,270,30,217,0,132,2,2,3.1911035659977642,0.011279837002803106,1.5756178840019857,1.6044665969966445
instance_n400_s50_seed42,42,placement_n400_s50,upgrade-then-downgrade,400,46,50,191,191,0,300,300,2.243471860056899e-13,2.9215775559322807e-11,2.8991428373317117e-11,2.114696793008214,12922.5727719098,486.9269311783029,290,10,41,21,62,39,39,60.24788394599818,0.012641855999390827,1.510972316002153,58.72443744600241
instance_n400_s50_seed42,42,placement_n400_s50,downgrade-then-upgrade,400,46,50,191,191,0,600,19970,2.243471860056899e-13,2.355180076555097e-11,2.332745357954528e-11,2.021103492262888,10397.925641444705,465.37627726827327,510,90,219,0,132,2,2,3.071699964999425,0.009766572002263274,1.586670366999897,1.4754402540020237
instance_n400_s50_seed42,42,placement_n400_s50,upgrade-then-downgrade,400,46,50,191,191,0,600,600,2.243471860056899e-13,3.748894120977222e-11,3.726459402376653e-11,2.2229825483978978,16610.23464890771,511.8606477926914,530,70,42,20,62,36,36,56.42051279700172,0.011363572997652227,1.523118985001929,54.88618343000053
instance_n400_s50_seed42,42,placement_n400_s50,downgrade-then-upgrade,400,46,50,191,191,0,1000,20370,2.243471860056899e-13,3.7725430864936555e-11,3.7501083678930865e-11,2.2257135820524137,16715.647005253613,512.4894915308267,990,10,223,0,134,2,2,3.250259914999333,0.010924353999143932,1.6586200909987383,1.5807681969999976
instance_n400_s50_seed42,42,placement_n400_s50,upgrade-then-downgrade,400,46,50,191,191,0,1000,1000,2.243471860056899e-13,5.3831625981748264e-11,5.3607278795742575e-11,2.380116871325401,23894.785466300873,548.0421627497495,930,70,43,18,61,32,32,49.47810183799811,0.011726153003110085,1.5246011649978755,47.94234395999956
instance_n400_s50_seed123,123,placement_n400_s50,downgrade-then-upgrade,400,49,50,180,180,0,0,20230,1.1800692169892243e-12,7.472850977954139e-11,7.354844056255217e-11,1.8015788401250972,6232.553099741078,414.8288581125552,0,0,221,0,119,2,2,2.878740911000932,0.00976915600040229,1.4438289790014096,1.425491444999352
instance_n400_s50_seed123,123,placement_n400_s50,upgrade-then-downgrade,400,49,50,180,180,0,0,0,1.1800692169892243e-12,1.1800692169892243e-12,0.0,0.0,0.0,0.0,0,0,0,0,0,2,2,2.843461717999162,0.010515270001633326,1.4538928379988647,1.3792446949992154
instance_n400_s50_seed123,123,placement_n400_s50,downgrade-then-upgrade,400,49,50,180,180,0,100,20330,1.1800692169892243e-12,7.80466257735475e-11,7.686655655655828e-11,1.820446650140005,6513.732876845323,419.17333192033226,50,50,221,0,119,2,2,2.833609715999046,0.00914892600121675,1.3833293440002308,1.4412280850010575
instance_n400_s50_seed123,123,placement_n400_s50,upgrade-then-downgrade,400,49,50,180,180,0,100,100,1.1800692169892243e-12,2.0518056605694082e-11,1.9337987388704858e-11,1.2402287420165299,1638.7163659808814,285.573221327002,100,0,24,12,36,24,24,34.37735846999931,0.014515652001136914,1.4415453410001646,32.92134352300127
instance_n400_s50_seed123,123,placement_n400_s50,downgrade-then-upgrade,400,49,50,180,180,0,300,20530,1.1800692169892243e-12,9.532151503505231e-11,9.414144581806309e-11,1.9072834547756483,7977.620673662801,439.16824510805907,300,0,223,0,120,2,2,2.8575254419993144,0.009191768000164302,1.4510414260003017,1.3974336669998593
instance_n400_s50_seed123,123,placement_n400_s50,upgrade-then-downgrade,400,49,50,180,180,0,300,300,1.1800692169892243e-12,2.0853593427138146e-11,1.9673524210148922e-11,1.2472734204420202,1667.1500219574466,287.19531847974906,280,20,23,10,33,20,20,28.331181089000893,0.00944927900127368,1.4355412980003166,26.886071747998358
instance_n400_s50_seed123,123,placement_n400_s50,downgrade-then-upgrade,400,49,50,180,180,0,600,20830,1.1800692169892243e-12,1.2158935398796467e-10,1.2040928477097545e-10,2.012988069426201,10203.578149270115,463.5076321035633,600,0,225,0,120,2,2,2.8216062920000695,0.01015290099894628,1.4512975539983017,1.3604949850014236
instance_n400_s50_seed123,123,placement_n400_s50,upgrade-then-downgrade,400,49,50,180,180,0,600,600,1.1800692169892243e-12,2.430316124482463e-11,2.3123092027835404e-11,1.313755286719379,1959.4691307032501,302.503333904216,540,60,23,8,31,16,16,22.920060396001645,0.012682729000516701,1.4627008969982853,21.444796734998818
instance_n400_s50_seed123,123,placement_n400_s50,downgrade-then-upgrade,400,49,50,180,180,0,1000,21230,1.1800692169892243e-12,1.6198245457771294e-10,1.6080238536072372e-10,2.1375604940916597,13626.521482442166,492.19149290684425,950,50,227,0,121,2,2,2.847850802998437,0.010238271002890542,1.4475380029980442,1.3902441969985375
instance_n400_s50_seed123,123,placement_n400_s50,upgrade-then-downgrade,400,49,50,180,180,0,1000,1000,1.1800692169892243e-12,3.057634484216735e-11,2.939627562517812e-11,1.4134780861354153,2491.0636767713054,325.4653570409161,930,70,23,5,28,11,11,15.9749206100023,0.010398278001957806,1.4524578390009992,14.512213886002428
instance_n400_s50_seed999,999,placement_n400_s50,downgrade-then-upgrade,400,46,50,186,186,0,0,18170,3.307158297687645e-14,6.994148274616202e-12,6.961076691639326e-12,2.325279852041851,21048.513754259933,535.4154724350966,-30,30,204,0,132,2,2,3.0976099479994446,0.012498883999796817,1.6459424909990048,1.439377714999864
instance_n400_s50_seed999,999,placement_n400_s50,upgrade-then-downgrade,400,46,50,186,186,0,0,0,3.307158297687645e-14,1.793405887696737e-12,1.7603343047198606e-12,1.734223608211207,5322.800260122658,399.3197428185471,-50,50,35,18,53,33,33,48.539078199999494,0.010792828998091863,1.4581988610007102,47.070313104999514
instance_n400_s50_seed999,999,placement_n400_s50,downgrade-then-upgrade,400,46,50,186,186,0,100,18270,3.307158297687645e-14,7.86841680894323e-12,7.835345225966353e-12,2.3764323744892324,23692.07797354243,547.1937760007349,90,10,205,0,133,2,2,3.027099178001663,0.009648921997722937,1.5575333009983297,1.4595484809979098
instance_n400_s50_seed999,999,placement_n400_s50,upgrade-then-downgrade,400,46,50,186,186,0,100,100,3.307158297687645e-14,1.8416319283742963e-12,1.8085603453974198e-12,1.7457478527252117,5468.623460394864,401.9732981811437,80,20,35,17,52,32,32,47.49829190800301,0.011618377000559121,1.6301294419972692,45.855957895000756
instance_n400_s50_seed999,999,placement_n400_s50,downgrade-then-upgrade,400,46,50,186,186,0,300,18470,3.307158297687645e-14,8.014428667253518e-12,7.981357084276642e-12,2.384417584810616,24133.580451401984,549.0324386257789,230,70,206,0,134,2,2,2.9201281699970423,0.01058790499882889,1.4637546640005894,1.446034028998838
instance_n400_s50_seed999,999,placement_n400_s50,upgrade-then-downgrade,400,46,50,186,186,0,300,300,3.307158297687645e-14,1.7562167448461332e-12,1.7231451618692566e-12,1.7251231306772001,5210.349813234142,397.224280427654,290,10,33,14,47,28,28,41.61075736299972,0.012584695999976248,1.5029823719996784,40.09531654099919
instance_n400_s50_seed999,999,placement_n400_s50,downgrade-then-upgrade,400,46,50,186,186,0,600,18770,3.307158297687645e-14,1.1411168942241838e-11,1.1378097359264961e-11,2.5378751521527603,34404.45341615638,584.367349322694,590,10,209,0,134,2,2,3.0148627390008187,0.008769178002694389,1.547483407000982,1.458664902998862
instance_n400_s50_seed999,999,placement_n400_s50,upgrade-then-downgrade,400,46,50,186,186,0,600,600,3.307158297687645e-14,1.953202705505168e-12,1.9201311225282915e-12,1.7712923341918099,5805.984926306192,407.8551324044689,550,50,33,12,45,25,25,36.54076335600257,0.008942595995904412,1.4118487289997574,35.12010857900168
instance_n400_s50_seed999,999,placement_n400_s50,downgrade-then-upgrade,400,46,50,186,186,0,1000,19170,3.307158297687645e-14,1.6247543279090447e-11,1.621447169611357e-11,2.6913327194949046,49028.41121167583,619.7022600196092,950,50,212,0,135,2,2,2.9521257460000925,0.009964591001335066,1.5263959179974336,1.4160805249994155
instance_n400_s50_seed999,999,placement_n400_s50,upgrade-then-downgrade,400,46,50,186,186,0,1000,1000,3.307158297687645e-14,2.4573675362047093e-12,2.424295953227833e-12,1.871015133607848,7330.450299046444,430.8171555411693,940,60,33,9,42,20,20,29.4696731619988,0.01203273899955093,1.4857853449975664,27.971903998997732
instance_n400_s50_seed1000,1000,placement_n400_s50,downgrade-then-upgrade,400,44,50,192,192,0,0,18680,1.4988032589302308e-13,5.548380030133096e-12,5.398499704240072e-12,1.5684215712054923,3601.873476104693,361.1424129388066,-80,80,211,0,129,2,2,3.121029013000225,0.010143645999050932,1.5799637009986327,1.5310700199988787
instance_n400_s50_seed1000,1000,placement_n400_s50,upgrade-then-downgrade,400,44,50,192,192,0,0,0,1.4988032589302308e-13,1.6230780857214487e-13,1.2427482679121786e-14,0.034594785351992355,8.29160372121948,7.965743704682636,0,0,3,1,4,4,4,6.201441212997452,0.009542657997371862,1.497877491001418,4.693960851000156
instance_n400_s50_seed1000,1000,placement_n400_s50,downgrade-then-upgrade,400,44,50,192,192,0,100,18780,1.4988032589302308e-13,5.651339659558247e-12,5.501459333665224e-12,1.5764067815268756,3670.56803545509,362.98107556385054,60,40,212,0,130,2,2,3.2277246140001807,0.012325512001552852,1.538376253000024,1.6790139929980796
instance_n400_s50_seed1000,1000,placement_n400_s50,upgrade-then-downgrade,400,44,50,192,192,0,100,100,1.4988032589302308e-13,1.6518156652381514e-13,1.530124063079206e-14,0.04221695175932422,10.208972084643921,9.72081237926687,60,40,4,1,5,5,5,7.797229357998731,0.012851315997977508,1.5524952889973065,6.232068111999979
instance_n400_s50_seed1000,1000,placement_n400_s50,downgrade-then-upgrade,400,44,50,192,192,0,300,18980,1.4988032589302308e-13,6.317791331756597e-12,6.167911005863574e-12,1.6248206489038675,4115.223908884421,374.1287804954958,300,0,214,0,130,2,2,3.092474503999256,0.011614456001552753,1.5586792590002005,1.5224773039990396
instance_n400_s50_seed1000,1000,placement_n400_s50,upgrade-then-downgrade,400,44,50,192,192,0,300,300,1.4988032589302308e-13,1.6995052449152002e-13,2.007019859849694e-14,0.054577880482634906,13.390815958608218,12.567021400652582,300,0,5,0,5,3,3,4.737157553998259,0.01022433300022385,1.5174299270001939,3.2095981139973446
instance_n400_s50_seed1000,1000,placement_n400_s50,downgrade-then-upgrade,400,44,50,192,192,0,600,19280,1.4988032589302308e-13,7.420392465854274e-12,7.270512139961251e-12,1.6946822470644052,4850.878256797073,390.21500794521523,580,20,216,0,129,2,2,3.01594045100137,0.009836481996899238,1.548972970002069,1.457126124001661
instance_n400_s50_seed1000,1000,placement_n400_s50,upgrade-then-downgrade,400,44,50,192,192,0,600,600,1.4988032589302308e-13,6.2643377530096024e-12,6.114457427116579e-12,1.6211305367142486,4079.5597358660443,373.27910076356653,590,10,34,13,47,26,26,40.609348429999955,0.01276817199686775,1.5011001540005964,39.09573924899814
instance_n400_s50_seed1000,1000,placement_n400_s50,downgrade-then-upgrade,400,44,50,192,192,0,1000,19680,1.4988032589302308e-13,1.0565363491421393e-11,1.041548316552837e-11,1.8481398144065482,6949.19970547863,425.54991864213,940,60,219,0,131,2,2,3.2631380860002537,0.015384507998533081,1.7431014479989244,1.5048357900013798
instance_n400_s50_seed1000,1000,placement_n400_s50,upgrade-then-downgrade,400,44,50,192,192,0,1000,1000,1.4988032589302308e-13,8.254393439388136e-12,8.104513113495113e-12,1.7409405366179382,5407.32285255351,400.8663727405519,960,40,35,11,46,22,22,34.295316090003325,0.011789640997449169,1.5609692500001984,32.722500093001145
instance_n400_s50_seed1001,1001,placement_n400_s50,downgrade-then-upgrade,400,48,50,193,193,0,0,19450,1.9746629213023652e-13,8.302446617470237e-12,8.10498032534e-12,1.623713120481769,4104.488030794875,373.8737626520166,-20,20,219,0,121,2,2,3.4267731870022544,0.01090323499738588,1.7147853770002257,1.7013032999966526
instance_n400_s50_seed1001,1001,placement_n400_s50,upgrade-then-downgrade,400,48,50,193,193,0,0,0,1.9746629213023652e-13,1.9746629213023652e-13,0.0,0.0,0.0,0.0,0,0,0,0,0,2,2,3.393536067000241,0.018209541998658096,1.7150418259989237,1.6605773779992887
instance_n400_s50_seed1001,1001,placement_n400_s50,downgrade-then-upgrade,400,48,50,193,193,0,100,19550,1.9746629213023652e-13,9.34025244465402e-12,9.142786152523782e-12,1.6748656429291502,4630.049034644236,385.652066217655,100,0,220,0,122,2,2,3.2043519990002096,0.01025723100246978,1.6047095280009671,1.5894855379992805
instance_n400_s50_seed1001,1001,placement_n400_s50,upgrade-then-downgrade,400,48,50,193,193,0,100,100,1.9746629213023652e-13,5.654014084953008e-12,5.456547792822772e-12,1.4568639146448568,2763.2806257505313,335.4553132382197,60,40,28,13,41,26,26,42.30670041999838,0.009988619000068866,1.5299743319992558,40.766731858999265
instance_n400_s50_seed1001,1001,placement_n400_s50,downgrade-then-upgrade,400,48,50,193,193,0,300,19750,1.9746629213023652e-13,1.0507784000235777e-11,1.031031770810554e-11,1.7260181653765319,5221.305163974767,397.4303697832934,220,80,221,0,121,2,2,3.2689882359991316,0.010074582998640835,1.6630655779990775,1.596069360999536
instance_n400_s50_seed1001,1001,placement_n400_s50,upgrade-then-downgrade,400,48,50,193,193,0,300,300,1.9746629213023652e-13,3.4623746007702285e-12,3.264908308639992e-12,1.2438810818126382,1653.4003213503706,286.41420364390876,260,40,23,8,31,18,18,29.73778120300267,0.01661245800278266,1.7477503310001339,27.97351966900169
instance_n400_s50_seed1001,1001,placement_n400_s50,downgrade-then-upgrade,400,48,50,193,193,0,600,20050,1.9746629213023652e-13,1.4961278390960723e-11,1.4763812098830486e-11,1.8794757327186762,7476.623954175019,432.7652804802085,580,20,224,0,123,2,2,3.328365756999119,0.013758197997958632,1.7021838780019607,1.615269284000533
instance_n400_s50_seed1001,1001,placement_n400_s50,upgrade-then-downgrade,400,48,50,193,193,0,600,600,1.9746629213023652e-13,4.6269318980506534e-12,4.429465605920417e-12,1.3698001359418652,2243.1502400414834,315.4081373400956,600,0,24,6,30,15,15,24.332109225997556,0.013295873999595642,1.5691547110000101,22.749675868999475
instance_n400_s50_seed1001,1001,placement_n400_s50,downgrade-then-upgrade,400,48,50,193,193,0,1000,20450,1.9746629213023652e-13,2.0782720935614292e-11,2.0585254643484055e-11,2.0222094346690476,10424.692954637188,465.6309299180865,920,80,227,0,124,2,2,3.295049244999973,0.010588703000394162,1.6093814039995777,1.6747070029996394
instance_n400_s50_seed1001,1001,placement_n400_s50,upgrade-then-downgrade,400,48,50,193,193,0,1000,1000,1.9746629213023652e-13,8.096108037183643e-12,7.898641745053406e-12,1.6127833235064615,3999.9949661504515,371.35708389353715,970,30,28,6,34,15,15,24.5968334470017,0.01208782000321662,1.6750121049990412,22.911878172002616
instance_n400_s50_seed1002,1002,placement_n400_s50,downgrade-then-upgrade,400,46,50,188,188,0,0,17460,1.7058118916065176e-13,2.103094031726142e-11,2.086035912810077e-11,2.090927553269438,12228.991502957973,481.4538614688722,-10,10,201,0,131,2,2,3.8727217150008073,0.009115616001508897,1.9443207710028219,1.9192820719981682
instance_n400_s50_seed1002,1002,placement_n400_s50,upgrade-then-downgrade,400,46,50,188,188,0,0,0,1.7058118916065176e-13,1.7058118916065176e-13,0.0,0.0,0.0,0.0,0,0,0,0,0,2,2,3.9607272670000384,0.010909286000241991,1.86159769400183,2.0883686720007972
instance_n400_s50_seed1002,1002,placement_n400_s50,downgrade-then-upgrade,400,46,50,188,188,0,100,17560,1.7058118916065176e-13,1.9041071279225e-11,1.887049009006435e-11,2.04776024114344,11062.468366481078,471.51422052827775,10,90,201,0,131,2,2,3.7980128210001567,0.013813034998747753,1.9020600779986125,1.882408651003061
instance_n400_s50_seed1002,1002,placement_n400_s50,upgrade-then-downgrade,400,46,50,188,188,0,100,100,1.7058118916065176e-13,1.769240320579349e-13,6.3428428972831416e-15,0.015855690630319597,3.7183718371839416,3.6509076884499265,60,40,1,0,1,3,3,5.7740280569996685,0.010676806996343657,1.9484838860007585,3.8149179329993785
instance_n400_s50_seed1002,1002,placement_n400_s50,downgrade-then-upgrade,400,46,50,188,188,0,300,17760,1.7058118916065176e-13,1.9754307028151575e-11,1.9583725838990923e-11,2.063730661786207,11480.589351823051,475.19154577836565,290,10,203,0,131,2,2,3.9405938099989726,0.01004726499741082,2.0050080100008927,1.9257161679997807
instance_n400_s50_seed1002,1002,placement_n400_s50,upgrade-then-downgrade,400,46,50,188,188,0,300,300,1.7058118916065176e-13,5.143741956240529e-12,4.973160767079877e-12,1.47934803575798,2915.4215605779373,340.6324734486347,250,50,28,13,41,25,25,47.34181246499793,0.010034914001153084,1.9066516079983558,45.42537677200016
instance_n400_s50_seed1002,1002,placement_n400_s50,downgrade-then-upgrade,400,46,50,188,188,0,600,18060,1.7058118916065176e-13,2.0494258985745563e-11,2.032367779658491e-11,2.0797010824289734,11914.372209847981,478.86887102845355,570,30,205,0,132,2,2,4.248079162000067,0.010102546999405604,2.0551769209996564,2.1829946220022975
instance_n400_s50_seed1002,1002,placement_n400_s50,upgrade-then-downgrade,400,46,50,188,188,0,600,600,1.7058118916065176e-13,6.441341259260358e-12,6.270760070099706e-12,1.5770451708336117,3676.1146413359584,363.12807013397224,570,30,28,11,39,22,22,43.06809169299959,0.013685928999620955,1.9738642369993613,41.081052084002295
instance_n400_s50_seed1002,1002,placement_n400_s50,downgrade-then-upgrade,400,46,50,188,188,0,1000,18460,1.7058118916065176e-13,2.165647912018979e-11,2.148589793102914e-11,2.1036567133931223,12595.701810235314,484.38485890358504,990,10,208,0,133,2,2,3.80814972099688,0.009232271997461794,1.9062098850008624,1.892780648002372
instance_n400_s50_seed1002,1002,placement_n400_s50,upgrade-then-downgrade,400,46,50,188,188,0,1000,1000,1.7058118916065176e-13,7.63068200412119e-12,7.460100814960538e-12,1.6506322177859354,4373.343187292876,380.0721138689596,960,40,28,8,36,17,17,32.457427697998355,0.01235835599800339,1.9104253430014069,30.534596460998728
instance_n400_s50_seed1003,1003,placement_n400_s50,downgrade-then-upgrade,400,47,50,198,198,0,0,20810,5.832951599079071e-14,6.696648304058076e-12,6.638318788067285e-12,2.05996911843166,11380.719821360028,474.32541841288264,-50,50,231,0,123,2,2,3.4956403200012574,0.009474001999478787,1.6825824239967915,1.80363359599869
instance_n400_s50_seed1003,1003,placement_n400_s50,upgrade-then-downgrade,400,47,50,198,198,0,0,0,5.832951599079071e-14,5.35667865537404e-12,5.298349139383249e-12,1.9630072212959413,9083.478663220474,451.99911651956984,-40,40,41,21,62,39,39,67.00386597400211,0.011281204995611915,1.5886014069983503,65.40397790800125
instance_n400_s50_seed1003,1003,placement_n400_s50,downgrade-then-upgrade,400,47,50,198,198,0,100,20910,5.832951599079071e-14,7.533729342065339e-12,7.475399826074549e-12,2.1111216408790416,12815.809799030038,486.103721978521,70,30,232,0,124,2,2,3.354328052002529,0.010314179999113549,1.6335212599988154,1.710876001001452
instance_n400_s50_seed1003,1003,placement_n400_s50,upgrade-then-downgrade,400,47,50,198,198,0,100,100,5.832951599079071e-14,6.049842428615798e-14,2.1689082953672687e-15,0.01585569063031969,3.7183718371839465,3.6509076884499483,60,40,1,0,1,3,3,5.156777356998646,0.012974772998859407,1.676299675997143,3.46793700699709
instance_n400_s50_seed1003,1003,placement_n400_s50,downgrade-then-upgrade,400,47,50,198,198,0,300,21110,5.832951599079071e-14,9.302318242489223e-12,9.243988726498433e-12,2.2027028203820316,15847.87490429015,507.19106785076065,290,10,234,0,124,2,2,3.3728349939992768,0.010661411000910448,1.620478490000096,1.7418613709996862
instance_n400_s50_seed1003,1003,placement_n400_s50,upgrade-then-downgrade,400,47,50,198,198,0,300,300,5.832951599079071e-14,6.707994982835145e-12,6.649665466844354e-12,2.060704356371573,11400.172543681365,474.4947132049074,280,20,41,19,60,36,36,60.7686392780015,0.012311483995290473,1.710649871998612,59.04579585800093
instance_n400_s50_seed1003,1003,placement_n400_s50,downgrade-then-upgrade,400,47,50,198,198,0,600,21410,5.832951599079071e-14,1.2299208511873477e-11,1.2240878995882687e-11,2.3239887915488566,20985.73730290394,535.1181947705644,590,10,237,0,123,2,2,3.3521505469980184,0.010868686000321759,1.675542865999887,1.6659744489988952
instance_n400_s50_seed1003,1003,placement_n400_s50,upgrade-then-downgrade,400,47,50,198,198,0,600,600,5.832951599079071e-14,2.7172051659301636e-12,2.658875649939373e-12,1.6682340588596813,4558.37084326084,384.1250875555254,580,20,30,10,40,22,22,38.12658849199943,0.012213605998113053,2.0812721500005864,36.03308462299901
instance_n400_s50_seed1003,1003,placement_n400_s50,downgrade-then-upgrade,400,47,50,198,198,0,1000,21810,5.832951599079071e-14,1.7848091860564748e-11,1.7789762344573958e-11,2.4857034197712906,30498.731289631603,572.3543639969695,990,10,241,0,126,2,2,3.3462161099996592,0.00954389299658942,1.7162065349984914,1.6205619930005923
instance_n400_s50_seed1003,1003,placement_n400_s50,upgrade-then-downgrade,400,47,50,198,198,0,1000,1000,5.832951599079071e-14,3.418575934358813e-12,3.3602464183680224e-12,1.767956858275718,5760.799419111502,407.08711069222545,970,30,30,7,37,17,17,28.562926081001933,0.012165942996944068,1.6358382689977589,26.915187450002122
instance_n400_s50_seed1004,1004,placement_n400_s50,downgrade-then-upgrade,400,45,50,189,189,0,0,16100,3.810093380562031e-15,2.866757916517165e-12,2.8629478231366028e-12,2.8764554006669583,75141.14582447022,662.3283326237953,-70,70,186,0,122,2,2,3.1374148149989196,0.009416238000994781,1.535820146000333,1.5921087930000795
instance_n400_s50_seed1004,1004,placement_n400_s50,upgrade-then-downgrade,400,45,50,189,189,0,0,0,3.810093380562031e-15,4.1251933884721273e-13,4.087092454666507e-13,2.0345086932123393,10727.013871937217,468.46293885575284,-50,50,40,21,61,39,39,61.8348327959975,0.011022554001101526,1.7826274940016447,60.04106692700225
instance_n400_s50_seed1004,1004,placement_n400_s50,downgrade-then-upgrade,400,45,50,189,189,0,100,16200,3.810093380562031e-15,2.9537215105057004e-12,2.9499114171251383e-12,2.8894339259516895,77423.59891163596,665.3167485087622,40,60,187,0,121,2,2,3.3661036749981577,0.00980113799960236,1.7211468929999683,1.6356554230005713
instance_n400_s50_seed1004,1004,placement_n400_s50,upgrade-then-downgrade,400,45,50,189,189,0,100,100,3.810093380562031e-15,4.730221752114715e-13,4.692120818309095e-13,2.0939458810642075,12314.975906488033,482.14885712747275,30,70,41,21,62,40,40,62.715351639999426,0.01197491600032663,1.6835392469984072,61.019901727002434
instance_n400_s50_seed1004,1004,placement_n400_s50,downgrade-then-upgrade,400,45,50,189,189,0,300,16400,3.810093380562031e-15,3.5779610125038035e-12,3.5741509191232414e-12,2.9726999841240627,93807.43625228458,684.4894669387703,260,40,189,0,121,2,2,3.24256926200178,0.00915294299920788,1.620011651000823,1.6136669910010824
instance_n400_s50_seed1004,1004,placement_n400_s50,upgrade-then-downgrade,400,45,50,189,189,0,300,300,3.810093380562031e-15,5.165845915609381e-13,5.127744981803761e-13,2.132205828287974,13458.318391785355,490.9585355410911,270,30,40,19,59,36,36,56.748667449002824,0.009193710000545252,1.5708423879987095,55.16866186400148
instance_n400_s50_seed1004,1004,placement_n400_s50,downgrade-then-upgrade,400,45,50,189,189,0,600,16700,3.810093380562031e-15,3.723540840409372e-12,3.71973074702881e-12,2.990020501805304,97628.33546300403,688.4776635203469,530,70,192,0,120,2,2,3.1415267749980558,0.00956039199809311,1.655563656000595,1.476837443999102
instance_n400_s50_seed1004,1004,placement_n400_s50,upgrade-then-downgrade,400,45,50,189,189,0,600,600,3.810093380562031e-15,6.469021330828292e-13,6.430920397022672e-13,2.2299029633636076,16878.642475880843,513.454132226429,590,10,40,17,57,33,33,52.46885514600217,0.011357100996974623,1.5487627090005844,50.90846327200052
instance_n400_s50_seed1004,1004,placement_n400_s50,downgrade-then-upgrade,400,45,50,189,189,0,1000,17100,3.810093380562031e-15,3.979455486182642e-12,3.97564539280208e-12,3.01888803127404,104345.09067637677,695.1246578229747,980,20,197,0,124,2,2,3.395673623002949,0.010561511997366324,1.7865776409998944,1.5983166839978367
instance_n400_s50_seed1004,1004,placement_n400_s50,upgrade-then-downgrade,400,45,50,189,189,0,1000,1000,3.810093380562031e-15,1.3152940399153553e-12,1.3114839465347932e-12,2.5380872323563937,34421.307184374964,584.4161825942347,970,30,46,18,64,34,34,49.10012146699955,0.016002290998585522,1.7606285940019006,47.32379510499959
instance_n400_s50_seed1005,1005,placement_n400_s50,downgrade-then-upgrade,400,47,50,189,189,0,0,17350,1.9968633036143813e-14,3.2919734666991555e-12,3.272004833663012e-12,2.2171079901230426,16385.7226868789,510.5079807615308,0,0,202,0,124,2,2,3.2649374549982895,0.009288113000366138,1.5170624749989656,1.7391350239995518
instance_n400_s50_seed1005,1005,placement_n400_s50,upgrade-then-downgrade,400,47,50,189,189,0,0,0,1.9968633036143813e-14,5.428485511950561e-13,5.228799181589122e-13,1.4343303470612574,2618.506320450099,330.2667675572227,-50,50,29,14,43,27,27,46.23873519100016,0.02072659699842916,2.5638520259999495,43.65423845999976
instance_n400_s50_seed1005,1005,placement_n400_s50,downgrade-then-upgrade,400,47,50,189,189,0,100,17450,1.9968633036143813e-14,3.0550117110893425e-12,3.035043078053199e-12,2.184664543388819,15199.05279725298,503.03760107997385,40,60,202,0,122,2,2,3.2202569149994815,0.010463008999067824,1.6692209329994512,1.5411097340002016
instance_n400_s50_seed1005,1005,placement_n400_s50,upgrade-then-downgrade,400,47,50,189,189,0,100,100,1.9968633036143813e-14,5.99658283296864e-13,5.796896502607201e-13,1.4775555011065373,2903.0011679390614,340.21972709192596,90,10,29,13,42,27,27,43.77103508100117,0.009792000997549621,1.5691700009992928,42.192122656997526
instance_n400_s50_seed1005,1005,placement_n400_s50,downgrade-then-upgrade,400,47,50,189,189,0,300,17650,1.9968633036143813e-14,3.500665481315252e-12,3.480696848279108e-12,2.243802276157582,17430.82183932643,516.6545672706558,300,0,204,0,120,2,2,3.2237100660022406,0.009020225996209774,1.6411309379982413,1.573663012997713
instance_n400_s50_seed1005,1005,placement_n400_s50,upgrade-then-downgrade,400,47,50,189,189,0,300,300,1.9968633036143813e-14,6.62413219920954e-13,6.424445868848101e-13,1.520780655151817,3217.2687320257055,350.17268662662923,230,70,29,12,41,24,24,37.69652493299873,0.011205975002667401,1.6048919050008408,36.08006205900165
instance_n400_s50_seed1005,1005,placement_n400_s50,downgrade-then-upgrade,400,47,50,189,189,0,600,17950,1.9968633036143813e-14,3.2881658964147845e-12,3.268197263378641e-12,2.2166053846743523,16366.654930575907,510.39225158014966,600,0,206,0,123,2,2,3.1754205690012896,0.009930021999025485,1.633919125997636,1.5315787760009698
instance_n400_s50_seed1005,1005,placement_n400_s50,upgrade-then-downgrade,400,47,50,189,189,0,600,600,1.9968633036143813e-14,8.295185956946659e-13,8.09549962658522e-13,1.6184777902274519,4054.108066351927,372.66828331196746,550,50,29,10,39,20,20,31.820272793000186,0.06579135299762129,1.4926032069997746,30.26186944300207
instance_n400_s50_seed1005,1005,placement_n400_s50,downgrade-then-upgrade,400,47,50,189,189,0,1000,18350,1.9968633036143813e-14,4.2388102506166506e-12,4.218841617580507e-12,2.3268956398904974,21127.343118300985,535.78752133647,980,20,209,0,120,2,2,3.242362396002136,0.015979979001713218,1.5840972010009864,1.642512917998829
instance_n400_s50_seed1005,1005,placement_n400_s50,upgrade-then-downgrade,400,47,50,189,189,0,1000,1000,1.9968633036143813e-14,1.0429487336903835e-12,1.0229801006542397e-12,1.7179146251189163,5122.935049197487,395.56446068352716,970,30,29,7,36,16,16,25.165043690998573,0.013519230000383686,1.5494620720019157,23.603753240000515
instance_n400_s50_seed1006,1006,placement_n400_s50,downgrade-then-upgrade,400,46,50,180,180,0,0,17570,2.909614742628198e-13,3.393642993723614e-11,3.364546846297332e-11,2.066830664676485,11563.5475618267,475.90534782270487,-50,50,197,0,124,2,2,2.8144949689994974,0.009534552002151031,1.3811880710018158,1.4245916660001967
instance_n400_s50_seed1006,1006,placement_n400_s50,upgrade-then-downgrade,400,46,50,180,180,0,0,0,2.909614742628198e-13,2.909614742628198e-13,0.0,0.0,0.0,0.0,0,0,0,0,0,2,2,2.9631311019984423,0.009638161001930712,1.4097523919990635,1.54358434200185
instance_n400_s50_seed1006,1006,placement_n400_s50,downgrade-then-upgrade,400,46,50,180,180,0,100,17670,2.909614742628198e-13,3.4566178121638473e-11,3.427521664737565e-11,2.074815874997868,11779.984526891529,477.74401044774885,90,10,198,0,124,2,2,2.9073422250003205,0.009142957998847123,1.4110084580024704,1.4877599620012916
instance_n400_s50_seed1006,1006,placement_n400_s50,upgrade-then-downgrade,400,46,50,180,180,0,100,100,2.909614742628198e-13,2.961131232047179e-13,5.151648941898093e-15,0.007622166407331884,1.7705605028811164,1.7550686745842377,60,40,1,0,1,3,3,4.421641643002658,0.012026719003188191,1.5901933899986034,2.8194309280006564
instance_n400_s50_seed1006,1006,placement_n400_s50,downgrade-then-upgrade,400,46,50,180,180,0,300,17870,2.909614742628198e-13,3.520761235482352e-11,3.49166508805607e-11,2.0828010853192516,12000.437848009105,479.5826730727928,230,70,199,0,123,2,2,2.89390392399946,0.00959447900095256,1.3837899069985724,1.5007007870008238
instance_n400_s50_seed1006,1006,placement_n400_s50,upgrade-then-downgrade,400,46,50,180,180,0,300,300,2.909614742628198e-13,5.724499626460028e-11,5.695403479033746e-11,2.2939020428032797,19574.42473600199,528.1904648547421,250,50,44,21,65,38,38,56.92263536500104,0.0094553620001534,1.4861529970003176,55.42703595199782
instance_n400_s50_seed1006,1006,placement_n400_s50,downgrade-then-upgrade,400,46,50,180,180,0,600,18170,2.909614742628198e-13,4.42795260487148e-11,4.398856457445198e-11,2.1823674751436246,15118.3467453557,502.50868157007636,590,10,202,0,121,2,2,3.0397853559989017,0.028034967002895428,1.5138213139980508,1.4982178249993012
instance_n400_s50_seed1006,1006,placement_n400_s50,upgrade-then-downgrade,400,46,50,180,180,0,600,600,2.909614742628198e-13,7.168605257851578e-11,7.139509110425297e-11,2.391599177878913,24537.644128020598,550.68606154008,570,30,44,19,63,35,35,51.81091921699772,0.009441202000743942,1.4544427740001993,50.34716915899844
instance_n400_s50_seed1006,1006,placement_n400_s50,downgrade-then-upgrade,400,46,50,180,180,0,1000,18570,2.909614742628198e-13,6.462259541357606e-11,6.433163393931325e-11,2.346548907877542,22110.017864840673,540.3128535260287,970,30,205,0,123,2,2,3.0621108329978597,0.009010616002342431,1.4989295479972498,1.5543942199983576
instance_n400_s50_seed1006,1006,placement_n400_s50,upgrade-then-downgrade,400,46,50,180,180,0,1000,1000,2.909614742628198e-13,3.578748076535832e-11,3.54965192910955e-11,2.089895639045935,12199.731727724266,481.2162544380435,1000,0,37,11,48,23,23,33.53263552600038,0.011401910000131465,1.3653450219972,32.15610357599871
instance_n400_s50_seed1007,1007,placement_n400_s50,downgrade-then-upgrade,400,45,50,185,185,0,0,17000,5.3414235080914685e-14,1.658139357486674e-11,1.6527979339785824e-11,2.4919640143530084,30943.02354933731,573.7959191726837,-10,10,197,0,131,2,2,3.1277890860001207,0.010372335000283783,1.5208674559980864,1.5971339089992398
instance_n400_s50_seed1007,1007,placement_n400_s50,upgrade-then-downgrade,400,45,50,185,185,0,0,0,5.3414235080914685e-14,1.1192474950404022e-12,1.0658332599594876e-12,1.3212691176170268,1995.4105087247012,304.2334574058362,-50,50,25,13,38,25,25,38.549191445999895,0.009842421000939794,1.560392054998374,36.97895549900204
instance_n400_s50_seed1007,1007,placement_n400_s50,downgrade-then-upgrade,400,45,50,185,185,0,100,17100,5.3414235080914685e-14,1.5012524033877054e-11,1.4959109798796138e-11,2.44879670222701,28005.848583500807,563.8562782320893,10,90,197,0,133,2,2,2.994782513997052,0.011023659000784392,1.4583168190001743,1.5257180280023022
instance_n400_s50_seed1007,1007,placement_n400_s50,upgrade-then-downgrade,400,45,50,185,185,0,100,100,5.3414235080914685e-14,5.540037495521064e-14,1.9861398742959554e-15,0.015855690630319597,3.718371837183939,3.6509076884499265,60,40,1,0,1,3,3,4.53072392300237,0.011059770004067104,1.5294717699980538,2.9901085130004503
instance_n400_s50_seed1007,1007,placement_n400_s50,downgrade-then-upgrade,400,45,50,185,185,0,300,17300,5.3414235080914685e-14,1.5574859454272333e-11,1.5521445219191417e-11,2.4647671228697754,29058.630523639848,567.5336034821769,290,10,199,0,135,2,2,3.1729652710018854,0.00963856999806012,1.4693581050014473,1.6941876800010505
instance_n400_s50_seed1007,1007,placement_n400_s50,upgrade-then-downgrade,400,45,50,185,185,0,300,300,5.3414235080914685e-14,1.4015973449797307e-12,1.348183109898816e-12,1.41896625269266,2524.0146336580833,326.72905409117413,270,30,25,11,36,22,22,34.03391913000087,0.01212341299833497,1.5362624209992646,32.48520400000052
instance_n400_s50_seed1007,1007,placement_n400_s50,downgrade-then-upgrade,400,45,50,185,185,0,600,17600,5.3414235080914685e-14,1.615825869606889e-11,1.6104844460987974e-11,2.480737543512542,30150.84730988193,571.2109287322647,570,30,201,0,135,2,2,3.1725774539991107,0.008884888000466162,1.5914862219979113,1.5722677990015654
instance_n400_s50_seed1007,1007,placement_n400_s50,upgrade-then-downgrade,400,45,50,185,185,0,600,600,5.3414235080914685e-14,9.928032694266464e-12,9.874618459185549e-12,2.2692061852236334,18486.8667392259,522.5040335025824,580,20,44,20,64,37,37,56.87233594099962,0.012405393001245102,1.6148854259990912,55.24518960700152
instance_n400_s50_seed1007,1007,placement_n400_s50,downgrade-then-upgrade,400,45,50,185,185,0,1000,18000,5.3414235080914685e-14,1.7074586220142478e-11,1.7021171985061562e-11,2.5046931744766923,31866.35914429365,576.7269166073966,990,10,204,0,135,2,2,3.068821928998659,0.00990499500039732,1.4987754959984159,1.5604097559989896
instance_n400_s50_seed1007,1007,placement_n400_s50,upgrade-then-downgrade,400,45,50,185,185,0,1000,1000,5.3414235080914685e-14,1.3382543410087674e-11,1.332912917500676e-11,2.3988816473594747,24954.263886424837,552.3629121066925,1000,0,44,17,61,33,33,49.99933607600178,0.010459593999257777,1.4779448500012222,48.51111199400111
instance_n400_s50_seed1008,1008,placement_n400_s50,downgrade-then-upgrade,400,46,50,189,189,0,0,19850,1.8593672264420596e-13,1.9740155528816863e-11,1.9554218806172656e-11,2.0259853983343903,10516.598619192664,466.5003776828371,-80,80,218,0,140,2,2,3.5257546480024757,0.009670099996583303,1.7665776169997116,1.7494411970001238
instance_n400_s50_seed1008,1008,placement_n400_s50,upgrade-then-downgrade,400,46,50,189,189,0,0,0,1.8593672264420596e-13,1.518470576432409e-11,1.4998769041679883e-11,1.9120412092311345,8066.598587079734,440.26375855659194,0,0,35,19,54,35,35,61.039337647998764,0.010855492000700906,1.5848609140011831,59.44361957300134
instance_n400_s50_seed1008,1008,placement_n400_s50,downgrade-then-upgrade,400,46,50,189,189,0,100,19950,1.8593672264420596e-13,2.2207674969918978e-11,2.202173824727477e-11,2.0771379207817717,11843.673446591749,478.2786812484755,40,60,219,0,140,2,2,3.63809575799678,0.009552556999551598,1.7398297770014324,1.888929075001215
instance_n400_s50_seed1008,1008,placement_n400_s50,upgrade-then-downgrade,400,46,50,189,189,0,100,100,1.8593672264420596e-13,1.4818961190266467e-11,1.463302446762226e-11,1.9014525889170844,7869.89480051387,437.82563862754137,80,20,34,18,52,34,34,57.85317142900021,0.012478247001126874,1.6992631850007456,56.141285303001496
instance_n400_s50_seed1008,1008,placement_n400_s50,downgrade-then-upgrade,400,46,50,189,189,0,300,20150,1.8593672264420596e-13,2.810658863380373e-11,2.7920651911159523e-11,2.1794429656765346,15016.211705842696,501.8352883797522,280,20,221,0,140,2,2,3.3617310609988635,0.009299550998548511,1.7192669850010134,1.6333429440019245
instance_n400_s50_seed1008,1008,placement_n400_s50,upgrade-then-downgrade,400,46,50,189,189,0,300,300,1.8593672264420596e-13,2.6312931867225647e-11,2.612699514458144e-11,2.150804069465452,14051.551932845467,495.24093883020794,290,10,40,20,60,37,37,63.20103563500015,0.014893343999574427,1.6403238230013812,61.546130672999425
instance_n400_s50_seed1008,1008,placement_n400_s50,downgrade-then-upgrade,400,46,50,189,189,0,600,20450,1.8593672264420596e-13,3.557240123965787e-11,3.538646451701367e-11,2.2817480105712975,19031.45544020718,525.391895511029,520,80,223,0,140,2,2,3.335971594999137,0.010665732999768807,1.6877018659979512,1.6378016749986273
instance_n400_s50_seed1008,1008,placement_n400_s50,upgrade-then-downgrade,400,46,50,189,189,0,600,600,1.8593672264420596e-13,2.4399968823555786e-11,2.421403210091158e-11,2.118024099696453,13022.727171138575,487.69307185631874,560,40,36,16,52,29,29,48.96419461500045,0.01026299899967853,1.599830932002078,47.35409329100003
instance_n400_s50_seed1008,1008,placement_n400_s50,downgrade-then-upgrade,400,46,50,189,189,0,1000,20850,1.8593672264420596e-13,5.291169521385803e-11,5.272575849121383e-11,2.4541865041855044,28356.82900150162,565.0973259964711,940,60,227,0,139,2,2,3.4605434320001223,0.010756014999060426,1.7180550800003402,1.7320493749975867
instance_n400_s50_seed1008,1008,placement_n400_s50,upgrade-then-downgrade,400,46,50,189,189,0,1000,1000,1.8593672264420596e-13,4.8482981527687644e-11,4.829704480504344e-11,2.4162241477826387,25974.989834289438,556.3561704016546,930,70,42,17,59,31,31,52.79405641800258,0.010518916002183687,1.706325311002729,51.07805987300162
instance_n400_s50_seed1009,1009,placement_n400_s50,downgrade-then-upgrade,400,46,50,191,191,0,0,18070,2.5574542301497385e-14,5.472350367151566e-12,5.446775824850069e-12,2.330366025260415,21297.64732693246,536.5866070984417,-10,10,206,0,126,2,2,2.9198462380009005,0.011861777002195595,1.4222986009990564,1.485846900002798
instance_n400_s50_seed1009,1009,placement_n400_s50,upgrade-then-downgrade,400,46,50,191,191,0,0,0,2.5574542301497385e-14,2.5574542301497385e-14,0.0,0.0,0.0,0.0,0,0,0,0,0,2,2,3.1569833239991567,0.009037455994985066,1.640468082998268,1.507537803001469
instance_n400_s50_seed1009,1009,placement_n400_s50,downgrade-then-upgrade,400,46,50,191,191,0,100,18170,2.5574542301497385e-14,4.954577010534476e-12,4.929002468232979e-12,2.287198713134417,19273.081841016512,526.6469661578473,10,90,206,0,126,2,2,2.907478777997312,0.010503216999495635,1.4000095679984952,1.4969744410009298
instance_n400_s50_seed1009,1009,placement_n400_s50,upgrade-then-downgrade,400,46,50,191,191,0,100,100,2.5574542301497385e-14,2.602735504628032e-14,4.528127447829353e-16,0.007622166407331884,1.770560502881114,1.7550686745842377,60,40,1,0,1,3,3,4.458971817002748,0.01389063899841858,1.512585159001901,2.932475843001157
instance_n400_s50_seed1009,1009,placement_n400_s50,downgrade-then-upgrade,400,46,50,191,191,0,300,18370,2.5574542301497385e-14,5.140164333479825e-12,5.114589791178328e-12,2.3031691337771836,19998.753959631445,530.3242914079352,290,10,208,0,124,2,2,2.9016963639987807,0.010075497997604543,1.4711792369998875,1.4205780869997398
instance_n400_s50_seed1009,1009,placement_n400_s50,upgrade-then-downgrade,400,46,50,191,191,0,300,300,2.5574542301497385e-14,1.8885743193247316e-12,1.862999777023234e-12,1.8683262098507238,7284.586973484784,430.1980079652342,300,0,37,17,54,32,32,47.7986230839997,0.010986247994878795,1.4505357630005165,46.337067747997935
instance_n400_s50_seed1009,1009,placement_n400_s50,downgrade-then-upgrade,400,46,50,191,191,0,600,18670,2.5574542301497385e-14,5.332703340567895e-12,5.307128798266398e-12,2.3191395544199502,20751.608125380473,534.0016166580231,570,30,210,0,122,2,2,2.9722046709975984,0.017275395002798177,1.4726697110017994,1.4823741959990002
instance_n400_s50_seed1009,1009,placement_n400_s50,upgrade-then-downgrade,400,46,50,191,191,0,600,600,2.5574542301497385e-14,2.657371811220502e-12,2.6317972689190045e-12,2.0166444537587966,10290.691570910003,464.3495457094126,530,70,38,16,54,30,30,45.104670325999905,0.010694838001654716,1.4959745279993513,43.59789739799817
instance_n400_s50_seed1009,1009,placement_n400_s50,downgrade-then-upgrade,400,46,50,191,191,0,1000,19070,2.5574542301497385e-14,6.874445601465334e-12,6.848871059163837e-12,2.4294298096360967,26780.033747711826,559.3968864143438,950,50,213,0,123,2,2,2.9119914900002186,0.011398517999623436,1.5124255859991536,1.3882249779999256
instance_n400_s50_seed1009,1009,placement_n400_s50,upgrade-then-downgrade,400,46,50,191,191,0,1000,1000,2.5574542301497385e-14,2.422220735237077e-12,2.3966461929355796e-12,1.9764058475152648,9371.218318129026,455.08426421949116,1000,0,34,10,44,21,21,32.391389706001064,0.009506006997980876,1.4709739849968173,30.91099243699864
instance_n400_s50_seed1010,1010,placement_n400_s50,downgrade-then-upgrade,400,46,50,196,196,0,0,20500,2.468068664948428e-13,1.1836786382926857e-11,1.1589979516432014e-11,1.6808765718433492,4695.971259241361,387.0361337489431,-70,70,230,0,129,2,2,3.3683532100003504,0.009913179001159733,1.6771844349968887,1.6813152809991152
instance_n400_s50_seed1010,1010,placement_n400_s50,upgrade-then-downgrade,400,46,50,196,196,0,0,0,2.468068664948428e-13,2.468068664948428e-13,0.0,0.0,0.0,0.0,0,0,0,0,0,2,2,3.461645077997673,0.012062809997587465,1.7771205160024692,1.6723327699983201
instance_n400_s50_seed1010,1010,placement_n400_s50,downgrade-then-upgrade,400,46,50,196,196,0,100,20600,2.468068664948428e-13,1.331638468079272e-11,1.3069577814297877e-11,1.7320290942907306,5295.467666646533,398.8144373145815,50,50,231,0,130,2,2,3.4356203749994165,0.011033861002943013,1.6251864999976533,1.7994688649996533
instance_n400_s50_seed1010,1010,placement_n400_s50,upgrade-then-downgrade,400,46,50,196,196,0,100,100,2.468068664948428e-13,2.4810848485769465e-13,1.3016183628518366e-15,0.0022843784267936084,0.5273833671394368,0.5259975712292152,60,40,1,0,1,3,3,5.0004192359992885,0.009344523998151999,1.5969677810026042,3.394192766998458
instance_n400_s50_seed1010,1010,placement_n400_s50,downgrade-then-upgrade,400,46,50,196,196,0,300,20800,2.468068664948428e-13,1.68535493616283e-11,1.6606742495133456e-11,1.8343341391854937,6728.638765599524,422.3710444458583,290,10,233,0,128,2,2,3.3839750719998847,0.009837641002377495,1.7151660219969926,1.6589912540002842
instance_n400_s50_seed1010,1010,placement_n400_s50,upgrade-then-downgrade,400,46,50,196,196,0,300,300,2.468068664948428e-13,2.730609159620043e-13,2.625404946716147e-14,0.043902304521561346,10.637487457307055,10.108879193943226,300,0,5,0,5,3,3,5.103463904000819,0.009179402000881964,1.707690815001115,3.38652841899966
instance_n400_s50_seed1010,1010,placement_n400_s50,downgrade-then-upgrade,400,46,50,196,196,0,600,21100,2.468068664948428e-13,2.0810022839815448e-11,2.0563215973320604e-11,1.9259153186884834,8331.703353865272,443.4583903180979,510,90,235,0,129,2,2,3.368251476000296,0.010280583999701776,1.749560823001957,1.6085913479982992
instance_n400_s50_seed1010,1010,placement_n400_s50,upgrade-then-downgrade,400,46,50,196,196,0,600,600,2.468068664948428e-13,1.0954887192760669e-11,1.0708080326265826e-11,1.6472506716219149,4338.647655287005,379.2934840901051,600,0,34,11,45,24,24,40.972867249001865,0.012705667002592236,1.6764787980027904,39.283674333997624
instance_n400_s50_seed1010,1010,placement_n400_s50,downgrade-then-upgrade,400,46,50,196,196,0,1000,21500,2.468068664948428e-13,3.019862610727451e-11,2.995181924077967e-11,2.0876299469109156,12135.731742862807,480.69455954450257,910,90,239,0,129,2,2,3.595812482999463,0.01235631000236026,1.80144767299862,1.7821344209987728
instance_n400_s50_seed1010,1010,placement_n400_s50,upgrade-then-downgrade,400,46,50,196,196,0,1000,1000,2.468068664948428e-13,1.8618378540340827e-11,1.8371571673845983e-11,1.8775846177553532,7443.703627358304,432.32983516784,960,40,38,11,49,23,23,40.307352461000846,0.009999045003496576,1.7682390580011997,38.52922501099965
instance_n400_s50_seed1011,1011,placement_n400_s50,downgrade-then-upgrade,400,46,50,194,194,0,0,21890,4.658414947187659e-13,4.295800709862012e-11,4.2492165603901355e-11,1.9648059548369037,9121.593092421786,452.41329022333866,-10,10,239,0,132,2,2,3.5515859430015553,0.016654945004120236,1.6680989269989368,1.8668881080011488
instance_n400_s50_seed1011,1011,placement_n400_s50,upgrade-then-downgrade,400,46,50,194,194,0,0,0,4.658414947187659e-13,4.658414947187659e-13,0.0,0.0,0.0,0.0,0,0,0,0,0,2,2,3.2518292690001545,0.011496142000396503,1.6342937429981248,1.6061049009986164
instance_n400_s50_seed1011,1011,placement_n400_s50,downgrade-then-upgrade,400,46,50,194,194,0,100,21990,4.658414947187659e-13,4.714903218141236e-11,4.668319068669359e-11,2.005234611892512,10021.260711194649,461.7223325299399,100,0,240,0,133,2,2,3.6430143150028016,0.01118716600103653,1.7930371280017425,1.8390141689997108
instance_n400_s50_seed1011,1011,placement_n400_s50,upgrade-then-downgrade,400,46,50,194,194,0,100,100,4.658414947187659e-13,4.831632136643053e-13,1.732171894553931e-14,0.015855690630319597,3.7183718371839416,3.6509076884499265,60,40,1,0,1,3,3,5.117937531998905,0.01046402299834881,1.6688827510006377,3.4385592880025797
instance_n400_s50_seed1011,1011,placement_n400_s50,downgrade-then-upgrade,400,46,50,194,194,0,300,22190,4.658414947187659e-13,5.479598524856528e-11,5.4330143753846515e-11,2.0705105694874564,11662.796116229678,476.7526772188429,290,10,241,0,131,2,2,3.6225676509966434,0.01131433499904233,1.888468479999574,1.7229953979986021
instance_n400_s50_seed1011,1011,placement_n400_s50,upgrade-then-downgrade,400,46,50,194,194,0,300,300,4.658414947187659e-13,5.252596008853012e-13,5.941810616653521e-14,0.052135828744548966,12.755005047887938,12.004718207808892,300,0,5,0,5,3,3,5.14896257700093,0.012614142000529682,1.7259522349995677,3.4100160010020772
instance_n400_s50_seed1011,1011,placement_n400_s50,downgrade-then-upgrade,400,46,50,194,194,0,600,22490,4.658414947187659e-13,6.989616609699364e-11,6.943032460227488e-11,2.176215184138009,14904.280831442633,501.09206421434715,590,10,243,0,132,2,2,3.381444012000429,0.011630937999143498,1.6038628149981378,1.7659413260007568
instance_n400_s50_seed1011,1011,placement_n400_s50,upgrade-then-downgrade,400,46,50,194,194,0,600,600,4.658414947187659e-13,2.628696111779236e-11,2.5821119623073594e-11,1.7515022121590478,5542.8981565204085,403.2982884063518,590,10,35,12,47,27,27,46.23412255400035,0.011992591000307584,1.6811026809991745,44.54113647399936
instance_n400_s50_seed1011,1011,placement_n400_s50,downgrade-then-upgrade,400,46,50,194,194,0,1000,22890,4.658414947187659e-13,9.785581231747895e-11,9.738997082276018e-11,2.3223484558441685,20906.246422198965,534.7404935164523,1000,0,246,0,133,2,2,3.6597908939984336,0.026441567002621014,1.8609179410013894,1.7724986590001208
instance_n400_s50_seed1011,1011,placement_n400_s50,upgrade-then-downgrade,400,46,50,194,194,0,1000,1000,4.658414947187659e-13,6.476747902187905e-11,6.430163752716029e-11,2.143118822515998,13803.329728275912,493.47134532402885,1000,0,43,14,57,31,31,52.228195768999285,0.013311538001289591,1.7256637120008236,50.48931237299985
instance_n400_s50_seed1012,1012,placement_n400_s50,downgrade-then-upgrade,400,48,50,198,198,0,0,18530,1.9393138603498715e-14,2.8099054585638912e-12,2.7905123199603925e-12,2.16104360659032,14389.173289654911,497.598679384496,-40,40,216,0,137,2,2,3.337213075999898,0.009702575000119396,1.5962481679998746,1.7313208509985998
instance_n400_s50_seed1012,1012,placement_n400_s50,upgrade-then-downgrade,400,48,50,198,198,0,0,0,1.9393138603498715e-14,1.9393138603498715e-14,0.0,0.0,0.0,0.0,0,0,0,0,0,2,2,3.219166293998569,0.012408997001330135,1.5555411989989807,1.6511756170002627
instance_n400_s50_seed1012,1012,placement_n400_s50,downgrade-then-upgrade,400,48,50,198,198,0,100,18630,1.9393138603498715e-14,2.862048034083634e-12,2.8426548954801355e-12,2.1690288169117036,14658.044546576346,499.43734200954,100,0,217,0,136,2,2,3.357948487999238,0.011165684001753107,1.6801711230000365,1.666706506999617
instance_n400_s50_seed1012,1012,placement_n400_s50,upgrade-then-downgrade,400,48,50,198,198,0,100,100,1.9393138603498715e-14,2.7710400975555277e-12,2.751646958952029e-12,2.154994708775914,14188.765496966047,496.2058691908464,60,40,41,19,60,37,37,61.69069324800148,0.01799320000282023,1.6590102610025497,60.01394627600166
instance_n400_s50_seed1012,1012,placement_n400_s50,downgrade-then-upgrade,400,48,50,198,198,0,300,18830,1.9393138603498715e-14,2.9151582037882796e-12,2.895765065184781e-12,2.177014027233087,14931.905167028282,501.27600463458396,240,60,218,0,135,2,2,3.3457387939997716,0.012028467001073295,1.6448275670009025,1.689915987997665
instance_n400_s50_seed1012,1012,placement_n400_s50,upgrade-then-downgrade,400,48,50,198,198,0,300,300,1.9393138603498715e-14,3.5557282775617316e-12,3.536335138958233e-12,2.263280464165599,18234.98099642439,521.1395858052352,300,0,42,18,60,35,35,58.17917748900072,0.013691719999769703,1.5962341820013535,56.56938991900097
instance_n400_s50_seed1012,1012,placement_n400_s50,downgrade-then-upgrade,400,48,50,198,198,0,600,19130,1.9393138603498715e-14,3.024353480368485e-12,3.0049603417649864e-12,2.192984447875854,15494.966561126223,504.9533298846718,520,80,220,0,135,2,2,3.311602490997757,0.010766876999696251,1.652862824001204,1.6481778119996306
instance_n400_s50_seed1012,1012,placement_n400_s50,upgrade-then-downgrade,400,48,50,198,198,0,600,600,1.9393138603498715e-14,5.2829936610849226e-12,5.263600522481424e-12,2.435231988201745,27141.560889642784,560.732887401559,530,70,48,20,68,38,38,63.45390275099999,0.012401510000927374,1.59145896499831,61.85014510499968
instance_n400_s50_seed1012,1012,placement_n400_s50,downgrade-then-upgrade,400,48,50,198,198,0,1000,19530,1.9393138603498715e-14,3.529843837504962e-12,3.5104506989014632e-12,2.260107390966002,18101.50884121533,520.4089587003981,920,80,223,0,136,2,2,3.3356256289989688,0.012366849998215912,1.6832493479996629,1.6408212239985005
instance_n400_s50_seed1012,1012,placement_n400_s50,upgrade-then-downgrade,400,48,50,198,198,0,1000,1000,1.9393138603498715e-14,6.561432817187148e-12,6.542039678583649e-12,2.5293505850383378,33733.78498621879,582.4044952065044,960,40,46,16,62,31,31,51.38511137200112,0.010315980998711893,1.6848100179995527,49.69009735200234
instance_n400_s50_seed1013,1013,placement_n400_s50,downgrade-then-upgrade,400,44,50,194,194,0,0,22180,3.432827972936511e-13,5.726998598324696e-11,5.692670318595331e-11,2.2222750363646893,16583.03405668681,511.69773712661345,-80,80,240,0,140,2,2,3.7266978549996566,0.010347447001549881,1.83744376499817,1.8791324209996674
instance_n400_s50_seed1013,1013,placement_n400_s50,upgrade-then-downgrade,400,44,50,194,194,0,0,0,3.432827972936511e-13,3.432827972936511e-13,0.0,0.0,0.0,0.0,0,0,0,0,0,2,2,3.7856762250012252,0.011444413001299836,1.93991130699942,1.8343244380012038
instance_n400_s50_seed1013,1013,placement_n400_s50,downgrade-then-upgrade,400,44,50,194,194,0,100,22280,3.432827972936511e-13,6.285730168892963e-11,6.251401889163598e-11,2.2627036934202978,18210.64713538797,521.0067794332147,20,80,241,0,139,2,2,3.8146695850009564,0.010151294998649973,1.8421751419991779,1.962477126999147
instance_n400_s50_seed1013,1013,placement_n400_s50,upgrade-then-downgrade,400,44,50,194,194,0,100,100,3.432827972936511e-13,3.4509321366883123e-13,1.8104163751801212e-15,0.002284378426796582,0.5273833671401408,0.5259975712299,60,40,1,0,1,3,3,5.736819777001074,0.017065329000615748,1.8881545969998115,3.831646113001625
instance_n400_s50_seed1013,1013,placement_n400_s50,downgrade-then-upgrade,400,44,50,194,194,0,300,22480,3.432827972936511e-13,7.791780295442657e-11,7.757452015713292e-11,2.3559846578011827,22597.846664239947,542.485515237568,280,20,243,0,141,2,2,3.700928105001367,0.009562895000271965,1.85235477599781,1.8391865330013388
instance_n400_s50_seed1013,1013,placement_n400_s50,upgrade-then-downgrade,400,44,50,194,194,0,300,300,3.432827972936511e-13,1.553041217564825e-11,1.51871293783546e-11,1.6555309415597157,4424.086933014362,381.2000867025798,260,40,31,13,44,27,27,50.62293038700227,0.009433410996280145,1.830761775996507,48.782693597000616
instance_n400_s50_seed1013,1013,placement_n400_s50,downgrade-then-upgrade,400,44,50,194,194,0,600,22780,3.432827972936511e-13,9.938968470975706e-11,9.90464019124634e-11,2.461689272451734,28852.713475105218,566.824902233072,580,20,245,0,142,2,2,3.6895379529996717,0.0103768749977462,1.8828245010008686,1.7963406640010362
instance_n400_s50_seed1013,1013,placement_n400_s50,upgrade-then-downgrade,400,44,50,194,194,0,600,600,3.432827972936511e-13,2.075401069237152e-11,2.041072789507787e-11,1.7814499956889414,5945.747370969514,410.1940203987663,600,0,32,11,43,24,24,44.44468435100134,0.012777667001500959,1.8609600009986025,42.57111860399891
instance_n400_s50_seed1013,1013,placement_n400_s50,downgrade-then-upgrade,400,44,50,194,194,0,1000,23180,3.432827972936511e-13,1.3045765803184246e-10,1.301143752345488e-10,2.5798175373719525,37902.96987216819,594.0249404197267,920,80,247,0,140,2,2,3.701314067999192,0.009337126997706946,1.8202485920010076,1.8718182209995575
instance_n400_s50_seed1013,1013,placement_n400_s50,upgrade-then-downgrade,400,44,50,194,194,0,1000,1000,3.432827972936511e-13,3.188970834327401e-11,3.154642554598036e-11,1.9679985068372907,9189.631928743258,453.1484024878086,1000,0,35,10,45,22,22,41.27724045600189,0.018488209003407974,1.8631657589976385,39.39573894700152
instance_n400_s50_seed1014,1014,placement_n400_s50,downgrade-then-upgrade,400,49,50,196,196,0,0,19340,2.4571485415506033e-13,9.281874384296967e-12,9.036159530141907e-12,1.577204275025429,3677.498277918341,363.16470522800336,-10,10,221,0,125,2,2,3.300137963000452,0.009798554001463344,1.6624331189996155,1.6280612939990533
instance_n400_s50_seed1014,1014,placement_n400_s50,upgrade-then-downgrade,400,49,50,196,196,0,0,0,2.4571485415506033e-13,2.4571485415506033e-13,0.0,0.0,0.0,0.0,0,0,0,0,0,2,2,3.323596644997451,0.01171605900162831,1.6292157380012213,1.6826079960010247
instance_n400_s50_seed1014,1014,placement_n400_s50,downgrade-then-upgrade,400,49,50,196,196,0,100,19440,2.4571485415506033e-13,8.613749543163835e-12,8.368034689008775e-12,1.5447608282912038,3405.587634408158,355.69432554644607,30,70,221,0,126,2,2,3.4614875229999598,0.016113259000121616,1.684860552999453,1.7606548449984984
instance_n400_s50_seed1014,1014,placement_n400_s50,upgrade-then-downgrade,400,49,50,196,196,0,100,100,2.4571485415506033e-13,2.470107134264668e-13,1.2958592714064702e-15,0.002284378426796678,0.5273833671401518,0.5259975712299221,60,40,1,0,1,3,3,5.0995956390033825,0.012143441999796778,1.768457436002791,3.3189815120022104
instance_n400_s50_seed1014,1014,placement_n400_s50,downgrade-then-upgrade,400,49,50,196,196,0,300,19640,2.4571485415506033e-13,1.0901776765566735e-11,1.0656061911411676e-11,1.6470658731859666,4336.759349797828,379.25093267772286,270,30,223,0,128,2,2,3.502353742998821,0.010489414999028668,1.6629247540004144,1.829083286000241
instance_n400_s50_seed1014,1014,placement_n400_s50,upgrade-then-downgrade,400,49,50,196,196,0,300,300,2.4571485415506033e-13,2.469684857681859e-11,2.445113372266353e-11,2.0022101273690613,9951.0197732016,461.02591923217096,290,10,45,21,66,40,40,67.69986977300141,0.01406183300059638,1.7814368860017566,65.90431375800108
instance_n400_s50_seed1014,1014,placement_n400_s50,downgrade-then-upgrade,400,49,50,196,196,0,600,19940,2.4571485415506033e-13,1.379756121892036e-11,1.35518463647653e-11,1.749370918080728,5515.2735520878605,402.80753980899925,510,90,225,0,130,2,2,3.402232284002821,0.011246575002587633,1.6943850759998895,1.6971457899999223
instance_n400_s50_seed1014,1014,placement_n400_s50,upgrade-then-downgrade,400,49,50,196,196,0,600,600,2.4571485415506033e-13,5.942646266021103e-12,5.696931411866043e-12,1.3835484681991947,2318.513234153499,318.5738078310212,560,40,29,9,38,20,20,33.93237714600036,0.009572435996233253,1.649146670999471,32.27367340899946
instance_n400_s50_seed1014,1014,placement_n400_s50,downgrade-then-upgrade,400,49,50,196,196,0,1000,20340,2.4571485415506033e-13,2.1561975790143065e-11,2.1316260935988005e-11,1.9432571424784808,8675.202404546615,447.45149281251565,970,30,229,0,127,2,2,3.4214601860003313,0.01044498099872726,1.6688175310009683,1.7423608019998937
instance_n400_s50_seed1014,1014,placement_n400_s50,upgrade-then-downgrade,400,49,50,196,196,0,1000,1000,2.4571485415506033e-13,7.0668348209718764e-12,6.821119966816816e-12,1.4587935287075429,2776.030773667551,335.8996232958169,1000,0,29,6,35,15,15,25.3145957730012,0.010151639002287993,1.6925865119992523,23.611926989000494
instance_n400_s50_seed1015,1015,placement_n400_s50,downgrade-then-upgrade,400,44,50,186,186,0,0,19150,2.5554028738705173e-13,1.9897278146581383e-11,1.9641737859194332e-11,1.891334292168264,7686.356644595988,435.49581470150895,-30,30,213,0,129,2,2,3.0796309580000525,0.009374575998663204,1.5285724400018808,1.5415219759997854
instance_n400_s50_seed1015,1015,placement_n400_s50,upgrade-then-downgrade,400,44,50,186,186,0,0,0,2.5554028738705173e-13,2.5554028738705173e-13,0.0,0.0,0.0,0.0,0,0,0,0,0,2,2,3.052211337002518,0.011640472996077733,1.5540804869997373,1.4865210360003402
instance_n400_s50_seed1015,1015,placement_n400_s50,downgrade-then-upgrade,400,44,50,186,186,0,100,19250,2.5554028738705173e-13,2.2384437914904063e-11,2.2128897627517012e-11,1.9424868146156453,8659.651225170488,447.27411826714734,90,10,214,0,128,2,2,2.9371189550001873,0.009988081004848937,1.5112903430017468,1.416010680997715
instance_n400_s50_seed1015,1015,placement_n400_s50,upgrade-then-downgrade,400,44,50,186,186,0,100,100,2.5554028738705173e-13,2.568879643590732e-13,1.3476769720214612e-15,0.002284378426796678,0.5273833671401545,0.5259975712299221,60,40,1,0,1,3,3,4.4772794310010795,0.01223093399676145,1.3968573470010597,3.0695840520020283
instance_n400_s50_seed1015,1015,placement_n400_s50,downgrade-then-upgrade,400,44,50,186,186,0,300,19450,2.5554028738705173e-13,2.5182492654267082e-11,2.492695236688003e-11,1.993639337063027,9754.607628316804,459.05242183278574,210,90,215,0,127,2,2,2.954927812999813,0.009038365999003872,1.3963868129976618,1.5496628929977305
instance_n400_s50_seed1015,1015,placement_n400_s50,upgrade-then-downgrade,400,44,50,186,186,0,300,300,2.5554028738705173e-13,1.7149836495547406e-11,1.6894296208160354e-11,1.8268006050116317,6611.206546297556,420.6363840972287,290,10,35,15,50,30,30,45.16539935000037,0.016916661996219773,1.5133353279998119,43.63528047
instance_n400_s50_seed1015,1015,placement_n400_s50,downgrade-then-upgrade,400,44,50,186,186,0,600,19750,2.5554028738705173e-13,3.49810159012209e-11,3.4725475613833844e-11,2.136373039013398,13589.041465401979,491.91807127066375,550,50,218,0,127,2,2,2.9193983810000645,0.013401268999587046,1.3991030200013483,1.507115590000467
instance_n400_s50_seed1015,1015,placement_n400_s50,upgrade-then-downgrade,400,44,50,186,186,0,600,600,2.5554028738705173e-13,2.3965945471121113e-11,2.371040518373406e-11,1.9721351879709585,9278.538983491599,454.10090851909393,600,0,35,13,48,26,26,39.11065201200108,0.013707015998079441,1.693926294999983,37.403564759999426
instance_n400_s50_seed1015,1015,placement_n400_s50,downgrade-then-upgrade,400,44,50,186,186,0,1000,20150,2.5554028738705173e-13,5.076297263991674e-11,5.050743235252969e-11,2.2980876672358304,19764.958734678527,529.1542404970685,950,50,222,0,126,2,2,2.9820536580009502,0.015008656999270897,1.4410882060001313,1.5259586149986717
instance_n400_s50_seed1015,1015,placement_n400_s50,upgrade-then-downgrade,400,44,50,186,186,0,1000,1000,2.5554028738705173e-13,2.7019011073724293e-11,2.676347078633724e-11,2.0242100704329014,10473.28820828952,466.09159332672266,990,10,36,11,47,23,23,34.02065667400166,0.011821628002508078,1.4910426720016403,32.51793002900013
instance_n400_s50_seed1016,1016,placement_n400_s50,downgrade-then-upgrade,400,47,50,191,191,0,0,19090,1.5417347688760972e-14,2.9045883387445636e-12,2.8891709910558027e-12,2.275074922802897,18739.740773712765,523.855360269053,-70,70,214,0,132,2,2,4.570426179001515,0.010804834000737173,2.2711964800000715,2.288645792999887
instance_n400_s50_seed1016,1016,placement_n400_s50,upgrade-then-downgrade,400,47,50,191,191,0,0,0,1.5417347688760972e-14,1.5417347688760972e-14,0.0,0.0,0.0,0.0,0,0,0,0,0,2,2,4.4484952189995965,0.010650932999851648,2.2525508219987387,2.185248155001318
instance_n400_s50_seed1016,1016,placement_n400_s50,downgrade-then-upgrade,400,47,50,191,191,0,100,19190,1.5417347688760972e-14,3.2676618810876354e-12,3.2522445333988745e-12,2.3262274452502787,21094.708370426873,535.6336638346913,50,50,215,0,131,2,2,4.469134115999623,0.009752434998517856,2.2016757979981776,2.257970120997925
instance_n400_s50_seed1016,1016,placement_n400_s50,upgrade-then-downgrade,400,47,50,191,191,0,100,100,1.5417347688760972e-14,1.569032115753003e-14,2.7297346876905626e-16,0.007622166407331884,1.770560502881115,1.7550686745842377,60,40,1,0,1,3,3,6.657409015999292,0.012676143000135198,2.2284240599983605,4.416417727999942
instance_n400_s50_seed1016,1016,placement_n400_s50,downgrade-then-upgrade,400,47,50,191,191,0,300,19390,1.5417347688760972e-14,4.1356345682515415e-12,4.120217220562781e-12,2.4285324901450416,26724.55278132153,559.1902709659681,290,10,217,0,130,2,2,4.546784624002612,0.009706512002594536,2.2199071159993764,2.3174234470025112
instance_n400_s50_seed1016,1016,placement_n400_s50,upgrade-then-downgrade,400,47,50,191,191,0,300,300,1.5417347688760972e-14,5.918973513191003e-13,5.764800036303393e-13,1.584236729919751,3739.1645779032738,364.7839878086853,300,0,31,14,45,28,28,62.40836829300315,0.01191662500059465,2.2202302860023337,60.17626023499906
instance_n400_s50_seed1016,1016,placement_n400_s50,downgrade-then-upgrade,400,47,50,191,191,0,600,19690,1.5417347688760972e-14,5.106500000432549e-12,5.091082652743788e-12,2.5201136696480315,33021.78011108302,580.2776168382078,510,90,219,0,131,2,2,4.458025944997644,0.0126789869973436,2.2103007240002626,2.2350911790017562
instance_n400_s50_seed1016,1016,placement_n400_s50,upgrade-then-downgrade,400,47,50,191,191,0,600,600,1.5417347688760972e-14,6.92627392653722e-13,6.77210044964961e-13,1.6524899967910467,4392.519768226006,380.4998832932842,550,50,32,13,45,25,25,55.52132639100091,0.010424419000628404,2.2302876049980114,53.2807731790017
instance_n400_s50_seed1016,1016,placement_n400_s50,downgrade-then-upgrade,400,47,50,191,191,0,1000,20090,1.5417347688760972e-14,7.410337096546275e-12,7.394919748857513e-12,2.6818282978704637,47964.92819739873,617.5137860646124,910,90,223,0,130,2,2,4.504225631000736,0.01071130499985884,2.2977782009984367,2.195768837998912
instance_n400_s50_seed1016,1016,placement_n400_s50,upgrade-then-downgrade,400,47,50,191,191,0,1000,1000,1.5417347688760972e-14,1.4406316149336086e-12,1.4252142672448475e-12,1.9705432745874152,9244.224726694129,453.73435691646546,930,70,38,14,52,26,26,58.159360844998446,0.009804298999370076,2.2670398709997244,55.88246743900163
instance_n600_s70_seed42,42,placement_n600_s70,downgrade-then-upgrade,600,69,70,269,269,0,0,26510,1.7666416721691296e-19,8.082291171693692e-17,8.064624754972e-17,2.660386021717915,45649.46520858438,612.5765195217405,-20,20,299,0,183,2,2,7.3440581309987465,0.01260563799951342,3.6805596869999135,3.6509076740003366
instance_n600_s70_seed42,42,placement_n600_s70,upgrade-then-downgrade,600,69,70,269,269,0,0,0,1.7666416721691296e-19,1.7666416721691296e-19,0.0,0.0,0.0,0.0,0,0,0,0,0,2,2,7.780503623000186,0.01392755000233592,4.051628854000228,3.715058419998968
instance_n600_s70_seed42,42,placement_n600_s70,downgrade-then-upgrade,600,69,70,269,269,0,100,26610,1.7666416721691296e-19,9.092577568155374e-17,9.074911151433682e-17,2.7115385441652946,51368.14835965726,624.3548230873785,100,0,300,0,182,2,2,7.545977199000845,0.012185318000774714,3.7855232400015666,3.7483356869997806
instance_n600_s70_seed42,42,placement_n600_s70,upgrade-then-downgrade,600,69,70,269,269,0,100,100,1.7666416721691296e-19,1.7979211318439946e-19,3.1279459674865075e-21,0.007622166407331884,1.7705605028811147,1.7550686745842377,60,40,1,0,1,3,3,11.177253619998737,0.012636615001611062,3.666462600000159,7.498113765999733
instance_n600_s70_seed42,42,placement_n600_s70,downgrade-then-upgrade,600,69,70,269,269,0,300,26810,1.7666416721691296e-19,1.0229149764174835e-16,1.0211483347453144e-16,2.762691066612678,57801.666904614634,636.1331266530171,220,80,301,0,183,2,2,7.073082049999357,0.01194687100178271,3.546456215000944,3.514712658999997
instance_n600_s70_seed42,42,placement_n600_s70,upgrade-then-downgrade,600,69,70,269,269,0,300,300,1.7666416721691296e-19,2.0984967196549535e-16,2.0967300779827843e-16,3.0747598241503993,118684.51373097993,707.9896135625702,240,60,63,32,95,58,58,207.88840009200067,0.01300112600074499,3.7143975850012794,204.16095550000136
instance_n600_s70_seed42,42,placement_n600_s70,downgrade-then-upgrade,600,69,70,269,269,0,600,27110,1.7666416721691296e-19,1.4564551129069214e-16,1.4546884712347522e-16,2.916148633954821,82342.02182317182,671.468037349932,580,20,304,0,182,2,2,7.112629739000113,0.012687936001384514,3.5494029600013164,3.550576530999024
instance_n600_s70_seed42,42,placement_n600_s70,upgrade-then-downgrade,600,69,70,269,269,0,600,600,1.7666416721691296e-19,2.2259946865976403e-16,2.2242280449254714e-16,3.1003756528344746,125901.48188876951,713.8878760898343,540,60,60,28,88,50,50,165.00463794699863,0.022456351000073482,3.5310228719990846,161.45107280199954
instance_n600_s70_seed42,42,placement_n600_s70,downgrade-then-upgrade,600,69,70,269,269,0,1000,27510,1.7666416721691296e-19,2.0737417525569345e-16,2.0719751108847654e-16,3.0696062012969665,117283.26935369635,706.8029480468475,940,60,307,0,183,2,2,7.103690496998752,0.012515860998973949,3.5363542159993813,3.554832585999975
instance_n600_s70_seed42,42,placement_n600_s70,upgrade-then-downgrade,600,69,70,269,269,0,1000,1000,1.7666416721691296e-19,1.1603209911668567e-16,1.1585543494946876e-16,2.8174296785479505,65579.47589180231,648.7371578383517,980,20,49,19,68,35,35,124.11002158199881,0.012791162998837535,3.5134034549992066,120.58376178900107
instance_n600_s70_seed123,123,placement_n600_s70,downgrade-then-upgrade,600,69,70,269,269,0,0,27290,1.151872643142658e-18,2.504027218399668e-16,2.492508491968242e-16,2.337234581329746,21638.75066229477,538.1681505800053,-50,50,303,0,178,2,2,6.806706547999056,0.012049408000166295,3.3593568910000613,3.4347211009990133
instance_n600_s70_seed123,123,placement_n600_s70,upgrade-then-downgrade,600,69,70,269,269,0,0,0,1.151872643142658e-18,1.151872643142658e-18,0.0,0.0,0.0,0.0,0,0,0,0,0,2,2,6.714562647001003,0.013411035000899574,3.3303082109996467,3.3707357669991325
instance_n600_s70_seed123,123,placement_n600_s70,downgrade-then-upgrade,600,69,70,269,269,0,100,27390,1.151872643142658e-18,2.817030620699638e-16,2.8055118942682114e-16,2.388387103777129,24356.09449508171,549.946454145644,70,30,304,0,177,2,2,6.66158591599924,0.012502051999035757,3.308507671999905,3.34061938800005
instance_n600_s70_seed123,123,placement_n600_s70,upgrade-then-downgrade,600,69,70,269,269,0,100,100,1.151872643142658e-18,1.1947035511055009e-18,4.28309079628428e-20,0.015855690630319597,3.718371837183934,3.6509076884499265,60,40,1,0,1,3,3,10.738268383000104,0.013471772999764653,3.594497338999645,7.1301505570008885
instance_n600_s70_seed123,123,placement_n600_s70,downgrade-then-upgrade,600,69,70,269,269,0,300,27590,1.151872643142658e-18,3.4783457359248606e-16,3.466827009493434e-16,2.479968283280119,30097.31180032958,571.0338000178837,290,10,306,0,179,2,2,6.801117300999977,0.012984290999156656,3.370643538999502,3.4175412460008374
instance_n600_s70_seed123,123,placement_n600_s70,upgrade-then-downgrade,600,69,70,269,269,0,300,300,1.151872643142658e-18,1.1980762796933935e-16,1.1865575532619669e-16,2.0170800058522165,10301.117578629855,464.4498352851656,240,60,39,18,57,33,33,110.79771328600145,0.032842221999089816,3.3696889170005306,107.39526312700036
instance_n600_s70_seed123,123,placement_n600_s70,downgrade-then-upgrade,600,69,70,269,269,0,600,27890,1.151872643142658e-18,4.512338355080651e-16,4.500819628649225e-16,2.5929971935666547,39073.93456597444,597.0596684081976,550,50,308,0,178,2,2,6.688602813999751,0.012418481999702635,3.3433366409990413,3.3329596600015066
instance_n600_s70_seed123,123,placement_n600_s70,upgrade-then-downgrade,600,69,70,269,269,0,600,600,1.151872643142658e-18,1.7340148803344544e-16,1.7224961539030277e-16,2.177648356075592,14953.876751543778,501.42206424826486,600,0,43,18,61,34,34,114.29689148600119,0.012488746000599349,3.3776027179992525,110.90677268800027
instance_n600_s70_seed123,123,placement_n600_s70,downgrade-then-upgrade,600,69,70,269,269,0,1000,28290,1.151872643142658e-18,6.424794259480053e-16,6.413275533048626e-16,2.7464547609087977,55676.94980194394,632.3945791051124,910,90,311,0,178,2,2,6.701874280000993,0.013390273999903002,3.351456214000791,3.337066512000092
instance_n600_s70_seed123,123,placement_n600_s70,upgrade-then-downgrade,600,69,70,269,269,0,1000,1000,1.151872643142658e-18,1.3393716338766258e-16,1.3278529074451992e-16,2.06549663296358,11527.775360845568,475.5981756691334,970,30,37,11,48,23,23,77.77534062199993,0.013982284999656258,3.34711790899928,74.41418005800006
instance_n600_s70_seed999,999,placement_n600_s70,downgrade-then-upgrade,600,66,70,263,263,0,0,26740,1.4048995411885955e-18,5.974384735086523e-16,5.960335739674637e-16,2.62864791595171,42425.35188410681,605.2685506000273,-10,10,296,0,181,2,2,6.074373288998686,0.011900292000063928,3.018202384999313,3.044317908999801
instance_n600_s70_seed999,999,placement_n600_s70,upgrade-then-downgrade,600,66,70,263,263,0,0,0,1.4048995411885955e-18,1.4048995411885955e-18,0.0,0.0,0.0,0.0,0,0,0,0,0,2,2,6.024374628001169,0.012190843999633216,3.00516205400163,3.006982187000176
instance_n600_s70_seed999,999,placement_n600_s70,downgrade-then-upgrade,600,66,70,263,263,0,100,26840,1.4048995411885955e-18,6.123744353463685e-16,6.109695358051799e-16,2.6393717813434834,43488.48568120947,607.7378118590644,10,90,296,0,182,2,2,6.123297317999459,0.011845395998534514,3.092484405000505,3.0190223129993683
instance_n600_s70_seed999,999,placement_n600_s70,upgrade-then-downgrade,600,66,70,263,263,0,100,100,1.4048995411885955e-18,4.26814358674329e-16,4.254094591331404e-16,2.4825937506449867,30280.41839726339,571.6383362195323,100,0,54,27,81,51,51,155.32916270399983,0.013289587001054315,3.052500964000501,152.26332221399934
instance_n600_s70_seed999,999,placement_n600_s70,downgrade-then-upgrade,600,66,70,263,263,0,300,27040,1.4048995411885955e-18,7.750363947352482e-16,7.736314951940596e-16,2.7416768262382463,55066.67719028078,631.2944189903412,250,50,298,0,181,2,2,6.054355809999834,0.012049394999849028,3.0515460389997315,2.990791383999749
instance_n600_s70_seed999,999,placement_n600_s70,upgrade-then-downgrade,600,66,70,263,263,0,300,300,1.4048995411885955e-18,1.525155239232911e-18,1.2025569804431546e-19,0.03566878029857662,8.559736445110861,8.213040180078222,300,0,5,0,5,3,3,9.110455258000002,0.013650908998897648,3.0021372200008045,6.0945989540014125
instance_n600_s70_seed999,999,placement_n600_s70,downgrade-then-upgrade,600,66,70,263,263,0,600,27340,1.4048995411885955e-18,1.0766035285098985e-15,1.07519862896871e-15,2.884410528188616,76532.06492323667,664.1600684282189,590,10,301,0,182,2,2,6.040189168999859,0.011761756999476347,3.035206164999181,2.9932732460001716
instance_n600_s70_seed999,999,placement_n600_s70,upgrade-then-downgrade,600,66,70,263,263,0,600,600,1.4048995411885955e-18,5.981150410409908e-16,5.967101414998021e-16,2.6291394532584382,42473.50960019276,605.3817312475395,580,20,54,24,78,44,44,134.65493563199925,0.01275969900052587,3.0558862170000793,131.58630432899918
instance_n600_s70_seed999,999,placement_n600_s70,downgrade-then-upgrade,600,66,70,263,263,0,1000,27740,1.4048995411885955e-18,1.5712208429508054e-15,1.5698159434096169e-15,3.048591960922535,111738.66154739408,701.9642403841715,970,30,304,0,181,2,2,6.119269372000417,0.03219292299945664,3.0292948709993652,3.0577846280011727
instance_n600_s70_seed999,999,placement_n600_s70,upgrade-then-downgrade,600,66,70,263,263,0,1000,1000,1.4048995411885955e-18,8.289737311063523e-16,8.275688315651637e-16,2.7708954979787244,58905.90802421436,638.0222667890123,1000,0,52,20,72,37,37,101.82763360399986,0.012695163999524084,3.238037565999548,98.5768708960004
instance_n600_s70_seed1000,1000,placement_n600_s70,downgrade-then-upgrade,600,65,70,260,260,0,0,25200,5.405593425887445e-20,4.952780318904691e-17,4.947374725478804e-17,2.962005687489975,91523.24889596345,682.0270141377996,-50,50,283,0,175,2,2,6.725191432000429,0.012417576001098496,3.3784396430000925,3.3343807849996665
instance_n600_s70_seed1000,1000,placement_n600_s70,upgrade-then-downgrade,600,65,70,260,260,0,0,0,5.405593425887445e-20,5.405593425887445e-20,0.0,0.0,0.0,0.0,0,0,0,0,0,2,2,6.65938785400067,0.012029471998175723,3.3167377909994684,3.3305627789995924
instance_n600_s70_seed1000,1000,placement_n600_s70,downgrade-then-upgrade,600,65,70,260,260,0,100,25300,5.405593425887445e-20,5.5718778587678e-17,5.566472265341912e-17,3.013158209937358,102976.1550079593,693.8053177034384,70,30,284,0,174,2,2,6.737431690000449,0.013527877999877091,3.38625600100022,3.337717537999197
instance_n600_s70_seed1000,1000,placement_n600_s70,upgrade-then-downgrade,600,65,70,260,260,0,100,100,5.405593425887445e-20,5.501302728032547e-20,9.570930214510164e-22,0.007622166407331884,1.7705605028811224,1.7550686745842377,60,40,1,0,1,3,3,10.07201053100107,0.013667945000634063,3.3466357519992016,6.711726936000559
instance_n600_s70_seed1000,1000,placement_n600_s70,downgrade-then-upgrade,600,65,70,260,260,0,300,25500,5.405593425887445e-20,6.879910160978491e-17,6.874504567552604e-17,3.1047393894403448,127173.91090921724,714.8926635756773,290,10,286,0,174,2,2,6.741404305999822,0.012389713001539349,3.3789148129999376,3.35018145200047
instance_n600_s70_seed1000,1000,placement_n600_s70,upgrade-then-downgrade,600,65,70,260,260,0,300,300,5.405593425887445e-20,5.868297976437607e-20,4.627045505501625e-21,0.0356687802985735,8.559736445110087,8.213040180077506,300,0,5,0,5,3,3,10.166646394000054,0.012922998001158703,3.3806170909992943,6.772847232999993
instance_n600_s70_seed1000,1000,placement_n600_s70,downgrade-then-upgrade,600,65,70,260,260,0,600,25800,5.405593425887445e-20,8.925070954925616e-17,8.919665361499729e-17,3.2177682997268806,165008.0695818401,740.9185319659912,550,50,288,0,173,2,2,6.77145160299915,0.011619319000601536,3.364683117999448,3.3952189539995743
instance_n600_s70_seed1000,1000,placement_n600_s70,upgrade-then-downgrade,600,65,70,260,260,0,600,600,5.405593425887445e-20,2.919547293644061e-17,2.914141700218174e-17,2.732472137023383,53909.7462687874,629.1749609731625,570,30,58,27,85,50,50,168.18717346000085,0.012557154999740305,3.3514088009997067,164.82361236399993
instance_n600_s70_seed1000,1000,placement_n600_s70,downgrade-then-upgrade,600,65,70,260,260,0,1000,26200,5.405593425887445e-20,1.2707767043243667e-16,1.270236144981778e-16,3.3712258670690236,234985.51313508034,776.253442662906,910,90,291,0,173,2,2,6.6901608829994075,0.011730169999282225,3.370857269001135,3.307626830999652
instance_n600_s70_seed1000,1000,placement_n600_s70,upgrade-then-downgrade,600,65,70,260,260,0,1000,1000,5.405593425887445e-20,4.9257872000048276e-17,4.9203816065789405e-17,2.959632268116805,91023.89356578651,681.4805141309911,970,30,61,26,87,48,48,162.69171725999877,0.012564118002046598,3.348619730999417,159.33070935700016
instance_n600_s70_seed1001,1001,placement_n600_s70,downgrade-then-upgrade,600,66,70,265,265,0,0,24960,1.2716181506098813e-19,1.197894994394752e-16,1.196623376244142e-16,2.97406203189871,94102.41397311205,684.8030900289551,0,0,286,0,168,2,2,6.963111276998461,0.012256239000635105,3.4754999140004657,3.475386995000008
instance_n600_s70_seed1001,1001,placement_n600_s70,upgrade-then-downgrade,600,66,70,265,265,0,0,0,1.2716181506098813e-19,1.2716181506098813e-19,0.0,0.0,0.0,0.0,0,0,0,0,0,2,2,7.005258920000415,0.01225177500054997,3.487870639999528,3.5050276849997317
instance_n600_s70_seed1001,1001,placement_n600_s70,downgrade-then-upgrade,600,66,70,265,265,0,100,25060,1.2716181506098813e-19,1.0845546432641639e-16,1.083283025113554e-16,2.930894719772713,85189.33333831388,674.863449088361,20,80,286,0,166,2,2,7.02046252099899,0.014106433000051766,3.493563496000206,3.5128248589990108
instance_n600_s70_seed1001,1001,placement_n600_s70,upgrade-then-downgrade,600,66,70,265,265,0,100,100,1.2716181506098813e-19,6.504153041837496e-17,6.491436860331397e-17,2.708834033349687,51048.633249046004,623.7320864585924,30,70,52,26,78,49,49,170.69105245500032,0.011921866002012393,3.4212537500006874,167.25767352000003
instance_n600_s70_seed1001,1001,placement_n600_s70,downgrade-then-upgrade,600,66,70,265,265,0,300,25260,1.2716181506098813e-19,1.1251796234397433e-16,1.1239080052891333e-16,2.94686514041548,88384.08013837294,678.540774338449,300,0,288,0,167,2,2,7.0538559060005355,0.03676153699780116,3.5266704900004697,3.4904934099995444
instance_n600_s70_seed1001,1001,placement_n600_s70,upgrade-then-downgrade,600,66,70,265,265,0,300,300,1.2716181506098813e-19,7.103145304055446e-17,7.090429122549348e-17,2.7470939805734536,55759.10597964258,632.5417648722109,270,30,51,24,75,45,45,157.17263661400102,0.012781455001459108,3.4627013900008023,153.69712239799992
instance_n600_s70_seed1001,1001,placement_n600_s70,downgrade-then-upgrade,600,66,70,265,265,0,600,25560,1.2716181506098813e-19,1.167326324097104e-16,1.166054705946494e-16,2.9628355610582466,91698.49497565304,682.2180995885368,580,20,290,0,168,2,2,6.970788331000222,0.012061436000294634,3.4602292849995138,3.4985936949997267
instance_n600_s70_seed1001,1001,placement_n600_s70,upgrade-then-downgrade,600,66,70,265,265,0,600,600,1.2716181506098813e-19,8.895038535520669e-17,8.88232235401457e-17,2.844791115649087,69850.54711396276,655.0373615575488,590,10,51,22,73,41,41,143.12356018100036,0.0130021039985877,3.508222336000472,139.6022806839992
instance_n600_s70_seed1001,1001,placement_n600_s70,downgrade-then-upgrade,600,66,70,265,265,0,1000,25960,1.2716181506098813e-19,1.362433213649825e-16,1.361161595499215e-16,3.029958504148393,107041.69288920482,697.6737284042628,980,20,293,0,168,2,2,7.012532515000203,0.012160659000073792,3.5212938929998927,3.479136791998826
instance_n600_s70_seed1001,1001,placement_n600_s70,upgrade-then-downgrade,600,66,70,265,265,0,1000,1000,1.2716181506098813e-19,1.302135331394388e-16,1.300863713243778e-16,3.0102994047132032,102299.86986422537,693.1470534741471,950,50,55,22,77,40,40,140.1522373889984,0.012170737998530967,3.4907068879983854,136.64926297400052
instance_n600_s70_seed1002,1002,placement_n600_s70,downgrade-then-upgrade,600,65,70,271,271,0,0,27180,1.2807012175192445e-17,3.047933876252781e-15,3.0351268640775883e-15,2.3765577185260103,23698.9457225372,547.222637531793,-10,10,306,0,178,2,2,7.171466697000142,0.012686931000644108,3.57305260800058,3.585789240998565
instance_n600_s70_seed1002,1002,placement_n600_s70,upgrade-then-downgrade,600,65,70,271,271,0,0,0,1.2807012175192445e-17,3.2380658017937093e-15,3.225258789618517e-15,2.4028378475543186,25183.538092248687,553.2738608660474,-40,40,44,23,67,42,42,150.94768820399986,0.01342892499997106,3.5517396750001353,147.38251028099876
instance_n600_s70_seed1002,1002,placement_n600_s70,downgrade-then-upgrade,600,65,70,271,271,0,100,27280,1.2807012175192445e-17,3.3452932788140176e-15,3.332486266638825e-15,2.416986375581617,26020.79408571148,556.531679838394,90,10,307,0,177,2,2,7.175524776999737,0.012691085999904317,3.6068990559997474,3.5561287790005736
instance_n600_s70_seed1002,1002,placement_n600_s70,upgrade-then-downgrade,600,65,70,271,271,0,100,100,1.2807012175192445e-17,3.5428249360801827e-15,3.53001792390499e-15,2.441901870393962,27563.165206813323,562.2686845323415,90,10,44,22,66,41,41,147.42553580599997,0.012647881998418598,3.5877242110000225,143.82514284100034
instance_n600_s70_seed1002,1002,placement_n600_s70,downgrade-then-upgrade,600,65,70,271,271,0,300,27480,1.2807012175192445e-17,3.162102631205118e-15,3.1492956190299256e-15,2.392528139168777,24590.400758189353,550.899962781881,270,30,308,0,178,2,2,7.219790175000526,0.013221526000052108,3.585663954998381,3.621213432001241
instance_n600_s70_seed1002,1002,placement_n600_s70,upgrade-then-downgrade,600,65,70,271,271,0,300,300,1.2807012175192445e-17,5.255949384619362e-15,5.243142372444169e-15,2.613203351874559,40939.62198771301,601.7123082988434,300,0,48,23,71,42,42,150.72325578799973,0.013467785000102594,3.5512871200007794,147.15836666500036
instance_n600_s70_seed1002,1002,placement_n600_s70,downgrade-then-upgrade,600,65,70,271,271,0,600,27780,1.2807012175192445e-17,3.2805478912053247e-15,3.267740879030132e-15,2.4084985598115436,25515.247696569237,554.5772880319689,550,50,310,0,178,2,2,7.1930967809985304,0.012895931999082677,3.5881572859998414,3.5920944530007546
instance_n600_s70_seed1002,1002,placement_n600_s70,upgrade-then-downgrade,600,65,70,271,271,0,600,600,1.2807012175192445e-17,7.394596318208352e-15,7.38178930603316e-15,2.761466647818374,57638.65298989799,635.8511938066827,560,40,51,23,74,41,41,147.87229274499987,0.013836932001140667,3.601369653000802,144.25702261600054
instance_n600_s70_seed1002,1002,placement_n600_s70,downgrade-then-upgrade,600,65,70,271,271,0,1000,28180,1.2807012175192445e-17,3.8288585750895806e-15,3.816051562914388e-15,2.4756215029016873,29796.579488744384,570.0329168476941,950,50,313,0,178,2,2,7.172364465999635,0.013639538999996148,3.576597100000072,3.5826461120013846
instance_n600_s70_seed1002,1002,placement_n600_s70,upgrade-then-downgrade,600,65,70,271,271,0,1000,1000,1.2807012175192445e-17,1.2272131727354387e-14,1.2259324715179195e-14,2.9814721858936135,95723.5344784466,686.5093410415006,1000,0,56,23,79,42,42,151.32508692900046,0.012532886999906623,3.550012322000839,147.7624955500014
instance_n600_s70_seed1003,1003,placement_n600_s70,downgrade-then-upgrade,600,65,70,264,264,0,0,27710,3.024752664234308e-18,1.0401761874325486e-15,1.0371514347683144e-15,2.5364170393960177,34288.80142935128,584.0316064529361,-50,50,311,0,159,2,2,17.7344279200006,0.011887377999300952,8.847377133999544,8.87519731700013
instance_n600_s70_seed1003,1003,placement_n600_s70,upgrade-then-downgrade,600,65,70,264,264,0,0,0,3.024752664234308e-18,3.024752664234308e-18,0.0,0.0,0.0,0.0,0,0,0,0,0,2,2,17.8596964139997,0.012255204999746638,8.918795326999316,8.92855257699921
instance_n600_s70_seed1003,1003,placement_n600_s70,downgrade-then-upgrade,600,65,70,264,264,0,100,27810,3.024752664234308e-18,1.1416567910845012e-15,1.138632038420267e-15,2.5768456964516244,37643.80644684886,593.340648759537,50,50,312,0,160,2,2,17.873563170000125,0.012228972000229987,8.909360202000244,8.95203473500078
instance_n600_s70_seed1003,1003,placement_n600_s70,upgrade-then-downgrade,600,65,70,264,264,0,100,100,3.024752664234308e-18,3.040704706682608e-18,1.595204244829994e-20,0.002284378426796582,0.5273833671401384,0.5259975712299,60,40,1,0,1,3,3,26.8971996220007,0.012316337000811473,8.963750434000758,17.92103051000049
instance_n600_s70_seed1003,1003,placement_n600_s70,downgrade-then-upgrade,600,65,70,264,264,0,300,28010,3.024752664234308e-18,1.3752855454765723e-15,1.372260792812338e-15,2.6577030105628414,45367.7025906419,611.9587333727395,250,50,314,0,158,2,2,17.941542528000355,0.012534207999124192,8.992568042998755,8.936481542001275
instance_n600_s70_seed1003,1003,placement_n600_s70,upgrade-then-downgrade,600,65,70,264,264,0,300,300,3.024752664234308e-18,3.261841936271447e-18,2.37089272037139e-19,0.032773044056124134,7.838302775647153,7.546272269566854,300,0,5,0,5,3,3,26.73986622400116,0.013023251998674823,8.985618024998985,17.74104801500107
instance_n600_s70_seed1003,1003,placement_n600_s70,downgrade-then-upgrade,600,65,70,264,264,0,600,28310,3.024752664234308e-18,1.8183557309318398e-15,1.8153309782676055e-15,2.7789889817296682,60015.84855954303,639.8858602925436,550,50,317,0,158,2,2,17.758515298999555,0.01224463199832826,8.87647222600026,8.869831849999173
instance_n600_s70_seed1003,1003,placement_n600_s70,upgrade-then-downgrade,600,65,70,264,264,0,600,600,3.024752664234308e-18,4.780462574850849e-16,4.750215048208507e-16,2.198780054619777,15704.47430091275,506.2878176540131,580,20,46,19,65,37,37,329.9967248039993,0.012703861999398214,8.984733958999641,320.9992719010006
instance_n600_s70_seed1003,1003,placement_n600_s70,downgrade-then-upgrade,600,65,70,264,264,0,1000,28710,3.024752664234308e-18,2.6387210274160978e-15,2.6356962747518635e-15,2.940703609952099,87137.58007116489,677.122029518948,950,50,321,0,156,2,2,17.84418478600128,0.011937901999772293,8.899016473998927,8.933326111000497
instance_n600_s70_seed1003,1003,placement_n600_s70,upgrade-then-downgrade,600,65,70,264,264,0,1000,1000,3.024752664234308e-18,1.2028133784252694e-15,1.1997886257610352e-15,2.599508382013225,39665.67712949687,598.5589249536723,970,30,54,21,75,40,40,356.52215033500033,0.012972885999261052,8.89072730800035,347.618474031
instance_n600_s70_seed1004,1004,placement_n600_s70,downgrade-then-upgrade,600,62,70,266,266,0,0,24720,2.903649370688191e-19,2.92648665518617e-16,2.923583005815482e-16,3.003402375972898,100686.5028308348,691.5589539178093,0,0,285,0,171,2,2,7.3520639819998905,0.012160825999671943,3.6311683139992965,3.7087798669999756
instance_n600_s70_seed1004,1004,placement_n600_s70,upgrade-then-downgrade,600,62,70,266,266,0,0,0,2.903649370688191e-19,2.903649370688191e-19,0.0,0.0,0.0,0.0,0,0,0,0,0,2,2,7.308986742998968,0.013004042999455123,3.618977283998902,3.676817966001181
instance_n600_s70_seed1004,1004,placement_n600_s70,downgrade-then-upgrade,600,62,70,266,266,0,100,24820,2.903649370688191e-19,2.649593416104418e-16,2.64668976673373e-16,2.9602350638469015,91150.46029495086,681.6193129772153,20,80,285,0,170,2,2,7.2724665149999055,0.012961125999936485,3.626878373999716,3.6326966489996266
instance_n600_s70_seed1004,1004,placement_n600_s70,upgrade-then-downgrade,600,62,70,266,266,0,100,100,2.903649370688191e-19,2.955060239587752e-19,5.14108688995612e-21,0.007622166407331884,1.7705605028811164,1.7550686745842377,60,40,1,0,1,3,3,11.52495948700016,0.01294736299860233,3.6023825779993786,7.909556650998638
instance_n600_s70_seed1004,1004,placement_n600_s70,downgrade-then-upgrade,600,62,70,266,266,0,300,25020,2.903649370688191e-19,2.748841232404965e-16,2.745937583034277e-16,2.976205484489668,94568.49751743495,685.2966382273031,300,0,287,0,171,2,2,7.2470966250002675,0.012302953000471462,3.5918114239993884,3.643031871999483
instance_n600_s70_seed1004,1004,placement_n600_s70,upgrade-then-downgrade,600,62,70,266,266,0,300,300,2.903649370688191e-19,3.1312461999059045e-19,2.275968292177137e-20,0.03277304405612422,7.838302775647158,7.546272269566874,300,0,5,0,5,3,3,10.792788507000296,0.012961407999682706,3.625177378000444,7.154573544999948
instance_n600_s70_seed1004,1004,placement_n600_s70,downgrade-then-upgrade,600,62,70,266,266,0,600,25320,2.903649370688191e-19,2.851806648915627e-16,2.848902999544939e-16,2.992175905132435,98114.56673467855,688.9739634773911,580,20,289,0,173,2,2,7.271181513000556,0.01695256499988318,3.6394693799993547,3.614970837999863
instance_n600_s70_seed1004,1004,placement_n600_s70,upgrade-then-downgrade,600,62,70,266,266,0,600,600,2.903649370688191e-19,1.2109754700009353e-16,1.208071820630247e-16,2.62019117389717,41605.292733534254,603.3213137810194,530,70,52,23,75,42,42,152.87675095799932,0.012608824001290486,3.6119232649998594,149.2521598910007
instance_n600_s70_seed1004,1004,placement_n600_s70,downgrade-then-upgrade,600,62,70,266,266,0,1000,25720,2.903649370688191e-19,3.0135313108913143e-16,3.010627661520626e-16,3.016131536096585,103684.27028112835,694.4899513525229,1000,0,292,0,174,2,2,7.188590916000976,0.013026161999732722,3.566383658000632,3.6092473240005347
instance_n600_s70_seed1004,1004,placement_n600_s70,upgrade-then-downgrade,600,62,70,266,266,0,1000,1000,2.903649370688191e-19,1.371754527520177e-16,1.3688508781494888e-16,2.674332230179632,47142.430211023,615.7877526925141,940,60,48,18,66,34,34,122.34280408000086,0.012746074999085977,3.566098839000915,118.76448702900052
instance_n600_s70_seed1005,1005,placement_n600_s70,downgrade-then-upgrade,600,68,70,263,263,0,0,24080,3.9577184103551915e-20,1.8004795002607274e-17,1.7965217818503722e-17,2.6579432898451256,45392.865170747216,612.0140597220939,0,0,278,0,176,2,2,8.07919525500074,0.012034547000439488,4.0521025429989095,4.015142376001677
instance_n600_s70_seed1005,1005,placement_n600_s70,upgrade-then-downgrade,600,68,70,263,263,0,0,0,3.9577184103551915e-20,9.757012176005465e-18,9.717434991901913e-18,2.391871955817747,24553.12375553724,550.7488709816457,-70,70,52,27,79,51,51,205.84361183200053,0.012164393998318701,4.0074498819994915,201.82395282799916
instance_n600_s70_seed1005,1005,placement_n600_s70,downgrade-then-upgrade,600,68,70,263,263,0,100,24180,3.9577184103551915e-20,1.6708779747207618e-17,1.6669202563104065e-17,2.625499843110899,42118.212653759925,604.5436800405362,40,60,278,0,177,2,2,8.058218307000061,0.012534606999906828,4.0004676270000346,4.045140784999603
instance_n600_s70_seed1005,1005,placement_n600_s70,upgrade-then-downgrade,600,68,70,263,263,0,100,100,3.9577184103551915e-20,1.282895325399763e-17,1.2789376069894078e-17,2.5107463315214837,32315.022808169608,578.1207075250854,90,10,54,27,81,53,53,214.990015880001,0.012420813998687663,4.057640238001113,210.919931901999
instance_n600_s70_seed1005,1005,placement_n600_s70,downgrade-then-upgrade,600,68,70,263,263,0,300,24380,3.9577184103551915e-20,1.9146194524764135e-17,1.9106617340660583e-17,2.6846375758796626,48276.84882954023,618.1606462312182,300,0,280,0,178,2,2,8.128814306001004,0.013002749999941443,4.0834730099995795,4.032446223000079
instance_n600_s70_seed1005,1005,placement_n600_s70,upgrade-then-downgrade,600,68,70,263,263,0,300,300,3.9577184103551915e-20,9.354944947407117e-18,9.315367763303565e-18,2.3735963449400677,23537.21714746134,546.5407560644153,300,0,48,22,70,44,44,177.70586351600105,0.013381079999817302,4.015123875000427,173.67717881099998
instance_n600_s70_seed1005,1005,placement_n600_s70,downgrade-then-upgrade,600,68,70,263,263,0,600,24680,3.9577184103551915e-20,1.7983970253221526e-17,1.7944393069117974e-17,2.6574406843964327,45340.24710339998,611.898330540712,600,0,282,0,178,2,2,8.15492993800035,0.012052467000103206,4.035753301001023,4.107177954998406
instance_n600_s70_seed1005,1005,placement_n600_s70,upgrade-then-downgrade,600,68,70,263,263,0,600,600,3.9577184103551915e-20,1.0619298045984776e-17,1.0579720861881224e-17,2.4286509189370156,26731.868629662644,559.2175402030662,600,0,46,19,65,37,37,149.71129101099905,0.012158166002336657,4.021350415001507,145.6777570359991
instance_n600_s70_seed1005,1005,placement_n600_s70,downgrade-then-upgrade,600,68,70,263,263,0,1000,25080,3.9577184103551915e-20,2.318333072527084e-17,2.3143753541167288e-17,2.7677309396125787,58477.51441995646,637.2936002970328,980,20,285,0,179,2,2,7.975622019001094,0.012158633999206359,3.9807114280010865,3.9829497749997245
instance_n600_s70_seed1005,1005,placement_n600_s70,upgrade-then-downgrade,600,68,70,263,263,0,1000,1000,3.9577184103551915e-20,1.2977897054087954e-17,1.2938319869984402e-17,2.5157594336986002,32691.360345728168,579.2750169593539,1000,0,45,16,61,31,31,125.89644064700042,0.012668154000493814,4.0395977569987735,121.84409155799949
instance_n600_s70_seed1006,1006,placement_n600_s70,downgrade-then-upgrade,600,64,70,268,268,0,0,24410,6.072764009615559e-19,9.485783610062505e-16,9.47971084605289e-16,3.1936868087236077,156102.07857645716,735.3735637458705,-30,30,283,0,176,2,2,7.259363684999698,0.013008738000280573,3.6288238019988057,3.617612387999543
instance_n600_s70_seed1006,1006,placement_n600_s70,upgrade-then-downgrade,600,64,70,268,268,0,0,0,6.072764009615559e-19,6.072764009615559e-19,0.0,0.0,0.0,0.0,0,0,0,0,0,2,2,7.257404572001178,0.013882843999454053,3.587966803999734,3.6554792229999293
instance_n600_s70_seed1006,1006,placement_n600_s70,downgrade-then-upgrade,600,64,70,268,268,0,100,24510,6.072764009615559e-19,1.0671506561320283e-15,1.0665433797310668e-15,3.2448393311709873,175627.33839851373,747.1518673115086,90,10,284,0,175,2,2,7.3028697300014755,0.012370210000881343,3.6538023670000257,3.6368175329989754
instance_n600_s70_seed1006,1006,placement_n600_s70,upgrade-then-downgrade,600,64,70,268,268,0,100,100,6.072764009615559e-19,6.486822943663565e-19,4.140589340480058e-20,0.028645639555807435,6.818294493123537,6.595902262048278,60,40,4,1,5,5,5,18.286605745000998,0.012627221000002464,3.6275022139998327,14.646540322999499
instance_n600_s70_seed1006,1006,placement_n600_s70,downgrade-then-upgrade,600,64,70,268,268,0,300,24710,6.072764009615559e-19,9.841099751579186e-16,9.835026987569572e-16,3.2096572293663743,161953.05748744527,739.0508889959584,250,50,285,0,176,2,2,7.249696959001085,0.013393045999691822,3.6181276730003447,3.6182135680010106
instance_n600_s70_seed1006,1006,placement_n600_s70,upgrade-then-downgrade,600,64,70,268,268,0,300,300,6.072764009615559e-19,2.351419418903332e-16,2.345346654893716e-16,2.587943695874792,38620.74421433331,595.8960575629213,230,70,52,25,77,46,46,166.40599605199895,0.013102118000460905,3.6030760909998207,162.78978614900007
instance_n600_s70_seed1006,1006,placement_n600_s70,downgrade-then-upgrade,600,64,70,268,268,0,600,25010,6.072764009615559e-19,1.020972523743811e-15,1.0203652473428496e-15,3.225627650009141,168023.20092254737,742.7282142460463,530,70,287,0,177,2,2,7.239368138998543,0.012470822000977932,3.6160818959997414,3.6108543230002397
instance_n600_s70_seed1006,1006,placement_n600_s70,upgrade-then-downgrade,600,64,70,268,268,0,600,600,6.072764009615559e-19,2.6340303873151413e-16,2.6279576233055255e-16,2.6372343762954142,43274.48949348998,607.245656158927,600,0,49,21,70,39,39,141.08825009000066,0.014113560002442682,3.611437965000732,137.46260111599986
instance_n600_s70_seed1006,1006,placement_n600_s70,downgrade-then-upgrade,600,64,70,268,268,0,1000,25410,6.072764009615559e-19,1.078871412629464e-15,1.0782641362285025e-15,3.249583280973291,177557.39141537345,748.2442021211782,950,50,290,0,178,2,2,7.2407768510001915,0.0123808629996347,3.6183253379986127,3.610116387999369
instance_n600_s70_seed1006,1006,placement_n600_s70,upgrade-then-downgrade,600,64,70,268,268,0,1000,1000,6.072764009615559e-19,3.782292432349271e-16,3.7762196683396553e-16,2.7943686992229173,62182.88183700904,643.4271711159852,1000,0,50,19,69,36,36,130.49274904399863,0.012706887999229366,3.707635366999966,126.77238021800076
instance_n600_s70_seed1007,1007,placement_n600_s70,downgrade-then-upgrade,600,64,70,269,269,0,0,24830,2.5593201783226056e-19,5.240927899765724e-16,5.238368579587402e-16,3.3112835643131038,204678.12601003528,762.4512173863543,-80,80,289,0,183,2,2,9.54889149399969,0.012657464001676999,4.708255509000082,4.827965039999981
instance_n600_s70_seed1007,1007,placement_n600_s70,upgrade-then-downgrade,600,64,70,269,269,0,0,0,2.5593201783226056e-19,2.5593201783226056e-19,0.0,0.0,0.0,0.0,0,0,0,0,0,2,2,9.786669020999398,0.01344285800041689,5.001814148001358,4.771305697999196
instance_n600_s70_seed1007,1007,placement_n600_s70,downgrade-then-upgrade,600,64,70,269,269,0,100,24930,2.5593201783226056e-19,5.338182231926326e-16,5.335622911748004e-16,3.3192687746344873,208478.13247207718,764.2898800113983,60,40,290,0,184,2,2,9.615776772001482,0.015715700999862747,4.814977001999068,4.785121330000038
instance_n600_s70_seed1007,1007,placement_n600_s70,upgrade-then-downgrade,600,64,70,269,269,0,100,100,2.5593201783226056e-19,2.604634490542252e-19,4.531431221964662e-21,0.007622166407331884,1.7705605028811169,1.7550686745842377,60,40,1,0,1,3,3,14.42298481599937,0.012173377001090557,4.792260062000423,9.618503959000009
instance_n600_s70_seed1007,1007,placement_n600_s70,downgrade-then-upgrade,600,64,70,269,269,0,300,25130,2.5593201783226056e-19,5.967703847911628e-16,5.965144527733306e-16,3.3676826420114807,233075.35251970307,775.4375849430438,300,0,292,0,184,2,2,9.492911816001651,0.013142482999683125,4.726703187998282,4.75313865499993
instance_n600_s70_seed1007,1007,placement_n600_s70,upgrade-then-downgrade,600,64,70,269,269,0,300,300,2.5593201783226056e-19,1.7042644677040357e-16,1.701705147525713e-16,2.8234123686877175,66490.51423651968,650.1147231515347,250,50,53,25,78,46,46,218.5681179029998,0.013857829999324167,4.743943675000992,213.8103446419991
instance_n600_s70_seed1007,1007,placement_n600_s70,downgrade-then-upgrade,600,64,70,269,269,0,600,25430,2.5593201783226056e-19,6.346021641554625e-16,6.343462321376303e-16,3.3943769280460203,247857.31676346363,781.5841714521689,600,0,294,0,185,2,2,10.881743756001015,0.015043733999846154,5.810621741000432,5.056313817000046
instance_n600_s70_seed1007,1007,placement_n600_s70,upgrade-then-downgrade,600,64,70,269,269,0,600,600,2.5593201783226056e-19,3.9169897929679334e-16,3.914430472789611e-16,3.1848278190732455,152948.05651691274,733.3337059950793,570,30,62,28,90,51,51,238.89693767500103,0.012661825998293352,4.740606966999621,234.143765928
instance_n600_s70_seed1007,1007,placement_n600_s70,downgrade-then-upgrade,600,64,70,269,269,0,1000,25830,2.5593201783226056e-19,6.542343074530414e-16,6.539783754352092e-16,3.4076086936183976,255528.15977242467,784.6308980682636,1000,0,297,0,184,2,2,9.460824099998717,0.012194410999654792,4.719498549000491,4.729218868998942
instance_n600_s70_seed1007,1007,placement_n600_s70,upgrade-then-downgrade,600,64,70,269,269,0,1000,1000,2.5593201783226056e-19,5.624536802186565e-16,5.621977482008243e-16,3.341962142000743,219666.82909103314,769.515220952136,970,30,63,26,89,47,47,223.72305244699965,0.01335554300021613,4.861632176000057,218.84803513900079
instance_n600_s70_seed1008,1008,placement_n600_s70,downgrade-then-upgrade,600,66,70,273,273,0,0,28290,4.648364117311748e-18,5.846717130086423e-16,5.800233488913305e-16,2.0996119427276216,12478.010204303248,483.4535160396889,-60,60,315,0,192,2,2,8.111656244000187,0.012688104001426836,4.011346639999829,4.087699629000781
instance_n600_s70_seed1008,1008,placement_n600_s70,upgrade-then-downgrade,600,66,70,273,273,0,0,0,4.648364117311748e-18,4.648364117311748e-18,0.0,0.0,0.0,0.0,0,0,0,0,0,2,2,7.985652911000216,0.013097990000460413,3.992310964000353,3.9801835700000083
instance_n600_s70_seed1008,1008,placement_n600_s70,downgrade-then-upgrade,600,66,70,273,273,0,100,28390,4.648364117311748e-18,6.577556771347252e-16,6.531073130174134e-16,2.1507644651750044,14050.26147984121,495.2318196053277,60,40,316,0,192,2,2,8.014568320000762,0.012756937998346984,4.005124812001668,3.9966963730003044
instance_n600_s70_seed1008,1008,placement_n600_s70,upgrade-then-downgrade,600,66,70,273,273,0,100,100,4.648364117311748e-18,1.099447945216877e-15,1.0947995810995652e-15,2.3738745319257304,23552.362798392653,546.6048109850406,30,70,49,27,76,47,47,189.22786290099975,0.013609924999400391,4.024653043999933,185.18954886400024
instance_n600_s70_seed1008,1008,placement_n600_s70,downgrade-then-upgrade,600,66,70,273,273,0,300,28590,4.648364117311748e-18,8.324720288736372e-16,8.278236647563254e-16,2.2530695100697673,17808.924685424045,518.7884267366044,300,0,318,0,192,2,2,8.002383369999734,0.013152564000847633,4.0290106530010235,3.9603634680006508
instance_n600_s70_seed1008,1008,placement_n600_s70,upgrade-then-downgrade,600,66,70,273,273,0,300,300,4.648364117311748e-18,6.113420357065462e-16,6.066936715892345e-16,2.1189841187583744,13051.767380480054,487.9141244144158,290,10,40,19,59,35,35,140.80229890099872,0.01396571499935817,4.017692171000817,136.77054999599932
instance_n600_s70_seed1008,1008,placement_n600_s70,downgrade-then-upgrade,600,66,70,273,273,0,600,28890,4.648364117311748e-18,1.0535974115431978e-15,1.0489490474258861e-15,2.35537455496453,22565.982804989824,542.3450338678812,540,60,320,0,192,2,2,8.05287579600008,0.0125207759992918,4.0372478810004395,4.003124230999674
instance_n600_s70_seed1008,1008,placement_n600_s70,upgrade-then-downgrade,600,66,70,273,273,0,600,600,4.648364117311748e-18,1.5323921356802425e-15,1.5277437715629308e-15,2.5180697744692533,32866.26720727848,579.8069925811781,560,40,49,23,72,40,40,161.1845125869986,0.013805683998725726,3.9903741819998686,157.18015237100008
instance_n600_s70_seed1008,1008,placement_n600_s70,downgrade-then-upgrade,600,66,70,273,273,0,1000,29290,4.648364117311748e-18,1.646496907663606e-15,1.6418485435462943e-15,2.54926077936228,35320.99685202396,586.988986871397,1000,0,324,0,192,2,2,7.978513897000084,0.012380666001263307,3.995100400999945,3.9710844660003204
instance_n600_s70_seed1008,1008,placement_n600_s70,upgrade-then-downgrade,600,66,70,273,273,0,1000,1000,4.648364117311748e-18,1.520587030243191e-15,1.5159386661258794e-15,2.5147111418529176,32612.304627344474,579.0336388416563,1000,0,48,19,67,35,35,140.2163315730013,0.014784872999371146,4.019406768000408,136.18212496600063
instance_n600_s70_seed1009,1009,placement_n600_s70,downgrade-then-upgrade,600,68,70,271,271,0,0,26180,1.1674269428180731e-18,1.7542351135470453e-16,1.7425608441188646e-16,2.1768580877029,14926.508719359048,501.2400982308222,-50,50,298,0,176,2,2,6.796142854000209,0.013113468998199096,3.3693915699986974,3.4143140419982956
instance_n600_s70_seed1009,1009,placement_n600_s70,upgrade-then-downgrade,600,68,70,271,271,0,0,0,1.1674269428180731e-18,1.1674269428180731e-18,0.0,0.0,0.0,0.0,0,0,0,0,0,2,2,6.802406619000976,0.012787154002580792,3.4179859180003405,3.3715952370002924
instance_n600_s70_seed1009,1009,placement_n600_s70,downgrade-then-upgrade,600,68,70,271,271,0,100,26280,1.1674269428180731e-18,1.7867879300870938e-16,1.775113660658913e-16,2.184843298024283,15205.351149202826,503.0787608558661,90,10,299,0,175,2,2,6.857588777998899,0.014095276001171442,3.441471416997956,3.4021330070027034
instance_n600_s70_seed1009,1009,placement_n600_s70,upgrade-then-downgrade,600,68,70,271,271,0,100,100,1.1674269428180731e-18,1.1735837583380081e-18,6.1568155199350054e-21,0.002284378426796582,0.5273833671401276,0.5259975712299,60,40,1,0,1,3,3,10.22674224399816,0.013632599002448842,3.396843573998922,6.816234048001206
instance_n600_s70_seed1009,1009,placement_n600_s70,downgrade-then-upgrade,600,68,70,271,271,0,300,26480,1.1674269428180731e-18,1.8199448195113909e-16,1.8082705500832101e-16,2.1928285083456664,15489.367974651956,504.9174234809101,230,70,300,0,175,2,2,6.807849379001709,0.012528893999842694,3.3641572339984123,3.431266854000569
instance_n600_s70_seed1009,1009,placement_n600_s70,upgrade-then-downgrade,600,68,70,271,271,0,300,300,1.1674269428180731e-18,1.2758341675788035e-18,1.0840722476073032e-19,0.03856451654102913,9.28599647520933,8.879808090589597,300,0,5,0,5,3,3,10.156020153001009,0.012640937999094604,3.4134490479991655,6.729825936999987
instance_n600_s70_seed1009,1009,placement_n600_s70,downgrade-then-upgrade,600,68,70,271,271,0,600,26780,1.1674269428180731e-18,1.8881158634255795e-16,1.8764415939973988e-16,2.208798928988433,16073.310673024405,508.594748730998,510,90,302,0,174,2,2,6.744110596999235,0.012349189000815386,3.3641440220017103,3.3676766339995083
instance_n600_s70_seed1009,1009,placement_n600_s70,upgrade-then-downgrade,600,68,70,271,271,0,600,600,1.1674269428180731e-18,1.0554012290535562e-16,1.0437269596253755e-16,1.9561878835060946,8940.404931086343,450.42890596567065,550,50,41,16,57,31,31,105.24750700599907,0.012701258001470705,3.40629480500138,101.82824417400116
instance_n600_s70_seed1009,1009,placement_n600_s70,downgrade-then-upgrade,600,68,70,271,271,0,1000,27180,1.1674269428180731e-18,3.0243965283044817e-16,3.012722258876301e-16,2.4134090187779558,25806.516436941536,555.7079629935508,990,10,306,0,174,2,2,6.751024134002364,0.012505231996328803,3.367933827001252,3.37061211100081
instance_n600_s70_seed1009,1009,placement_n600_s70,upgrade-then-downgrade,600,68,70,271,271,0,1000,1000,1.1674269428180731e-18,1.3006032235901071e-16,1.2889289541619264e-16,2.0469151139999138,11040.767579430345,471.31962281204096,980,20,40,12,52,25,25,84.56408073000057,0.012931417997606331,3.3605159590006224,81.1906094650003
instance_n600_s70_seed1010,1010,placement_n600_s70,downgrade-then-upgrade,600,64,70,258,258,0,0,25880,1.4505057027577926e-17,1.219121790468519e-15,1.204616733440941e-15,1.9245276532771167,8304.805221728173,443.13886854907025,0,0,293,0,186,2,2,6.127744588000496,0.011879669000336435,3.0806484450004064,3.0352724669974123
instance_n600_s70_seed1010,1010,placement_n600_s70,upgrade-then-downgrade,600,64,70,258,258,0,0,0,1.4505057027577926e-17,1.537276562954641e-17,8.677086019684843e-19,0.025232565456447944,5.982110930820486,5.810012907801354,0,0,3,1,4,4,4,12.322954369999934,0.01410031900377362,3.0710323249986686,9.237785720997636
instance_n600_s70_seed1010,1010,placement_n600_s70,downgrade-then-upgrade,600,64,70,258,258,0,100,25980,1.4505057027577926e-17,1.2495998352302317e-15,1.2350947782026538e-15,1.9352515186688897,8514.925352271377,445.6081298081074,20,80,293,0,186,2,2,6.070525311999518,0.011552058000233956,3.045487409999623,3.0135575360000075
instance_n600_s70_seed1010,1010,placement_n600_s70,upgrade-then-downgrade,600,64,70,258,258,0,100,100,1.4505057027577926e-17,1.5044408983058852e-17,5.393519554809252e-19,0.015855690630319597,3.718371837183924,3.6509076884499265,60,40,1,0,1,3,3,9.20281894800064,0.014383809000719339,3.0865585710016603,6.101919644002919
instance_n600_s70_seed1010,1010,placement_n600_s70,downgrade-then-upgrade,600,64,70,258,258,0,300,26180,1.4505057027577926e-17,1.581524791463263e-15,1.5670197344356852e-15,2.0375565635636526,10803.26489896847,469.16473693938417,260,40,295,0,184,2,2,6.1228914729981625,0.012577278997923713,3.0076917539990973,3.1027413040028478
instance_n600_s70_seed1010,1010,placement_n600_s70,upgrade-then-downgrade,600,64,70,258,258,0,300,300,1.4505057027577926e-17,1.655743494373938e-17,2.0523779161614545e-18,0.05747361672508429,14.149395705644896,13.233789311163235,300,0,5,0,5,3,3,9.173689356000978,0.012514227004430722,3.1030118409980787,6.058272800997656
instance_n600_s70_seed1010,1010,placement_n600_s70,downgrade-then-upgrade,600,64,70,258,258,0,600,26480,1.4505057027577926e-17,2.196897052165999e-15,2.182391995138421e-15,2.1802902655140226,15045.73191948932,502.03038637726183,600,0,298,0,184,2,2,6.154634939997777,0.012196992000099272,3.035253049001767,3.1072558180021588
instance_n600_s70_seed1010,1010,placement_n600_s70,upgrade-then-downgrade,600,64,70,258,258,0,600,600,1.4505057027577926e-17,1.7721167085151258e-15,1.757611651487548e-15,2.086972879770773,12117.233652689998,480.5432642443037,540,60,44,19,63,34,34,104.18323483399945,0.013670044998434605,3.0060981220012764,101.16342388900011
instance_n600_s70_seed1010,1010,placement_n600_s70,downgrade-then-upgrade,600,64,70,258,258,0,1000,26880,1.4505057027577926e-17,3.2062039058686214e-15,3.1916988488410434e-15,2.344471698247938,22004.04205769605,539.8345583332137,980,20,301,0,180,2,2,6.12314675199741,0.011829043996840483,2.998160684997856,3.113240234000841
instance_n600_s70_seed1010,1010,placement_n600_s70,upgrade-then-downgrade,600,64,70,258,258,0,1000,1000,1.4505057027577926e-17,2.5132710056968424e-15,2.4987659486692643e-15,2.238719880437894,17226.860562619324,515.4843024085708,1000,0,45,16,61,30,30,92.1078169700013,0.012475446997996187,3.033604036001634,89.06171406700014
instance_n600_s70_seed1011,1011,placement_n600_s70,downgrade-then-upgrade,600,65,70,272,272,0,0,29330,6.3043775739417164e-18,1.5479058069930655e-15,1.5416014294191238e-15,2.390102314021779,24452.87280684334,550.3413958997122,-50,50,324,0,179,2,2,7.151654924000468,0.012451553000573767,3.5761704340002325,3.5630911940024816
instance_n600_s70_seed1011,1011,placement_n600_s70,upgrade-then-downgrade,600,65,70,272,272,0,0,0,6.3043775739417164e-18,6.492802078943908e-18,1.8842450500219172e-19,0.012789948925484643,2.9887883901658854,2.944994573597615,0,0,3,1,4,4,4,14.481069950001256,0.012907484997413121,3.610474179000448,10.857657808999647
instance_n600_s70_seed1011,1011,placement_n600_s70,downgrade-then-upgrade,600,65,70,272,272,0,100,29430,6.3043775739417164e-18,1.6989210076753107e-15,1.6926166301013691e-15,2.430530971077386,26848.275031901147,559.6504382063131,50,50,325,0,179,2,2,7.44043832099851,0.012857268000516342,3.6447793949992047,3.7828852950005967
instance_n600_s70_seed1011,1011,placement_n600_s70,upgrade-then-downgrade,600,65,70,272,272,0,100,100,6.3043775739417164e-18,6.5270440371695875e-18,2.2266646322787113e-19,0.015074327352281312,3.5319341301547764,3.470992144827535,60,40,4,1,5,5,5,18.452477632999944,0.013924158000008902,3.6063337589985167,14.832049054999516
instance_n600_s70_seed1011,1011,placement_n600_s70,downgrade-then-upgrade,600,65,70,272,272,0,300,29630,6.3043775739417164e-18,2.046588364391736e-15,2.0402839868177944e-15,2.5113882851886027,32362.97259940505,578.2685228195156,250,50,327,0,179,2,2,7.3037351069979195,0.012788678999640979,3.615985725999053,3.6750515710009495
instance_n600_s70_seed1011,1011,placement_n600_s70,upgrade-then-downgrade,600,65,70,272,272,0,300,300,6.3043775739417164e-18,6.633453415476387e-18,3.290758415346708e-19,0.022097468095056735,5.219799063032977,5.088130062858917,300,0,5,0,5,3,3,10.814579917998344,0.012969751998753054,3.6161668989989266,7.185317813000438
instance_n600_s70_seed1011,1011,placement_n600_s70,downgrade-then-upgrade,600,65,70,272,272,0,600,29930,6.3043775739417164e-18,2.7059294656954573e-15,2.6996250881215156e-15,2.6326742563554264,42821.43727050942,606.195649739319,550,50,330,0,179,2,2,7.216813799997908,0.01324282600035076,3.572807422999176,3.6307942690000345
instance_n600_s70_seed1011,1011,placement_n600_s70,upgrade-then-downgrade,600,65,70,272,272,0,600,600,6.3043775739417164e-18,3.4758244093434194e-15,3.4695200317694777e-15,2.741415613286753,55033.50633867909,631.2342724855206,540,60,58,25,83,46,46,166.8007981039991,0.01355898700421676,3.653040957000485,163.13410730800024
instance_n600_s70_seed1011,1011,placement_n600_s70,downgrade-then-upgrade,600,65,70,272,272,0,1000,30330,6.3043775739417164e-18,3.898283267675982e-15,3.89197889010204e-15,2.7912311783312496,61734.546264947756,642.704730232574,1000,0,333,0,179,2,2,7.2448219129983045,0.012597021996043622,3.620472990998678,3.6117982139985543
instance_n600_s70_seed1011,1011,placement_n600_s70,upgrade-then-downgrade,600,65,70,272,272,0,1000,1000,6.3043775739417164e-18,1.659447619453958e-15,1.6531432418800164e-15,2.420321332948759,26222.148380088434,557.2995821503291,960,40,46,14,60,29,29,104.7501668799996,0.04953853700135369,3.6474940609987243,101.05327227299858
instance_n600_s70_seed1012,1012,placement_n600_s70,downgrade-then-upgrade,600,65,70,287,287,0,0,27010,4.470019981982133e-20,3.6721105976383355e-17,3.667640577656353e-17,2.914606288397934,82049.75799750267,671.1128991611787,0,0,315,0,195,2,2,12.45366788499814,0.013133159998687916,6.549969902996963,5.890637961998436
instance_n600_s70_seed1012,1012,placement_n600_s70,upgrade-then-downgrade,600,65,70,287,287,0,0,0,4.470019981982133e-20,4.470019981982133e-20,0.0,0.0,0.0,0.0,0,0,0,0,0,2,2,11.854031900998962,0.013464378000207944,5.920429605997924,5.92000951099908
instance_n600_s70_seed1012,1012,placement_n600_s70,downgrade-then-upgrade,600,65,70,287,287,0,100,27110,4.470019981982133e-20,4.030365290090844e-17,4.025895270108862e-17,2.9550349454535407,90064.36853384414,680.4219414677796,100,0,316,0,195,2,2,11.520967463999114,0.013057788000878645,5.772184917997947,5.735697095999058
instance_n600_s70_seed1012,1012,placement_n600_s70,upgrade-then-downgrade,600,65,70,287,287,0,100,100,4.470019981982133e-20,4.493594123874916e-20,2.357414189278272e-22,0.0022843784267935125,0.5273833671394301,0.5259975712291932,60,40,1,0,1,3,3,17.48518030299965,0.013315108997630887,5.815575763001107,11.656272594998882
instance_n600_s70_seed1012,1012,placement_n600_s70,downgrade-then-upgrade,600,65,70,287,287,0,300,27310,4.470019981982133e-20,3.8096596101828856e-17,3.805189590200903e-17,2.9305767090407007,85126.90335924571,674.7902244112665,280,20,317,0,195,2,2,11.57174736199886,0.01324925800145138,5.756393918996764,5.802093516998866
instance_n600_s70_seed1012,1012,placement_n600_s70,upgrade-then-downgrade,600,65,70,287,287,0,300,300,4.470019981982133e-20,5.306181761167215e-20,8.361617791850814e-21,0.07447265795854151,18.705996450921987,17.147963205098204,300,0,8,1,9,5,5,29.04542586200114,0.0390224809962092,5.7495702680025715,23.25691256999926
instance_n600_s70_seed1012,1012,placement_n600_s70,downgrade-then-upgrade,600,65,70,287,287,0,600,27610,4.470019981982133e-20,3.952360899694297e-17,3.9478908797123144e-17,2.9465471296834673,88319.31167255562,678.4675496613545,560,40,319,0,196,2,2,11.512888684002974,0.014225009002984734,5.723575170002732,5.775142574999336
instance_n600_s70_seed1012,1012,placement_n600_s70,upgrade-then-downgrade,600,65,70,287,287,0,600,600,4.470019981982133e-20,6.354173258581891e-17,6.349703238599909e-17,3.152749587986013,142050.89158872777,725.9474203239712,590,10,69,30,99,57,57,329.55593126999884,0.014317762997961836,5.699973113998567,323.8416279080011
instance_n600_s70_seed1012,1012,placement_n600_s70,downgrade-then-upgrade,600,65,70,287,287,0,1000,28010,4.470019981982133e-20,4.176497494211331e-17,4.1720274742293486e-17,2.9705027606476175,93333.5307458593,683.9835375364863,980,20,322,0,196,2,2,11.545072416996845,0.014399648000107845,5.764571784999134,5.7661671489986475
instance_n600_s70_seed1012,1012,placement_n600_s70,upgrade-then-downgrade,600,65,70,287,287,0,1000,1000,4.470019981982133e-20,5.762583648178967e-17,5.758113628196984e-17,3.110307778021153,128816.28385123401,716.174832429494,970,30,61,23,84,44,44,254.80312812299962,0.015228783999191364,5.724194656999316,249.06365986799938
instance_n600_s70_seed1013,1013,placement_n600_s70,downgrade-then-upgrade,600,64,70,266,266,0,0,29710,1.1707520614292501e-17,4.4299259906250134e-15,4.418218470010721e-15,2.5779315395138536,37738.293320764904,593.590673364379,-60,60,325,0,190,2,2,9.297113521999563,0.012425867997080786,4.689737830001832,4.5949750790023245
instance_n600_s70_seed1013,1013,placement_n600_s70,upgrade-then-downgrade,600,64,70,266,266,0,0,0,1.1707520614292501e-17,1.1707520614292501e-17,0.0,0.0,0.0,0.0,0,0,0,0,0,2,2,9.426617566001369,0.01349085199763067,4.699151253997115,4.713948894997884
instance_n600_s70_seed1013,1013,placement_n600_s70,downgrade-then-upgrade,600,64,70,266,266,0,100,29810,1.1707520614292501e-17,4.862113892149425e-15,4.8504063715351325e-15,2.618360196569464,41429.83413254702,602.8997156709806,40,60,326,0,189,2,2,9.110963684001035,0.012028542001644382,4.57527604599818,4.523720462999336
instance_n600_s70_seed1013,1013,placement_n600_s70,upgrade-then-downgrade,600,64,70,266,266,0,100,100,1.1707520614292501e-17,1.2783725922723932e-17,1.076205308431431e-18,0.038192519844315154,9.192427191779643,8.794152685739935,60,40,4,1,5,5,5,22.89561717200195,0.013793154997983947,4.591271626999514,18.290383669998846
instance_n600_s70_seed1013,1013,placement_n600_s70,downgrade-then-upgrade,600,64,70,266,266,0,300,30010,1.1707520614292501e-17,5.85709734182189e-15,5.845389821207598e-15,2.699217510680681,49928.5033423009,621.5178002841832,240,60,328,0,188,2,2,9.307670255999255,0.012476350995711982,4.583083802997862,4.712251174001722
instance_n600_s70_seed1013,1013,placement_n600_s70,upgrade-then-downgrade,600,64,70,266,266,0,300,300,1.1707520614292501e-17,2.8133684058917245e-15,2.801660885277432e-15,2.3807616748767444,23930.43734518113,548.1906342542729,260,40,44,21,65,38,38,174.8480188780013,0.01277280499925837,4.589050120997854,170.24611046000064
instance_n600_s70_seed1013,1013,placement_n600_s70,downgrade-then-upgrade,600,64,70,266,266,0,600,30310,1.1707520614292501e-17,7.744054718787001e-15,7.732347198172709e-15,2.8205034818475045,66045.98405518147,649.4449272039866,540,60,331,0,188,2,2,9.248175261000142,0.012455120999220526,4.609526153999468,4.626306302998273
instance_n600_s70_seed1013,1013,placement_n600_s70,upgrade-then-downgrade,600,64,70,266,266,0,600,600,1.1707520614292501e-17,3.974709758126311e-15,3.963002237512019e-15,2.5308404898821366,33850.055601644635,582.7475584748356,600,0,48,21,69,38,38,174.91435457899934,0.014316236000013305,4.624140461000934,170.2760054160026
instance_n600_s70_seed1013,1013,placement_n600_s70,downgrade-then-upgrade,600,64,70,266,266,0,1000,30710,1.1707520614292501e-17,1.0841807318677922e-14,1.083009979806363e-14,2.966636753553667,92505.49415938916,683.0933565060924,940,60,334,0,185,2,2,9.188632288001827,0.012408978003804805,4.658225543997105,4.518072730999847
instance_n600_s70_seed1013,1013,placement_n600_s70,upgrade-then-downgrade,600,64,70,266,266,0,1000,1000,1.1707520614292501e-17,1.4228880748640115e-14,1.4217173228025823e-14,3.0847058084428656,121436.2433893095,710.2797610792688,1000,0,59,25,84,45,45,207.3769218330017,0.013724485997954616,4.589557696999691,202.77362076999998
instance_n600_s70_seed1014,1014,placement_n600_s70,downgrade-then-upgrade,600,64,70,264,264,0,0,26540,2.479766571306466e-18,4.964137118110638e-16,4.939339452397574e-16,2.301432967799168,19918.56616485995,529.924524417941,-50,50,298,0,172,2,2,7.0538349710004695,0.012688550999882864,3.5249614949971146,3.516191696999158
instance_n600_s70_seed1014,1014,placement_n600_s70,upgrade-then-downgrade,600,64,70,264,264,0,0,0,2.479766571306466e-18,2.479766571306466e-18,0.0,0.0,0.0,0.0,0,0,0,0,0,2,2,7.152167770997039,0.01256917599675944,3.5568674200003443,3.5827588209976966
instance_n600_s70_seed1014,1014,placement_n600_s70,downgrade-then-upgrade,600,64,70,264,264,0,100,26640,2.479766571306466e-18,5.584654257874451e-16,5.559856592161387e-16,2.352585490246548,22420.886935467373,541.702827983579,70,30,299,0,173,2,2,7.131827277000411,0.012457267999707256,3.5380443110007036,3.5814149090001592
instance_n600_s70_seed1014,1014,placement_n600_s70,upgrade-then-downgrade,600,64,70,264,264,0,100,100,2.479766571306466e-18,2.5236723387816676e-18,4.3905767475201623e-20,0.007622166407331884,1.7705605028811182,1.7550686745842377,60,40,1,0,1,3,3,10.642924908999703,0.01334130499890307,3.5472473700028786,7.082396245001291
instance_n600_s70_seed1014,1014,placement_n600_s70,downgrade-then-upgrade,600,64,70,264,264,0,300,26840,2.479766571306466e-18,6.89568589768035e-16,6.870888231967286e-16,2.444166669749538,27707.80246604968,562.7901738558187,290,10,301,0,173,2,2,7.238991336998879,0.012706643996352796,3.577164731999801,3.6491791760017804
instance_n600_s70_seed1014,1014,placement_n600_s70,upgrade-then-downgrade,600,64,70,264,264,0,300,300,2.479766571306466e-18,7.076768792210678e-16,7.051971126497613e-16,2.455424205674816,28438.044161480404,565.3823172963577,290,10,46,22,68,41,41,146.09581511700162,0.012724580999929458,3.5508747409985517,142.53221090399893
instance_n600_s70_seed1014,1014,placement_n600_s70,downgrade-then-upgrade,600,64,70,264,264,0,600,27140,2.479766571306466e-18,8.94553627585799e-16,8.920738610144925e-16,2.557195580036074,35974.106245996496,588.8160422461326,550,50,303,0,174,2,2,7.1010770719985885,0.012721808998321649,3.5784929159999592,3.5098115450018668
instance_n600_s70_seed1014,1014,placement_n600_s70,upgrade-then-downgrade,600,64,70,264,264,0,600,600,2.479766571306466e-18,9.080729986703361e-16,9.055932320990297e-16,2.563709961064501,36519.29349228696,590.3160339107466,530,70,47,21,68,38,38,135.6803434930007,0.013405967998551205,3.6249685670009058,132.0423837269991
instance_n600_s70_seed1014,1014,placement_n600_s70,downgrade-then-upgrade,600,64,70,264,264,0,1000,27540,2.479766571306466e-18,1.2736906142774333e-15,1.2712108477061268e-15,2.7106531473782165,51263.32705728785,624.1509529430473,910,90,306,0,174,2,2,7.194848392002314,0.01234924800155568,3.5879942379979184,3.5946448020004027
instance_n600_s70_seed1014,1014,placement_n600_s70,upgrade-then-downgrade,600,64,70,264,264,0,1000,1000,2.479766571306466e-18,1.1759744062040207e-15,1.1734946396327143e-15,2.6759870687358864,47322.78647560194,616.1687933516084,950,50,48,19,67,35,35,125.55307933899894,0.012644759997783694,3.550545273003081,121.9900472340014
instance_n600_s70_seed1015,1015,placement_n600_s70,downgrade-then-upgrade,600,64,70,267,267,0,0,28430,1.6296047069135474e-17,3.1433576629222657e-15,3.1270616158531303e-15,2.2853115290697272,19189.08065610432,526.2124259683383,-40,40,316,0,182,2,2,6.931264226001076,0.012210562999825925,3.4364556330001506,3.4826610700001766
instance_n600_s70_seed1015,1015,placement_n600_s70,upgrade-then-downgrade,600,64,70,267,267,0,0,0,1.6296047069135474e-17,1.6578087645452838e-17,2.8204057631736373e-19,0.007452160944946377,1.7307300053860628,1.715923470242595,0,0,3,1,4,4,4,13.79547585599721,0.01329875499868649,3.4617855130018143,10.32036960700134
instance_n600_s70_seed1015,1015,placement_n600_s70,downgrade-then-upgrade,600,64,70,267,267,0,100,28530,1.6296047069135474e-17,3.4500267032073546e-15,3.433730656138219e-15,2.325740186125334,21070.94218352907,535.5214682749391,60,40,317,0,181,2,2,6.851630757002567,0.012732453000353416,3.391197202003241,3.4477506000002904
instance_n600_s70_seed1015,1015,placement_n600_s70,upgrade-then-downgrade,600,64,70,267,267,0,100,100,1.6296047069135474e-17,1.6584578442072504e-17,2.885313729370297e-19,0.007622166407331884,1.7705605028811238,1.7550686745842377,60,40,1,0,1,3,3,10.275151487996482,0.012830235998990247,3.432301890999952,6.829977883000538
instance_n600_s70_seed1015,1015,placement_n600_s70,downgrade-then-upgrade,600,64,70,267,267,0,300,28730,1.6296047069135474e-17,4.15604049613025e-15,4.139744449061115e-15,2.406597500236554,25403.365807047423,554.1395528881424,260,40,319,0,181,2,2,6.87655859500228,0.01344570600122097,3.4443974499990873,3.418795133999083
instance_n600_s70_seed1015,1015,placement_n600_s70,upgrade-then-downgrade,600,64,70,267,267,0,300,300,1.6296047069135474e-17,2.5213104783284655e-15,2.50501443125933e-15,2.1895440583075834,15371.914554688534,504.16115091127267,300,0,44,19,63,38,38,131.05976776800162,0.013312423005118035,3.4011623009973846,127.64528364299986
instance_n600_s70_seed1015,1015,placement_n600_s70,downgrade-then-upgrade,600,64,70,267,267,0,600,29030,1.6296047069135474e-17,5.494975264576337e-15,5.478679217507201e-15,2.5278834714033747,33619.68208771167,582.0666798079451,560,40,322,0,181,2,2,6.827399776000675,0.012272116997337434,3.428079900000739,3.3871849429997383
instance_n600_s70_seed1015,1015,placement_n600_s70,upgrade-then-downgrade,600,64,70,267,267,0,600,600,1.6296047069135474e-17,3.740231739833547e-15,3.723935692764412e-15,2.3608162409480227,22851.773052481563,543.5980283705156,590,10,49,20,69,39,39,134.40645713499907,0.012619896999240154,3.39880121600072,130.99481700099932
instance_n600_s70_seed1015,1015,placement_n600_s70,downgrade-then-upgrade,600,64,70,267,267,0,1000,29430,1.6296047069135474e-17,7.97407599025657e-15,7.957779943187434e-15,2.6895980996258086,48832.57828985643,619.3028490343501,960,40,326,0,183,2,2,6.97468538099929,0.012249599003553158,3.4549276340003416,3.507582319998619
instance_n600_s70_seed1015,1015,placement_n600_s70,upgrade-then-downgrade,600,64,70,267,267,0,1000,1000,1.6296047069135474e-17,3.953853729991684e-15,3.937557682922549e-15,2.384938328458847,24162.655312773597,549.1523442819478,940,60,44,15,59,29,29,99.73867796400009,0.013612801998533541,3.4262968140028534,96.29874082300012
instance_n600_s70_seed1016,1016,placement_n600_s70,downgrade-then-upgrade,600,68,70,268,268,0,0,25580,9.027873499106259e-21,1.7436238323356035e-17,1.742721044985693e-17,3.2858673314420317,193037.82282264132,756.5989134934547,-30,30,290,0,188,2,2,7.2950420580018545,0.012679438998020487,3.6674809220021416,3.6149985150004795
instance_n600_s70_seed1016,1016,placement_n600_s70,upgrade-then-downgrade,600,68,70,268,268,0,0,0,9.027873499106259e-21,9.027873499106259e-21,0.0,0.0,0.0,0.0,0,0,0,0,0,2,2,7.370722731000569,0.013732924999203533,3.6649964000025648,3.691932308000105
instance_n600_s70_seed1016,1016,placement_n600_s70,downgrade-then-upgrade,600,68,70,268,268,0,100,25680,9.027873499106259e-21,1.9615768113775615e-17,1.960674024027651e-17,3.3370198538894145,217180.05067547233,768.3772170590935,90,10,291,0,187,2,2,7.4179786419990705,0.012057809002726572,3.763679267001862,3.6423173239963944
instance_n600_s70_seed1016,1016,placement_n600_s70,upgrade-then-downgrade,600,68,70,268,268,0,100,100,9.027873499106259e-21,1.6884264015228776e-18,1.6793985280237714e-18,2.2718966694932163,18602.371069887373,523.12354039979,50,50,45,22,67,42,42,155.6162182730004,0.014236416998755885,3.685382739000488,151.9165688360008
instance_n600_s70_seed1016,1016,placement_n600_s70,downgrade-then-upgrade,600,68,70,268,268,0,300,25880,9.027873499106259e-21,2.2067739127997498e-17,2.2058711254498392e-17,3.3881723763367946,244340.0570099056,780.1555206247315,210,90,292,0,187,2,2,7.287198924001132,0.012913004000438377,3.678017758000351,3.5964562209992437
instance_n600_s70_seed1016,1016,placement_n600_s70,upgrade-then-downgrade,600,68,70,268,268,0,300,300,9.027873499106259e-21,4.927129829756052e-18,4.9181019562569454e-18,2.7370085410731675,54476.859436985105,630.2195066072456,230,70,56,27,83,51,51,186.26692038300098,0.013546788002713583,3.643782605002343,182.60963308600185
instance_n600_s70_seed1016,1016,placement_n600_s70,downgrade-then-upgrade,600,68,70,268,268,0,600,26180,9.027873499106259e-21,3.1420667625605734e-17,3.1411639752106626e-17,3.541629943678937,347940.6280473061,815.4904313216463,570,30,295,0,190,2,2,7.214401528002782,0.012386228998366278,3.621898647001217,3.5801741709983617
instance_n600_s70_seed1016,1016,placement_n600_s70,upgrade-then-downgrade,600,68,70,268,268,0,600,600,9.027873499106259e-21,6.170084917194547e-18,6.1610570436954405e-18,2.834705676148804,68244.83134710928,652.7151032925843,550,50,56,25,81,46,46,168.54806387799908,0.013819506002619164,3.6126571519998834,164.92160302299817
instance_n600_s70_seed1016,1016,placement_n600_s70,downgrade-then-upgrade,600,68,70,268,268,0,1000,26580,9.027873499106259e-21,4.47376302716143e-17,4.4728602398115194e-17,3.69508751102108,495450.034856417,850.8253420185611,930,70,298,0,189,2,2,7.243318185999669,0.012125656998250633,3.6357355950021883,3.5955156050004007
instance_n600_s70_seed1016,1016,placement_n600_s70,upgrade-then-downgrade,600,68,70,268,268,0,1000,1000,9.027873499106259e-21,7.540491520586695e-18,7.531463647087589e-18,2.9218141909103856,83424.55892667512,672.7725800488713,950,50,55,22,77,40,40,146.35480795200056,0.012662119999731658,3.648446122999303,142.69367475000035
instance_n800_s90_seed42,42,placement_n800_s90,downgrade-then-upgrade,800,86,90,343,343,0,0,34130,3.298119713329081e-24,1.4228252197682035e-20,1.4224954077968705e-20,3.634885139134003,431304.96508297493,836.9632336115544,-20,20,386,0,220,2,2,14.75209279000046,0.015436650002811803,7.329920090000087,7.406829993000429
instance_n800_s90_seed42,42,placement_n800_s90,upgrade-then-downgrade,800,86,90,343,343,0,0,0,3.298119713329081e-24,3.387877266367669e-24,8.975755303858757e-26,0.011661253252918863,2.721476502985618,2.6851027905799296,0,0,3,1,4,4,4,29.723583980998228,0.016673966001690133,7.353167483997822,22.353623682000034
instance_n800_s90_seed42,42,placement_n800_s90,downgrade-then-upgrade,800,86,90,343,343,0,100,34230,3.298119713329081e-24,1.6006783722392354e-20,1.6003485602679024e-20,3.6860376615813863,485230.58571834874,848.7415371771931,100,0,387,0,221,2,2,14.726296845001343,0.015681217999372166,7.293173766000109,7.41760426899782
instance_n800_s90_seed42,42,placement_n800_s90,upgrade-then-downgrade,800,86,90,343,343,0,100,100,3.298119713329081e-24,3.4207560679061214e-24,1.2263635457704033e-25,0.01585569063031969,3.7183718371839425,3.6509076884499483,60,40,1,0,1,3,3,22.04055992100257,0.016549270003451966,7.298535015001107,14.725342559999262
instance_n800_s90_seed42,42,placement_n800_s90,downgrade-then-upgrade,800,86,90,343,343,0,300,34430,3.298119713329081e-24,1.8007631687691342e-20,1.8004333567978012e-20,3.737190184028766,545896.9089331407,860.5198407428311,220,80,388,0,222,2,2,14.875920014997973,0.01582356199651258,7.362919822000549,7.4972769870000775
instance_n800_s90_seed42,42,placement_n800_s90,upgrade-then-downgrade,800,86,90,343,343,0,300,300,3.298119713329081e-24,3.536693365254072e-24,2.3857365192499087e-25,0.030330992318038267,7.233626207102641,6.983969076723183,300,0,5,0,5,3,3,22.10477381599776,0.01567645300019649,7.3446385899987945,14.744293945001118
instance_n800_s90_seed42,42,placement_n800_s90,downgrade-then-upgrade,800,86,90,343,343,0,600,34730,3.298119713329081e-24,2.5639772461576083e-20,2.5636474341862753e-20,3.890647751370909,777305.7551020674,895.8547514397459,580,20,391,0,225,2,2,14.835078180996788,0.01602252600059728,7.467107461998239,7.3525113980031165
instance_n800_s90_seed42,42,placement_n800_s90,upgrade-then-downgrade,800,86,90,343,343,0,600,600,3.298119713329081e-24,3.01523829021632e-20,3.014908478244987e-20,3.9610552241637307,914129.4859796873,912.0666711685594,590,10,78,36,114,65,65,480.553406084,0.016027759997086832,7.407078387001093,473.1302729700001
instance_n800_s90_seed42,42,placement_n800_s90,downgrade-then-upgrade,800,86,90,343,343,0,1000,35130,3.298119713329081e-24,3.6506629149392677e-20,3.650333102967935e-20,4.044105318713055,1106792.1786511908,931.1896621366614,940,60,394,0,224,2,2,14.72605693100195,0.015959651002049213,7.3882461880020855,7.321919977999642
instance_n800_s90_seed42,42,placement_n800_s90,upgrade-then-downgrade,800,86,90,343,343,0,1000,1000,3.298119713329081e-24,3.6849377383062663e-20,3.6846079263349333e-20,4.048163738925313,1117184.4100879335,932.1241479248464,990,10,77,33,110,60,60,441.8928414230031,0.016330379999999423,7.328880613000365,434.5475723599993
instance_n800_s90_seed123,123,placement_n800_s90,downgrade-then-upgrade,800,86,90,336,336,0,0,34230,2.0368836992710182e-23,3.1929560280205e-20,3.1909191443212293e-20,3.195226705039297,156656.9139643677,735.7281379759968,-70,70,380,0,234,2,2,35.89278463099981,0.015312864998122677,17.541621994001616,18.3358443420002
instance_n800_s90_seed123,123,placement_n800_s90,upgrade-then-downgrade,800,86,90,336,336,0,0,0,2.0368836992710182e-23,2.0368836992710182e-23,0.0,0.0,0.0,0.0,0,0,0,0,0,2,2,34.81836994200057,0.01560935500310734,17.23577597700205,17.566872097999294
instance_n800_s90_seed123,123,placement_n800_s90,downgrade-then-upgrade,800,86,90,336,336,0,100,34330,2.0368836992710182e-23,3.592075531523051e-20,3.59003864782378e-20,3.2463792274866767,176251.52820991309,747.5064415416348,50,50,381,0,235,2,2,34.321459561000665,0.015623231003701221,17.24918056399838,17.056847914998798
instance_n800_s90_seed123,123,placement_n800_s90,upgrade-then-downgrade,800,86,90,336,336,0,100,100,2.0368836992710182e-23,1.0322293657913354e-20,1.0301924820920644e-20,2.7048099774808945,50576.892655224285,622.8055133529068,70,30,50,24,74,45,45,776.8998974210008,0.016457636997074587,17.122599588998128,759.7607803489991
instance_n800_s90_seed123,123,placement_n800_s90,downgrade-then-upgrade,800,86,90,336,336,0,300,34530,2.0368836992710182e-23,4.546220594583865e-20,4.544183710884594e-20,3.3486842723814396,223094.90289067145,771.0630486729116,290,10,383,0,235,2,2,34.351622888996644,0.015035098000225844,17.217985133000184,17.118676821002737
instance_n800_s90_seed123,123,placement_n800_s90,upgrade-then-downgrade,800,86,90,336,336,0,300,300,2.0368836992710182e-23,1.2790207595721907e-20,1.2769838758729197e-20,2.7979113608673796,62693.01857194597,644.2428991051912,300,0,49,22,71,42,42,724.9966382090024,0.015731878997030435,17.277430980000645,707.7033934030005
instance_n800_s90_seed123,123,placement_n800_s90,downgrade-then-upgrade,800,86,90,336,336,0,600,34830,2.0368836992710182e-23,5.753810440020208e-20,5.751773556320937e-20,3.4509893172762025,282381.0489710062,794.6196558041884,530,70,385,0,236,2,2,34.657707397000195,0.01725810899370117,17.22496682000201,17.417828526002268
instance_n800_s90_seed123,123,placement_n800_s90,upgrade-then-downgrade,800,86,90,336,336,0,600,600,2.0368836992710182e-23,1.348733306925348e-20,1.346696423226077e-20,2.820959849895386,66115.52852566139,649.5500098303836,560,40,49,20,69,39,39,671.3703690719994,0.015345320000051288,17.043112276998727,654.3119035700001
instance_n800_s90_seed123,123,placement_n800_s90,downgrade-then-upgrade,800,86,90,336,336,0,1000,35230,2.0368836992710182e-23,8.99169928948472e-20,8.98966240578545e-20,3.6448755416739553,441343.9220414384,839.2636088077047,990,10,389,0,235,2,2,34.28188711199982,0.015316562003135914,17.302116937997198,16.964658429998963
instance_n800_s90_seed123,123,placement_n800_s90,upgrade-then-downgrade,800,86,90,336,336,0,1000,1000,2.0368836992710182e-23,1.525170936903791e-20,1.52313405320452e-20,2.8743522882949932,74777.66422057556,661.8440731041375,950,50,49,17,66,34,34,586.6724086600007,0.015779304998432053,17.029021806996752,569.627466752001
instance_n800_s90_seed999,999,placement_n800_s90,downgrade-then-upgrade,800,81,90,330,330,0,0,32880,1.1211652149669138e-23,3.4293091514076063e-20,3.4281879861926393e-20,3.4855370234552576,305770.09886039025,802.5745591286914,-10,10,367,0,231,2,2,19.004110392997973,0.015523867001320468,9.807790656999714,9.180841457000497
instance_n800_s90_seed999,999,placement_n800_s90,upgrade-then-downgrade,800,81,90,330,330,0,0,0,1.1211652149669138e-23,1.1211652149669138e-23,0.0,0.0,0.0,0.0,0,0,0,0,0,2,2,18.449545592000504,0.016480591999425087,9.360758329999953,9.072146550999605
instance_n800_s90_seed999,999,placement_n800_s90,downgrade-then-upgrade,800,81,90,330,330,0,100,32980,1.1211652149669138e-23,3.5150418801927955e-20,3.5139207149778285e-20,3.4962608888470306,313416.85133189993,805.0438203877285,10,90,367,0,230,2,2,18.490776925998944,0.016614539999864064,9.22000689700144,9.254207367001072
instance_n800_s90_seed999,999,placement_n800_s90,upgrade-then-downgrade,800,81,90,330,330,0,100,100,1.1211652149669138e-23,1.1628543065685463e-23,4.1689091601632575e-25,0.01585569063031969,3.7183718371839465,3.6509076884499483,60,40,1,0,1,3,3,27.72747949800032,0.01514727399990079,9.180642459999945,18.531540164000035
instance_n800_s90_seed999,999,placement_n800_s90,downgrade-then-upgrade,800,81,90,330,330,0,300,33180,1.1211652149669138e-23,4.44872487961901e-20,4.447603714404043e-20,3.5985659337417935,396694.76496693614,828.6004275190053,250,50,369,0,229,2,2,18.453246771998238,0.015179615002125502,9.274714024999412,9.16343956700075
instance_n800_s90_seed999,999,placement_n800_s90,upgrade-then-downgrade,800,81,90,330,330,0,300,300,1.1211652149669138e-23,1.8096583007293117e-20,1.8085371355143447e-20,3.207926964255175,161308.70913326682,738.6524807307609,290,10,65,32,97,59,59,541.5836538210024,0.015188771998509765,9.144388787997741,532.4240383799988
instance_n800_s90_seed999,999,placement_n800_s90,downgrade-then-upgrade,800,81,90,330,330,0,600,33480,1.1211652149669138e-23,6.179726442915831e-20,6.178605277700865e-20,3.7412996356921604,551087.8499635934,861.4660769568821,590,10,372,0,231,2,2,18.327509417002148,0.015623448001861107,9.180339244998322,9.131636695998168
instance_n800_s90_seed999,999,placement_n800_s90,upgrade-then-downgrade,800,81,90,330,330,0,600,600,1.1211652149669138e-23,2.3221075719199472e-20,2.3209864067049802e-20,3.316212719644857,207015.55629100336,763.586197345149,530,70,66,31,97,55,55,504.84446619400114,0.015515555001911707,9.148456267001166,495.6802421809989
instance_n800_s90_seed999,999,placement_n800_s90,downgrade-then-upgrade,800,81,90,330,330,0,1000,33880,1.1211652149669138e-23,9.018840022085487e-20,9.017718856870521e-20,3.905481068426076,804316.6820098533,899.2702489128341,970,30,375,0,227,2,2,18.280740778998734,0.014943841997592244,9.1604170899991,9.105356751999352
instance_n800_s90_seed999,999,placement_n800_s90,upgrade-then-downgrade,800,81,90,330,330,0,1000,1000,1.1211652149669138e-23,2.291796159582828e-20,2.290674994367861e-20,3.3105063723640225,204311.99289709146,762.2722623267193,950,50,62,26,88,46,46,422.7708873849988,0.015299110000341898,9.138006508997933,413.61755970399827
instance_n800_s90_seed1000,1000,placement_n800_s90,downgrade-then-upgrade,800,83,90,350,350,0,0,33740,1.0638093625730186e-24,4.0541830653963486e-21,4.053119256033776e-21,3.581039547012521,381000.52496535296,824.5648278373181,0,0,386,0,247,2,2,17.999464388001797,0.01827975299966056,8.996706711001025,8.98451967499932
instance_n800_s90_seed1000,1000,placement_n800_s90,upgrade-then-downgrade,800,83,90,350,350,0,0,0,1.0638093625730186e-24,1.127447618734575e-24,6.363825616155649e-26,0.025232565456441848,5.982110930819001,5.810012907799949,0,0,3,1,4,4,4,35.99040190899905,0.01684665200082236,9.067540429001383,26.905914553997718
instance_n800_s90_seed1000,1000,placement_n800_s90,downgrade-then-upgrade,800,83,90,350,350,0,100,33840,1.0638093625730186e-24,3.7623561881575214e-21,3.7612923787949485e-21,3.548596100278298,353568.2718281,817.0944481557613,40,60,386,0,248,2,2,18.252258991000417,0.01686807100122678,9.179836796000018,9.056482282998331
instance_n800_s90_seed1000,1000,placement_n800_s90,upgrade-then-downgrade,800,83,90,350,350,0,100,100,1.0638093625730186e-24,1.1033657503122518e-24,3.955638773923327e-26,0.015855690630316527,3.7183718371832026,3.6509076884492204,60,40,1,0,1,3,3,27.17047789099888,0.016310860999510624,9.009269481000956,18.14497195000149
instance_n800_s90_seed1000,1000,placement_n800_s90,downgrade-then-upgrade,800,83,90,350,350,0,300,34040,1.0638093625730186e-24,4.311194745502167e-21,4.310130936139594e-21,3.607733833047064,405160.086739108,830.7114143464439,300,0,388,0,246,2,2,19.02410323100048,0.015928586002701195,9.886914470000193,9.121309045000089
instance_n800_s90_seed1000,1000,placement_n800_s90,upgrade-then-downgrade,800,83,90,350,350,0,300,300,1.0638093625730186e-24,1.2712536194164535e-24,2.0744425684343493e-25,0.07736839420098778,19.500134529902315,17.814731115608144,300,0,8,1,9,5,5,45.544385487999534,0.01641429099981906,8.994486187999428,36.533514932998514
instance_n800_s90_seed1000,1000,placement_n800_s90,downgrade-then-upgrade,800,83,90,350,350,0,600,34340,1.0638093625730186e-24,4.049493906409086e-21,4.048430097046513e-21,3.5805369415638313,380559.73555775447,824.449098655937,600,0,390,0,247,2,2,18.064622907997546,0.01613750400065328,9.026578332999634,9.02203902200199
instance_n800_s90_seed1000,1000,placement_n800_s90,upgrade-then-downgrade,800,83,90,350,350,0,600,600,1.0638093625730186e-24,1.352494369243258e-24,2.886850066702395e-25,0.10427165748909197,27.136911633490584,24.00943641561641,600,0,10,0,10,3,3,27.238065961999382,0.017376335999870207,8.983709752999857,18.236918739999965
instance_n800_s90_seed1000,1000,placement_n800_s90,downgrade-then-upgrade,800,83,90,350,350,0,1000,34740,1.0638093625730186e-24,5.220246429479811e-21,5.219182620117238e-21,3.6908271967799773,490612.585651031,849.8443684122577,980,20,393,0,248,2,2,18.099186600000394,0.016045645999838598,9.065272077001282,9.017856566002592
instance_n800_s90_seed1000,1000,placement_n800_s90,upgrade-then-downgrade,800,83,90,350,350,0,1000,1000,1.0638093625730186e-24,4.385215768214533e-21,4.38415195885196e-21,3.6151271588393996,412118.19646408095,832.4137905221519,950,50,76,32,108,59,59,532.8296599019995,0.017260856002394576,8.930570661999809,523.8814770429999
instance_n800_s90_seed1001,1001,placement_n800_s90,downgrade-then-upgrade,800,85,90,346,346,0,0,34820,9.303947232068935e-24,1.0011124483907066e-20,1.0001820536674997e-20,3.0318156230694324,107500.83042389392,698.101345838613,-20,20,390,0,225,2,2,16.903701794999506,0.015760813999804668,8.481288016999315,8.406676896000135
instance_n800_s90_seed1001,1001,placement_n800_s90,upgrade-then-downgrade,800,85,90,346,346,0,0,0,9.303947232068935e-24,9.794991598292938e-24,4.910443662240034e-25,0.022336829213992413,5.27780687030841,5.143244997289284,0,0,3,1,4,4,4,34.20120873799897,0.015994984001736157,8.482204105002893,25.702869497999927
instance_n800_s90_seed1001,1001,placement_n800_s90,downgrade-then-upgrade,800,85,90,346,346,0,100,34920,9.303947232068935e-24,1.1262515044395413e-20,1.1253211097163344e-20,3.0829681455168125,120950.93422688026,709.879649404251,100,0,391,0,225,2,2,16.946792337999796,0.015748495996376732,8.552823821999482,8.378247986001952
instance_n800_s90_seed1001,1001,placement_n800_s90,upgrade-then-downgrade,800,85,90,346,346,0,100,100,9.303947232068935e-24,9.649902585692641e-24,3.4595535362370617e-25,0.015855690630319597,3.7183718371839416,3.6509076884499265,60,40,1,0,1,3,3,25.459643292997498,0.016734305001591565,8.406334208997578,17.03646180999931
instance_n800_s90_seed1001,1001,placement_n800_s90,downgrade-then-upgrade,800,85,90,346,346,0,300,35120,9.303947232068935e-24,1.267032942494489e-20,1.2661025477712821e-20,3.1341206679641953,136082.30100524082,721.6579529698897,220,80,392,0,226,2,2,16.909936408999783,0.0165038060004008,8.438350149001053,8.455273225001292
instance_n800_s90_seed1001,1001,placement_n800_s90,upgrade-then-downgrade,800,85,90,346,346,0,300,300,9.303947232068935e-24,1.0420950454841048e-23,1.1170032227721132e-24,0.049240092502096565,12.005691723207713,11.337950297297542,300,0,5,0,5,3,3,25.391392707002524,0.016493342998728622,8.413363456002116,16.96147869500055
instance_n800_s90_seed1001,1001,placement_n800_s90,downgrade-then-upgrade,800,85,90,346,346,0,600,35420,9.303947232068935e-24,1.8040371388251438e-20,1.803106744101937e-20,3.287578235306335,193800.19029847582,756.9928636668038,580,20,395,0,227,2,2,17.065412791998824,0.01646604200141155,8.5642588289993,8.484716159997333
instance_n800_s90_seed1001,1001,placement_n800_s90,upgrade-then-downgrade,800,85,90,346,346,0,600,600,9.303947232068935e-24,4.627633286150107e-21,4.618329338918038e-21,2.696691697655394,49638.387060059154,620.9362103422116,570,30,55,23,78,43,43,365.6636322830018,0.016711893000319833,8.43921787599902,357.2076646330024
instance_n800_s90_seed1001,1001,placement_n800_s90,downgrade-then-upgrade,800,85,90,346,346,0,1000,35820,9.303947232068935e-24,2.5686388168037447e-20,2.5677084220805377e-20,3.441035802648475,275980.5443898194,792.3277743637179,940,60,398,0,225,2,2,17.05117626399806,0.016812154000945156,8.508374141001696,8.526016278003226
instance_n800_s90_seed1001,1001,placement_n800_s90,upgrade-then-downgrade,800,85,90,346,346,0,1000,1000,9.303947232068935e-24,5.285089962989385e-21,5.2757860157573154e-21,2.7543851456840067,56704.81446382978,634.2206176816227,960,40,55,20,75,38,38,324.2575739649983,0.01590451599622611,8.490623962999962,315.7506538310008
instance_n800_s90_seed1002,1002,placement_n800_s90,downgrade-then-upgrade,800,84,90,342,342,0,0,34900,3.466727496599434e-23,4.200568434122555e-20,4.1971017066259555e-20,3.083388359349759,121068.11714341427,709.9764072150123,-60,60,388,0,233,2,2,19.04923854399749,0.016102046000014525,9.527964214998065,9.50525341699904
instance_n800_s90_seed1002,1002,placement_n800_s90,upgrade-then-downgrade,800,84,90,342,342,0,0,0,3.466727496599434e-23,3.466727496599434e-23,0.0,0.0,0.0,0.0,0,0,0,0,0,2,2,19.029760093999357,0.015595085002132691,9.564982964999217,9.449019586998475
instance_n800_s90_seed1002,1002,placement_n800_s90,downgrade-then-upgrade,800,84,90,342,342,0,100,35000,3.466727496599434e-23,4.7256394883878594e-20,4.72217276089126e-20,3.1345408817971387,136214.13178634061,721.7547107806503,60,40,389,0,233,2,2,19.359322670003166,0.015793819999089465,9.667103872998268,9.676536287999625
instance_n800_s90_seed1002,1002,placement_n800_s90,upgrade-then-downgrade,800,84,90,342,342,0,100,100,3.466727496599434e-23,3.4850104408005734e-23,1.8282944201139513e-25,0.002284378426796678,0.5273833671401498,0.5259975712299221,60,40,1,0,1,3,3,28.697094135000953,0.016610671002126765,9.517877460999443,19.16246195400163
instance_n800_s90_seed1002,1002,placement_n800_s90,downgrade-then-upgrade,800,84,90,342,342,0,300,35200,3.466727496599434e-23,5.980887477490889e-20,5.97742074999429e-20,3.2368459266919016,172422.5730420875,745.3113179119271,300,0,391,0,233,2,2,19.196583460998227,0.015688763003709028,9.615007312997477,9.565960372001427
instance_n800_s90_seed1002,1002,placement_n800_s90,upgrade-then-downgrade,800,84,90,342,342,0,300,300,3.466727496599434e-23,2.7041040546913472e-20,2.700637327194748e-20,2.8921036942468223,77901.63287549553,665.9314853765743,300,0,56,27,83,49,49,468.9455259739989,0.01672877699820674,9.590158094997605,459.33887909199984
instance_n800_s90_seed1002,1002,placement_n800_s90,downgrade-then-upgrade,800,84,90,342,342,0,600,35500,3.466727496599434e-23,7.569560713699412e-20,7.566093986202813e-20,3.3391509715866645,218248.88150639212,768.8679250432039,540,60,393,0,232,2,2,19.70681259599951,0.015794800001458498,9.881071610998333,9.81002233899926
instance_n800_s90_seed1002,1002,placement_n800_s90,upgrade-then-downgrade,800,84,90,342,342,0,600,600,3.466727496599434e-23,2.822622665394747e-20,2.8191559378981474e-20,2.910733119435792,81320.37896441242,670.2210690496912,560,40,56,25,81,45,45,438.96029472900045,0.01612038899838808,9.449198873997375,429.4949956490018
instance_n800_s90_seed1002,1002,placement_n800_s90,downgrade-then-upgrade,800,84,90,342,342,0,1000,35900,3.466727496599434e-23,1.1829241578358713e-19,1.1825774850862114e-19,3.533037195984411,341122.13499509834,813.5118780467188,1000,0,397,0,232,2,2,19.706347281997296,0.016201462000026368,10.156357714000478,9.533893936997629
instance_n800_s90_seed1002,1002,placement_n800_s90,upgrade-then-downgrade,800,84,90,342,342,0,1000,1000,3.466727496599434e-23,2.6294957173914754e-20,2.626028989894876e-20,2.8799527627038564,75749.50706309591,663.1336299928919,1000,0,55,21,76,40,40,385.24354164000033,0.01584870700025931,9.880841836002219,375.3470511230007
instance_n800_s90_seed1003,1003,placement_n800_s90,downgrade-then-upgrade,800,86,90,344,344,0,0,35880,5.1656765410483474e-24,2.845638935188919e-20,2.845122367534814e-20,3.741052585922772,550774.394201115,861.4091916452601,-30,30,401,0,233,2,2,15.444720743998914,0.01634787899820367,7.7127586450005765,7.715646509997896
instance_n800_s90_seed1003,1003,placement_n800_s90,upgrade-then-downgrade,800,86,90,344,344,0,0,0,5.1656765410483474e-24,5.255080454925497e-24,8.940391387714974e-26,0.007452160944949411,1.7307300053867807,1.7159234702432933,0,0,3,1,4,4,4,30.904971223000757,0.0158213960021385,7.7349039599976095,23.1541265449996
instance_n800_s90_seed1003,1003,placement_n800_s90,downgrade-then-upgrade,800,86,90,344,344,0,100,35980,5.1656765410483474e-24,3.201343802087523e-20,3.2008272344334185e-20,3.792205108370152,619633.6934762523,873.1874952108981,90,10,402,0,232,2,2,15.408675498001685,0.058349647999420995,7.609296179998637,7.741118735997588
instance_n800_s90_seed1003,1003,placement_n800_s90,upgrade-then-downgrade,800,86,90,344,344,0,100,100,5.1656765410483474e-24,5.257137969590745e-24,9.146142854239735e-26,0.007622166407331884,1.770560502881114,1.7550686745842377,60,40,1,0,1,3,3,23.141652096001053,0.015916627999104094,7.726742893999472,15.39907625199703
instance_n800_s90_seed1003,1003,placement_n800_s90,downgrade-then-upgrade,800,86,90,344,344,0,300,36180,5.1656765410483474e-24,3.6015117773484524e-20,3.600995209694348e-20,3.8433576308175317,697100.4051607816,884.9657987765362,210,90,403,0,233,2,2,15.567555337998783,0.016146983001817716,7.79213660700043,7.75936224200268
instance_n800_s90_seed1003,1003,placement_n800_s90,upgrade-then-downgrade,800,86,90,344,344,0,300,300,5.1656765410483474e-24,1.4922203062792422e-20,1.4917037386251373e-20,3.460705737126108,288772.19213621214,796.8569441545548,300,0,63,30,93,55,55,425.0080869529993,0.01577643200289458,7.736955891003163,417.2553421390003
instance_n800_s90_seed1003,1003,placement_n800_s90,downgrade-then-upgrade,800,86,90,344,344,0,600,36480,5.1656765410483474e-24,5.002862205958455e-20,5.00234563830435e-20,3.9860913327678986,968381.5079310308,917.8314482144131,550,50,406,0,233,2,2,15.573945922002167,0.01584357800311409,7.711661056000594,7.846461952001846
instance_n800_s90_seed1003,1003,placement_n800_s90,upgrade-then-downgrade,800,86,90,344,344,0,600,600,5.1656765410483474e-24,2.1867028201806242e-20,2.1861862525265193e-20,3.626662556566933,423213.92660850653,835.0699140070695,580,20,66,30,96,54,54,420.5647056889975,0.025599423999665305,7.8959128679998685,412.6429345150027
instance_n800_s90_seed1003,1003,placement_n800_s90,downgrade-then-upgrade,800,86,90,344,344,0,1000,36880,5.1656765410483474e-24,7.259942306977992e-20,7.259425739323887e-20,4.147805960990333,1405319.4546034476,955.0676174408181,950,50,410,0,236,2,2,15.5406600790011,0.016408587001933483,7.858452581000165,7.6658352769991325
instance_n800_s90_seed1003,1003,placement_n800_s90,upgrade-then-downgrade,800,86,90,344,344,0,1000,1000,5.1656765410483474e-24,8.420665760464658e-20,8.420149192810553e-20,4.212219220856663,1630018.6676229106,969.8993186367545,990,10,82,36,118,65,65,504.0784101649988,0.015798653003002983,7.704170912998961,496.3583479750014
instance_n800_s90_seed1004,1004,placement_n800_s90,downgrade-then-upgrade,800,83,90,345,345,0,0,33590,1.0573518869809433e-24,2.0700725308268524e-21,2.0690151789398715e-21,3.2917660177761796,195678.9602794894,757.9571362155804,-40,40,379,0,240,2,2,15.18365893200098,0.01619131400002516,7.492207226998289,7.67531126799804
instance_n800_s90_seed1004,1004,placement_n800_s90,upgrade-then-downgrade,800,83,90,345,345,0,0,0,1.0573518869809433e-24,1.0861274701390045e-24,2.877558315806125e-26,0.01166125325291877,2.721476502985602,2.6851027905799083,0,0,3,1,4,4,4,30.121430025003065,0.016946438001468778,7.524022738001804,22.580468374999327
instance_n800_s90_seed1004,1004,placement_n800_s90,downgrade-then-upgrade,800,83,90,345,345,0,100,33690,1.0573518869809433e-24,2.1084862478937428e-21,2.107428896006762e-21,3.2997512280975627,199311.97191354178,759.7957988406243,100,0,380,0,240,2,2,14.99572545999763,0.016423411998403026,7.456167390999326,7.523174248999567
instance_n800_s90_seed1004,1004,placement_n800_s90,upgrade-then-downgrade,800,83,90,345,345,0,100,100,1.0573518869809433e-24,1.0966681617663678e-24,3.931627478542447e-26,0.015855690630316527,3.7183718371831938,3.6509076884492204,60,40,1,0,1,3,3,22.50832878499932,0.016146883001056267,7.454447473999608,15.037657975000911
instance_n800_s90_seed1004,1004,placement_n800_s90,downgrade-then-upgrade,800,83,90,345,345,0,300,33890,1.0573518869809433e-24,2.1476127968237305e-21,2.1465554449367496e-21,3.3077364384189463,203012.40025832923,761.6344614656682,240,60,381,0,239,2,2,15.127703607002331,0.01597580000088783,7.536770602000615,7.574966724998376
instance_n800_s90_seed1004,1004,placement_n800_s90,upgrade-then-downgrade,800,83,90,345,345,0,300,300,1.0573518869809433e-24,1.133836770178883e-24,7.64848831979397e-26,0.03033099231803521,7.233626207101873,6.983969076722479,300,0,5,0,5,3,3,22.503338472000905,0.01575519000107306,7.414468177001254,15.073080376001599
instance_n800_s90_seed1004,1004,placement_n800_s90,downgrade-then-upgrade,800,83,90,345,345,0,600,34190,1.0573518869809433e-24,2.2280575469685453e-21,2.2270001950815644e-21,3.323706859061713,210620.5344221135,765.3117867157562,520,80,383,0,238,2,2,15.037138275998586,0.015793259000929538,7.538479996001115,7.482842143999733
instance_n800_s90_seed1004,1004,placement_n800_s90,upgrade-then-downgrade,800,83,90,345,345,0,600,600,1.0573518869809433e-24,3.549307660363398e-21,3.548250308476417e-21,3.525924101726244,335578.9451142642,811.8740275663271,530,70,69,31,100,56,56,423.188475879997,0.016161185998498695,7.541742761000933,415.6304479120008
instance_n800_s90_seed1004,1004,placement_n800_s90,downgrade-then-upgrade,800,83,90,345,345,0,1000,34590,1.0573518869809433e-24,3.568917374428844e-21,3.567860022541863e-21,3.5283169488512356,337433.5513533884,812.425000978309,1000,0,387,0,238,2,2,15.058103314000618,0.016490137997607235,7.560566983000172,7.481294596000225
instance_n800_s90_seed1004,1004,placement_n800_s90,upgrade-then-downgrade,800,83,90,345,345,0,1000,1000,1.0573518869809433e-24,5.096569716325578e-21,5.095512364438597e-21,3.683058424653744,481912.6373328573,848.0555425233845,930,70,70,29,99,53,53,401.2479310710005,0.01761724500101991,7.562153098999261,393.66813759399884
instance_n800_s90_seed1005,1005,placement_n800_s90,downgrade-then-upgrade,800,89,90,344,344,0,0,31450,5.937045599591602e-26,2.092902217172192e-22,2.0923085126122328e-22,3.547178553523051,352415.77271297335,816.7680459530359,0,0,364,0,217,2,2,14.961517629999435,0.016312277999531943,7.477163669998845,7.468069897997339
instance_n800_s90_seed1005,1005,placement_n800_s90,upgrade-then-downgrade,800,89,90,344,344,0,0,0,5.937045599591602e-26,6.17403981438012e-26,2.369942147885182e-27,0.016999041233457215,3.991787006062756,3.91417389393497,0,0,3,1,4,4,4,29.925516780996986,0.016264544003206538,7.529725549000432,22.37935721100075
instance_n800_s90_seed1005,1005,placement_n800_s90,downgrade-then-upgrade,800,89,90,344,344,0,100,31550,5.937045599591602e-26,2.2970877993353423e-22,2.296494094775383e-22,3.5876072105786614,386807.5554166797,826.0770882596375,100,0,365,0,216,2,2,15.010299296001904,0.01547364500220283,7.4317842820018996,7.563057596998988
instance_n800_s90_seed1005,1005,placement_n800_s90,upgrade-then-downgrade,800,89,90,344,344,0,100,100,5.937045599591602e-26,6.157807031127586e-26,2.207614315359834e-27,0.01585569063031969,3.718371837183955,3.6509076884499483,60,40,1,0,1,3,3,22.474659396997595,0.01599094900302589,7.437090833998809,15.021501761999389
instance_n800_s90_seed1005,1005,placement_n800_s90,downgrade-then-upgrade,800,89,90,344,344,0,300,31750,5.937045599591602e-26,2.1712976319261695e-22,2.17070392736621e-22,3.5631489741658178,365620.2215316535,820.4453712031238,280,20,366,0,217,2,2,14.984584544999962,0.015605395998136373,7.4415929690003395,7.52744525199887
instance_n800_s90_seed1005,1005,placement_n800_s90,upgrade-then-downgrade,800,89,90,344,344,0,300,300,5.937045599591602e-26,2.962298699433536e-23,2.9563616538339446e-23,2.6980584633514044,49795.16502344713,621.2509197739365,300,0,56,25,81,51,51,384.7383413569987,0.01706861300044693,7.60792968700116,377.1132759009997
instance_n800_s90_seed1005,1005,placement_n800_s90,downgrade-then-upgrade,800,89,90,344,344,0,600,32050,5.937045599591602e-26,2.25262956277919e-22,2.2520358582192304e-22,3.5791193948085844,379319.27933552396,824.1226964532118,560,40,368,0,218,2,2,15.15181048299928,0.01596660599898314,7.562168993998057,7.573826394997013
instance_n800_s90_seed1005,1005,placement_n800_s90,upgrade-then-downgrade,800,89,90,344,344,0,600,600,5.937045599591602e-26,3.6618670246319835e-23,3.655929979032392e-23,2.790132184934501,61578.270163258916,642.4516776513087,600,0,56,23,79,47,47,353.18916680500115,0.017687671999738086,7.405524432997481,345.7659790589969
instance_n800_s90_seed1005,1005,placement_n800_s90,downgrade-then-upgrade,800,89,90,344,344,0,1000,32450,5.937045599591602e-26,2.380375163882767e-22,2.379781459322808e-22,3.6030750257727346,400835.97462793754,829.6386843283436,980,20,371,0,219,2,2,14.805211776998476,0.015836580998438876,7.417102125997189,7.372397432998696
instance_n800_s90_seed1005,1005,placement_n800_s90,upgrade-then-downgrade,800,89,90,344,344,0,1000,1000,5.937045599591602e-26,5.2581974764734623e-23,5.2522604308738706e-23,2.947266507862004,88465.89339376413,678.6331926083669,1000,0,57,21,78,43,43,323.502672265,0.01659537700470537,7.608508397999685,315.8774728389981
instance_n800_s90_seed1006,1006,placement_n800_s90,downgrade-then-upgrade,800,82,90,322,322,0,0,30030,9.997529450833895e-24,1.4641590365740065e-19,1.4640590612794983e-19,4.165695560081286,1464420.8536513797,959.1868498594649,-20,20,342,0,221,2,2,11.894930616996135,0.014787358995818067,5.915435299997625,5.9647920110001
instance_n800_s90_seed1006,1006,placement_n800_s90,upgrade-then-downgrade,800,82,90,322,322,0,0,0,9.997529450833895e-24,9.997529450833895e-24,0.0,0.0,0.0,0.0,0,0,0,0,0,2,2,12.002852874997188,0.01591916000325,6.06519063700398,5.921733348004636
instance_n800_s90_seed1006,1006,placement_n800_s90,downgrade-then-upgrade,800,82,90,322,322,0,100,30130,9.997529450833895e-24,1.6471789161457522e-19,1.647078940851244e-19,4.216848082528665,1647485.960357797,970.965153425103,100,0,343,0,220,2,2,11.987694039999042,0.015682931007177103,5.936249944003066,6.035978428997623
instance_n800_s90_seed1006,1006,placement_n800_s90,upgrade-then-downgrade,800,82,90,322,322,0,100,100,9.997529450833895e-24,1.0174541758554267e-23,1.7701230772037143e-25,0.007622166407331884,1.7705605028811073,1.7550686745842377,60,40,1,0,1,3,3,17.989773834000516,0.015847155002120417,6.018117583997082,11.956049598004029
instance_n800_s90_seed1006,1006,placement_n800_s90,downgrade-then-upgrade,800,82,90,322,322,0,300,30330,9.997529450833895e-24,1.5190031444335186e-19,1.5189031691390104e-19,4.181665980724052,1519278.5143656852,962.8641751095529,260,40,344,0,219,2,2,11.965863876001094,0.015368698004749604,5.967187387999729,5.9834350860037375
instance_n800_s90_seed1006,1006,placement_n800_s90,upgrade-then-downgrade,800,82,90,322,322,0,300,300,9.997529450833895e-24,7.733768187080767e-21,7.723770657629933e-21,2.888498458178922,77256.79324691254,665.1013490939072,280,20,54,27,81,49,49,293.504556771004,0.016059481997217517,5.922676111993496,287.5657612629948
instance_n800_s90_seed1006,1006,placement_n800_s90,downgrade-then-upgrade,800,82,90,322,322,0,600,30630,9.997529450833895e-24,1.5759015893505295e-19,1.5758016140560212e-19,4.197636401366819,1576191.0197969794,966.5415003596408,540,60,346,0,218,2,2,11.923253667002427,0.015365751991339494,5.984616470006586,5.923360357002821
instance_n800_s90_seed1006,1006,placement_n800_s90,upgrade-then-downgrade,800,82,90,322,322,0,600,600,9.997529450833895e-24,1.1379261913428643e-20,1.136926438397781e-20,3.0562214014204745,113720.73910749519,703.7209839800155,600,0,56,26,82,47,47,281.7255119860056,0.015859687002375722,5.882335932001297,275.8274846169952
instance_n800_s90_seed1006,1006,placement_n800_s90,downgrade-then-upgrade,800,82,90,322,322,0,1000,31030,9.997529450833895e-24,1.6652702539272712e-19,1.665170278632763e-19,4.221592032330969,1665581.768797761,972.0574882347727,960,40,349,0,218,2,2,12.068214972001442,0.014941944005840924,6.009037739000632,6.044320982997306
instance_n800_s90_seed1006,1006,placement_n800_s90,upgrade-then-downgrade,800,82,90,322,322,0,1000,1000,9.997529450833895e-24,1.3388510961437129e-20,1.3378513431986296e-20,3.1268395863344156,133818.19476281104,719.9814219677294,960,40,57,24,81,42,42,251.43598489500437,0.01568350700836163,6.087759289999667,245.33252831799473
instance_n800_s90_seed1007,1007,placement_n800_s90,downgrade-then-upgrade,800,84,90,339,339,0,0,32530,2.5321467196087795e-23,2.785483650421978e-20,2.782951503702369e-20,3.041411747381114,109904.82826889031,700.3109351176726,-10,10,371,0,215,2,2,15.40107843199803,0.01647108000179287,7.746527863993833,7.638239208004961
instance_n800_s90_seed1007,1007,placement_n800_s90,upgrade-then-downgrade,800,84,90,339,339,0,0,0,2.5321467196087795e-23,2.5321467196087795e-23,0.0,0.0,0.0,0.0,0,0,0,0,0,2,2,15.392455285000324,0.015259752995916642,7.6775048060007975,7.699562050998793
instance_n800_s90_seed1007,1007,placement_n800_s90,downgrade-then-upgrade,800,84,90,339,339,0,100,32630,2.5321467196087795e-23,2.5849798788383465e-20,2.5824477321187378e-20,3.0089683006468904,101986.49675867637,692.8405554361156,30,70,371,0,214,2,2,16.401952756001265,0.01629747100378154,7.993093681994651,8.392438862996642
instance_n800_s90_seed1007,1007,placement_n800_s90,upgrade-then-downgrade,800,84,90,339,339,0,100,100,2.5321467196087795e-23,2.5769799093011722e-23,4.483318969239267e-25,0.007622166407331884,1.7705605028811073,1.7550686745842377,60,40,1,0,1,3,3,22.87662619099865,0.016930264995608013,7.6010172630049055,15.258639252002467
instance_n800_s90_seed1007,1007,placement_n800_s90,downgrade-then-upgrade,800,84,90,339,339,0,300,32830,2.5321467196087795e-23,2.96206714982354e-20,2.959535003103931e-20,3.0681060334156567,116878.49602811261,706.4575216267983,290,10,373,0,215,2,2,15.195884224995098,0.015985273996193428,7.60608018199855,7.573826736996125
instance_n800_s90_seed1007,1007,placement_n800_s90,upgrade-then-downgrade,800,84,90,339,339,0,300,300,2.5321467196087795e-23,2.836148448744306e-23,3.0400172913552657e-24,0.04924009250209346,12.005691723206912,11.33795029729683,300,0,5,0,5,3,3,23.046555221000744,0.016105497001262847,7.665916479003499,15.364451287998236
instance_n800_s90_seed1007,1007,placement_n800_s90,downgrade-then-upgrade,800,84,90,339,339,0,600,33130,2.5321467196087795e-23,2.782261897609498e-20,2.779729750889889e-20,3.0409091419324237,109777.59421931765,700.1952059362914,590,10,375,0,214,2,2,15.465543954000168,0.015279534993169364,7.67610046799382,7.774136400003044
instance_n800_s90_seed1007,1007,placement_n800_s90,upgrade-then-downgrade,800,84,90,339,339,0,600,600,2.5321467196087795e-23,1.735760426646008e-20,1.7332282799263992e-20,2.8360009164246147,68448.96729341913,653.013343387677,600,0,58,25,83,46,46,353.1385044319977,0.016115735990752,7.758407150999119,345.3637846979982
instance_n800_s90_seed1007,1007,placement_n800_s90,downgrade-then-upgrade,800,84,90,339,339,0,1000,33530,2.5321467196087795e-23,3.247289074293394e-20,3.244756927573785e-20,3.1080320850225736,128142.5322808745,715.650834752018,990,10,378,0,214,2,2,15.31877100100246,0.015444899996509776,7.729801057997975,7.573520122001355
instance_n800_s90_seed1007,1007,placement_n800_s90,upgrade-then-downgrade,800,84,90,339,339,0,1000,1000,2.5321467196087795e-23,2.0615965569347947e-20,2.059064410215186e-20,2.9107148139277252,81316.94716857934,670.2168540506918,940,60,55,21,76,39,39,300.0498877409991,0.016097211999294814,7.690645652000967,292.3431239269994
instance_n800_s90_seed1008,1008,placement_n800_s90,downgrade-then-upgrade,800,84,90,344,344,0,0,38040,2.1077046610280922e-23,1.8781929544340075e-19,1.8779821839679047e-19,3.949930451130961,891008.2226851773,909.5050975137397,-80,80,419,0,238,2,2,14.547675759000413,0.015489263001654763,7.260278837005899,7.271829552999407
instance_n800_s90_seed1008,1008,placement_n800_s90,upgrade-then-downgrade,800,84,90,344,344,0,0,0,2.1077046610280922e-23,2.1077046610280922e-23,0.0,0.0,0.0,0.0,0,0,0,0,0,2,2,14.382762664994516,0.01609883199853357,7.1880006219944335,7.178447924998181
instance_n800_s90_seed1008,1008,placement_n800_s90,downgrade-then-upgrade,800,84,90,344,344,0,100,38140,2.1077046610280922e-23,2.061431291451968e-19,2.0612205209858652e-19,3.990359108186571,977945.6102642231,918.8141398203413,20,80,420,0,237,2,2,14.41361886800587,0.015955825001583435,7.205487348997849,7.192197074000433
instance_n800_s90_seed1008,1008,placement_n800_s90,upgrade-then-downgrade,800,84,90,344,344,0,100,100,2.1077046610280922e-23,2.1188203448387918e-23,1.111568381069955e-25,0.002284378426796582,0.5273833671401363,0.5259975712299,60,40,1,0,1,3,3,21.765327052999055,0.016265040991129354,7.1347257279994665,14.614331386997947
instance_n800_s90_seed1008,1008,placement_n800_s90,downgrade-then-upgrade,800,84,90,344,344,0,300,38340,2.1077046610280922e-23,2.483282787144682e-19,2.483072016678579e-19,4.071216422297785,1178092.957040476,937.4322244335431,220,80,422,0,235,2,2,14.423810214997502,0.017000062005536165,7.125933340001211,7.2808833769959165
instance_n800_s90_seed1008,1008,placement_n800_s90,upgrade-then-downgrade,800,84,90,344,344,0,300,300,2.1077046610280922e-23,1.8295448832669835e-20,1.8274371786059555e-20,2.93853331233532,86702.71563163747,676.6223000249724,300,0,52,22,74,44,44,317.4410079169975,0.01698407100775512,7.256669709997368,310.16730854399793
instance_n800_s90_seed1008,1008,placement_n800_s90,downgrade-then-upgrade,800,84,90,344,344,0,600,38640,2.1077046610280922e-23,3.378592391230202e-19,3.3783816207640994e-19,4.204926043734278,1602872.3963234008,968.2200025444978,580,20,425,0,234,2,2,14.349337394996837,0.016904768002859782,7.101140604994725,7.232637673005229
instance_n800_s90_seed1008,1008,placement_n800_s90,upgrade-then-downgrade,800,84,90,344,344,0,600,600,2.1077046610280922e-23,2.1321852494169086e-20,2.1300775447558806e-20,3.0050151786126786,101061.48096274909,691.9303154494394,560,40,52,20,72,40,40,288.6614468619955,0.016614129002846312,7.243741300997499,281.4010176650045
instance_n800_s90_seed1008,1008,placement_n800_s90,downgrade-then-upgrade,800,84,90,344,344,0,1000,39040,2.1077046610280922e-23,4.434698148919926e-19,4.434487378453822e-19,4.3230543086544975,2103941.534337537,995.4200407311525,920,80,427,0,234,2,2,14.510914456994215,0.016590393002843484,7.182707833002496,7.311678997000854
instance_n800_s90_seed1008,1008,placement_n800_s90,upgrade-then-downgrade,800,84,90,344,344,0,1000,1000,2.1077046610280922e-23,2.5255238795878468e-20,2.5234161749268188e-20,3.078541723315526,119723.42338019746,708.860428026653,1000,0,51,16,67,34,34,245.21503939499962,0.01556023000011919,7.078361014006077,238.12110988500353
instance_n800_s90_seed1009,1009,placement_n800_s90,downgrade-then-upgrade,800,83,90,343,343,0,0,33320,1.6751158453055973e-24,5.1602532238262604e-21,5.158578107980955e-21,3.4886261671004566,307953.51392785955,803.2858607394467,0,0,378,0,225,2,2,15.293358547001844,0.015612891998898704,7.644010429998161,7.633724740000616
instance_n800_s90_seed1009,1009,placement_n800_s90,upgrade-then-downgrade,800,83,90,343,343,0,0,0,1.6751158453055973e-24,1.6751158453055973e-24,0.0,0.0,0.0,0.0,0,0,0,0,0,2,2,15.422780601998966,0.01630458399449708,7.722299542998371,7.684133161994396
instance_n800_s90_seed1009,1009,placement_n800_s90,downgrade-then-upgrade,800,83,90,343,343,0,100,33420,1.6751158453055973e-24,4.788809566798473e-21,4.787134450953167e-21,3.45618272036623,285779.3068084693,795.815481057889,40,60,378,0,225,2,2,15.339170553997974,0.015714405992184766,7.774165797003661,7.5492463699993095
instance_n800_s90_seed1009,1009,placement_n800_s90,upgrade-then-downgrade,800,83,90,343,343,0,100,100,1.6751158453055973e-24,1.7047747848400814e-24,2.965893953448411e-26,0.007622166407331884,1.7705605028811202,1.7550686745842377,60,40,1,0,1,3,3,23.63273260799906,0.01593690500158118,7.698647281999001,15.918018317002861
instance_n800_s90_seed1009,1009,placement_n800_s90,downgrade-then-upgrade,800,83,90,343,343,0,300,33620,1.6751158453055973e-24,5.487383333501571e-21,5.4857082176562656e-21,3.515320453134996,327482.3190903247,809.4324472485716,300,0,380,0,223,2,2,15.35369978500239,0.015837497005122714,7.715734491001058,7.62224309299927
instance_n800_s90_seed1009,1009,placement_n800_s90,upgrade-then-downgrade,800,83,90,343,343,0,300,300,1.6751158453055973e-24,1.303845750009383e-21,1.3021706341640774e-21,2.8911813689809818,77736.15405843874,665.7191121357727,280,20,54,25,79,47,47,357.46378849900066,0.016454531003546435,7.517405423997843,349.9300364840019
instance_n800_s90_seed1009,1009,placement_n800_s90,downgrade-then-upgrade,800,83,90,343,343,0,600,33920,1.6751158453055973e-24,6.944969531462881e-21,6.943294415617575e-21,3.6176254980297564,414496.3725986895,832.9890543798477,540,60,382,0,223,2,2,15.31127757399372,0.01582567099831067,7.681147338000301,7.614339014005964
instance_n800_s90_seed1009,1009,placement_n800_s90,upgrade-then-downgrade,800,83,90,343,343,0,600,600,1.6751158453055973e-24,1.8885946413434086e-21,1.886919525498103e-21,3.052093906355953,112644.12134755169,702.7705931193182,550,50,57,25,82,47,47,359.6166470290045,0.01959236599941505,7.664638895999815,351.9324496269983
instance_n800_s90_seed1009,1009,placement_n800_s90,downgrade-then-upgrade,800,83,90,343,343,0,1000,34320,1.6751158453055973e-24,1.0853169087254126e-20,1.085149397140882e-20,3.811511722427506,647805.5832269405,877.6330073833634,1000,0,386,0,223,2,2,15.377639520003868,0.015796214996953495,7.661285924004915,7.7006233829961275
instance_n800_s90_seed1009,1009,placement_n800_s90,upgrade-then-downgrade,800,83,90,343,343,0,1000,1000,1.6751158453055973e-24,2.1421903682204724e-21,2.140515252375167e-21,3.1068132155529717,127783.11770937043,715.3701796849169,960,40,56,21,77,41,41,314.89358273400285,0.016717890997824725,7.746700662995863,307.12990289800655
instance_n800_s90_seed1010,1010,placement_n800_s90,downgrade-then-upgrade,800,84,90,342,342,0,0,35450,2.681840895516706e-23,1.358952421574893e-19,1.3586842374853412e-19,3.704771242801354,506623.7299001161,853.0551036627422,-40,40,397,0,231,2,2,21.54217126200092,0.01606287100003101,10.822012329001154,10.704264396001236
instance_n800_s90_seed1010,1010,placement_n800_s90,upgrade-then-downgrade,800,84,90,342,342,0,0,0,2.681840895516706e-23,7.667914122825939e-20,7.665232281930423e-20,3.4562442312634025,285819.7999271532,795.8296444653776,-20,20,64,32,96,58,58,623.0823853969996,0.017232136000529863,10.905104741999821,612.1600424099961
instance_n800_s90_seed1010,1010,placement_n800_s90,downgrade-then-upgrade,800,84,90,342,342,0,100,35550,2.681840895516706e-23,1.5288214742717497e-19,1.528553290182198e-19,3.755923765248734,569964.1961376289,864.8334072283802,80,20,398,0,230,2,2,21.09283232499729,0.017310444003669545,10.546454358998744,10.529089996001858
instance_n800_s90_seed1010,1010,placement_n800_s90,upgrade-then-downgrade,800,84,90,342,342,0,100,100,2.681840895516706e-23,8.792541527507123e-20,8.789859686611606e-20,3.5156814191152725,327754.7039164707,809.5155627370979,60,40,65,32,97,58,58,622.4619529850024,0.015468417004740331,10.68652493400441,611.7599563889962
instance_n800_s90_seed1010,1010,placement_n800_s90,downgrade-then-upgrade,800,84,90,342,342,0,300,35750,2.681840895516706e-23,1.887721637439205e-19,1.8874534533496532e-19,3.8475049447517238,703790.2421821338,885.9207531006199,300,0,400,0,230,2,2,21.339314110999112,0.01620078499399824,10.676268467999762,10.64697530799458
instance_n800_s90_seed1010,1010,placement_n800_s90,upgrade-then-downgrade,800,84,90,342,342,0,300,300,2.681840895516706e-23,3.061305176019154e-23,3.794642805024476e-24,0.05747361672508117,14.149395705644082,13.233789311162516,300,0,5,0,5,3,3,31.829609230000642,0.016201742000703234,10.649356772999454,21.164045523000823
instance_n800_s90_seed1010,1010,placement_n800_s90,downgrade-then-upgrade,800,84,90,342,342,0,600,36050,2.681840895516706e-23,2.448876389818595e-19,2.4486082057290433e-19,3.9605338550382596,913032.6149558077,911.9466214909337,560,40,402,0,228,2,2,21.534363426995696,0.01604866699926788,10.77872439899511,10.739631204000034
instance_n800_s90_seed1010,1010,placement_n800_s90,upgrade-then-downgrade,800,84,90,342,342,0,600,600,2.681840895516706e-23,2.8281603106735373e-19,2.827892126583986e-19,4.023071014185589,1054459.3198319247,926.3463345320176,600,0,74,34,108,62,62,664.4849046550007,0.016082797999843024,10.77763511199737,653.6911897960017
instance_n800_s90_seed1010,1010,placement_n800_s90,downgrade-then-upgrade,800,84,90,342,342,0,1000,36450,2.681840895516706e-23,3.48677907847217e-19,3.4865108943826185e-19,4.113991422380402,1300043.8990288712,947.2815321878486,920,80,405,0,226,2,2,21.350008915003855,0.016574918998230714,10.657645580002281,10.675894722000521
instance_n800_s90_seed1010,1010,placement_n800_s90,upgrade-then-downgrade,800,84,90,342,342,0,1000,1000,2.681840895516706e-23,2.5225938935116144e-19,2.522325709422063e-19,3.9734143310244687,940520.2648817429,914.912460690585,960,40,72,30,102,55,55,590.6976073639962,0.016822834993945435,10.735993449998205,579.9448163060006
instance_n800_s90_seed1011,1011,placement_n800_s90,downgrade-then-upgrade,800,81,90,342,342,0,0,35370,2.336848438702184e-23,2.157280883282639e-20,2.1549440348439368e-20,2.965276148785774,92215.82363470386,682.7800656804918,0,0,394,0,221,2,2,15.00155312899733,0.016023562995542306,7.574250786994526,7.411316447003628
instance_n800_s90_seed1011,1011,placement_n800_s90,upgrade-then-downgrade,800,81,90,342,342,0,0,0,2.336848438702184e-23,2.4830862631671376e-23,1.462378244649535e-24,0.026361261129004616,6.257907960268473,6.0699046908169425,0,0,3,1,4,4,4,29.790818818000844,0.015736991001176648,7.458983554999577,22.316045204999682
instance_n800_s90_seed1011,1011,placement_n800_s90,downgrade-then-upgrade,800,81,90,342,342,0,100,35470,2.336848438702184e-23,2.3677473109199626e-20,2.3654104624812605e-20,3.0057048058413813,101222.24545272345,692.0891079870927,100,0,395,0,220,2,2,14.985243441995408,0.015754820000438485,7.496425019999151,7.4734876029979205
instance_n800_s90_seed1011,1011,placement_n800_s90,upgrade-then-downgrade,800,81,90,342,342,0,100,100,2.336848438702184e-23,3.605075112107031e-21,3.5817066277200095e-21,2.188283771510286,15327.081416153726,503.8709591520373,50,50,47,23,70,43,43,322.1082295669985,0.01785745200322708,7.44185125399963,314.64821399900393
instance_n800_s90_seed1011,1011,placement_n800_s90,downgrade-then-upgrade,800,81,90,342,342,0,300,35670,2.336848438702184e-23,2.7303086179045724e-20,2.72797176946587e-20,3.067581193680534,116737.2142876713,706.3366728117678,240,60,396,0,219,2,2,15.021129574000952,0.015980242998921312,7.540891147000366,7.4642228730008355
instance_n800_s90_seed1011,1011,placement_n800_s90,upgrade-then-downgrade,800,81,90,342,342,0,300,300,2.336848438702184e-23,2.6174032582913793e-23,2.8055481958919516e-24,0.049240092502099576,12.005691723208498,11.337950297298237,300,0,5,0,5,3,3,22.63749967899639,0.015935994997562375,7.542702691003797,15.078807180005242
instance_n800_s90_seed1011,1011,placement_n800_s90,downgrade-then-upgrade,800,81,90,342,342,0,600,35970,2.336848438702184e-23,3.7926733659535343e-20,3.790336517514832e-20,3.210314895630901,162198.64560920655,739.2023222496448,580,20,399,0,217,2,2,15.003820614998403,0.01773979499557754,7.514739887999895,7.47138506200281
instance_n800_s90_seed1011,1011,placement_n800_s90,upgrade-then-downgrade,800,81,90,342,342,0,600,600,2.336848438702184e-23,4.491279717470636e-21,4.4679112330836145e-21,2.28373955761128,19119.388142968135,525.850466163655,600,0,46,18,64,36,36,268.8819232620008,0.015784732007887214,7.509619872005715,261.35647106800025
instance_n800_s90_seed1011,1011,placement_n800_s90,downgrade-then-upgrade,800,81,90,342,342,0,1000,36370,2.336848438702184e-23,5.503767382047968e-20,5.501430533609267e-20,3.372029523853335,235420.93883780486,776.4384914760499,980,20,403,0,217,2,2,14.851639660999354,0.015866840003582183,7.457283952993748,7.378551790003257
instance_n800_s90_seed1011,1011,placement_n800_s90,upgrade-then-downgrade,800,81,90,342,342,0,1000,1000,2.336848438702184e-23,4.526291547892605e-21,4.502923063505583e-21,2.287111978125181,19269.213137358503,526.6269946839167,950,50,44,14,58,29,29,216.50758638999832,0.016211749003559817,7.3848367989994586,209.10651659699943
instance_n800_s90_seed1012,1012,placement_n800_s90,downgrade-then-upgrade,800,85,90,362,362,0,0,34650,2.310985026627024e-25,8.102730434539622e-22,8.100419449512995e-22,3.5448342592335167,350518.0412759266,816.2282522445686,-70,70,400,0,248,2,2,22.008940781001,0.016467097004351672,11.027735913005017,10.964823449998221
instance_n800_s90_seed1012,1012,placement_n800_s90,upgrade-then-downgrade,800,85,90,362,362,0,0,0,2.310985026627024e-25,2.310985026627024e-25,0.0,0.0,0.0,0.0,0,0,0,0,0,2,2,22.715640158006863,0.019074340001679957,11.733867208000447,10.962273351004114
instance_n800_s90_seed1012,1012,placement_n800_s90,downgrade-then-upgrade,800,85,90,362,362,0,100,34750,2.310985026627024e-25,8.253090380747575e-22,8.250779395720948e-22,3.5528194695549002,357024.3554439335,818.0669148696126,70,30,401,0,249,2,2,22.024834366995492,0.01756779500283301,11.035273205998237,10.972031174998847
instance_n800_s90_seed1012,1012,placement_n800_s90,upgrade-then-downgrade,800,85,90,362,362,0,100,100,2.310985026627024e-25,2.6874264662946836e-25,3.7644143966765963e-26,0.06553945826516812,16.28922019529876,15.091017960428152,60,40,10,3,13,9,9,98.97752565500559,0.019042366002395283,10.691019484998833,88.2682988250017
instance_n800_s90_seed1012,1012,placement_n800_s90,downgrade-then-upgrade,800,85,90,362,362,0,300,34950,2.310985026627024e-25,8.406240511524337e-22,8.40392952649771e-22,3.5608046798762834,363651.40533876955,819.9055774946565,210,90,402,0,248,2,2,22.055360791004205,0.017657528995187022,11.070458262001921,10.967346700002963
instance_n800_s90_seed1012,1012,placement_n800_s90,upgrade-then-downgrade,800,85,90,362,362,0,300,300,2.310985026627024e-25,2.478153045155352e-25,1.671680185283282e-26,0.03033099231804142,7.233626207103412,6.983969076723909,300,0,5,0,5,3,3,33.312009342997044,0.017000422005367,11.164270271001442,22.13063611600228
instance_n800_s90_seed1012,1012,placement_n800_s90,downgrade-then-upgrade,800,85,90,362,362,0,600,35250,2.310985026627024e-25,9.571960310565718e-22,9.56964932553909e-22,3.617203757574657,414093.9562687856,832.8919450513454,590,10,405,0,248,2,2,22.143845427999622,0.017604580003535375,11.13917347700044,10.986941555005615
instance_n800_s90_seed1012,1012,placement_n800_s90,upgrade-then-downgrade,800,85,90,362,362,0,600,600,2.310985026627024e-25,2.828796725705892e-25,5.178116990788682e-26,0.08780460904312874,22.406536308659486,20.217758387887844,600,0,10,0,10,3,3,33.066945593003766,0.018389703996945173,11.027566777003813,22.020754933000717
instance_n800_s90_seed1012,1012,placement_n800_s90,downgrade-then-upgrade,800,85,90,362,362,0,1000,35650,2.310985026627024e-25,1.1171817492370617e-21,1.116950650734399e-21,3.6843267006648066,483322.32267408224,848.347573867072,990,10,408,0,248,2,2,21.86283971600642,0.01689606400032062,10.883221043004596,10.96272543699888
instance_n800_s90_seed1012,1012,placement_n800_s90,upgrade-then-downgrade,800,85,90,362,362,0,1000,1000,2.310985026627024e-25,1.9022110786325075e-21,1.901979980129845e-21,3.915461575112238,823017.0071269833,901.5683455044425,930,70,79,31,110,59,59,651.5750731090011,0.016486542001075577,11.125951581998379,640.4325707370008
instance_n800_s90_seed1013,1013,placement_n800_s90,downgrade-then-upgrade,800,83,90,339,339,0,0,37830,2.5525110009813637e-22,3.2133978051300907e-19,3.2108452941291095e-19,3.0999968701953513,125791.63392027051,713.8006581640013,-60,60,412,0,233,2,2,14.155060397002671,0.01546736100135604,7.0587279530009255,7.080767614999786
instance_n800_s90_seed1013,1013,placement_n800_s90,upgrade-then-downgrade,800,83,90,339,339,0,0,0,2.5525110009813637e-22,2.7386590999759873e-22,1.861480989946236e-23,0.030570353436980238,7.292744239811514,7.039084011154999,0,0,3,1,4,4,4,28.279004064002947,0.016829950000101235,7.134977722002077,21.127161015996535
instance_n800_s90_seed1013,1013,placement_n800_s90,downgrade-then-upgrade,800,83,90,339,339,0,100,37930,2.5525110009813637e-22,3.526900030020846e-19,3.524347519019865e-19,3.140425527250961,138073.74454663895,723.109700470603,40,60,413,0,232,2,2,14.088444731998607,0.016392602999985684,7.098538058002305,6.973639001997071
instance_n800_s90_seed1013,1013,placement_n800_s90,upgrade-then-downgrade,800,83,90,339,339,0,100,100,2.5525110009813637e-22,1.5030851641689558e-19,1.5005326531679744e-19,2.770015965711326,58786.5303064733,637.8197470002406,70,30,60,31,91,57,57,405.284829417993,0.015527265997661743,6.992915625000023,398.276274111995
instance_n800_s90_seed1013,1013,placement_n800_s90,downgrade-then-upgrade,800,83,90,339,339,0,300,38130,2.5525110009813637e-22,4.248645187859709e-19,4.246092676858728e-19,3.221282841362175,166349.6327822381,741.7277850838047,240,60,415,0,230,2,2,14.638314368996362,0.015394488000310957,7.5669400629994925,7.055952955997782
instance_n800_s90_seed1013,1013,placement_n800_s90,upgrade-then-downgrade,800,83,90,339,339,0,300,300,2.5525110009813637e-22,8.544211505104308e-20,8.518686395094494e-20,2.5247043679150183,33373.7499733373,581.3346641778076,300,0,50,24,74,44,44,310.27329993499734,0.015163561001827475,7.003565589002392,303.25451041099586
instance_n800_s90_seed1013,1013,placement_n800_s90,downgrade-then-upgrade,800,83,90,339,339,0,600,38430,2.5525110009813637e-22,5.617414035543816e-19,5.614861524542835e-19,3.3425688125289987,219974.03820724334,769.6549120036082,540,60,418,0,230,2,2,13.94592461999855,0.016641745998640545,6.940758673998062,6.988545253996563
instance_n800_s90_seed1013,1013,placement_n800_s90,upgrade-then-downgrade,800,83,90,339,339,0,600,600,2.5525110009813637e-22,5.001041446083363e-20,4.9755163360735494e-20,2.2920928312597946,19492.634249805833,527.773878501732,590,10,42,17,59,33,33,232.67140400900098,0.01678886999434326,7.151869590001297,225.50273493100394
instance_n800_s90_seed1013,1013,placement_n800_s90,downgrade-then-upgrade,800,83,90,339,339,0,1000,38830,2.5525110009813637e-22,8.388314665970832e-19,8.385762154969851e-19,3.516707091021096,328529.9123782729,809.751732421163,990,10,422,0,228,2,2,14.112052538999706,0.01515438299975358,7.027364850000595,7.069504519997281
instance_n800_s90_seed1013,1013,placement_n800_s90,upgrade-then-downgrade,800,83,90,339,339,0,1000,1000,2.5525110009813637e-22,4.628387905528662e-20,4.602862795518848e-20,2.2584621275431687,18032.68543700374,520.0301227972517,930,70,40,13,53,26,26,182.95234337299917,0.01626625200151466,7.12889917800203,175.8071571649998
instance_n800_s90_seed1014,1014,placement_n800_s90,downgrade-then-upgrade,800,83,90,340,340,0,0,32680,4.2495662928743347e-23,4.244728263271806e-20,4.2404786969789316e-20,2.9995052844534698,99786.15239134776,690.6616154339424,-80,80,374,0,224,2,2,20.367924108002626,0.015445338998688385,10.254573379999783,10.097944130997348
instance_n800_s90_seed1014,1014,placement_n800_s90,upgrade-then-downgrade,800,83,90,340,340,0,0,0,4.2495662928743347e-23,4.2495662928743347e-23,0.0,0.0,0.0,0.0,0,0,0,0,0,2,2,20.340794590003497,0.016294233995722607,10.232381699999678,10.092033253000409
instance_n800_s90_seed1014,1014,placement_n800_s90,downgrade-then-upgrade,800,83,90,340,340,0,100,32780,4.2495662928743347e-23,4.3234964166108715e-20,4.319246850317997e-20,3.0074904947748533,101639.70985840373,692.5002780589864,60,40,375,0,224,2,2,20.25246323399915,0.01554076199681731,10.243652073004341,9.993318378001277
instance_n800_s90_seed1014,1014,placement_n800_s90,upgrade-then-downgrade,800,83,90,340,340,0,100,100,4.2495662928743347e-23,4.407580969111004e-23,1.580146762366693e-24,0.015855690630316527,3.7183718371831977,3.6509076884492204,60,40,1,0,1,3,3,31.01055180300318,0.015827347997401375,10.277642987995932,20.717105758005346
instance_n800_s90_seed1014,1014,placement_n800_s90,downgrade-then-upgrade,800,83,90,340,340,0,300,32980,4.2495662928743347e-23,4.83335807599997e-20,4.829108509707096e-20,3.0559043621518436,113637.67916280153,703.6479829906312,300,0,377,0,223,2,2,20.39304191300471,0.01666556599229807,10.280266553003457,10.096143650996964
instance_n800_s90_seed1014,1014,placement_n800_s90,upgrade-then-downgrade,800,83,90,340,340,0,300,300,4.2495662928743347e-23,4.670368805148881e-23,4.208025122745461e-24,0.041006568279108827,9.902246094622573,9.44211128343185,300,0,5,0,5,3,3,31.791441193003266,0.01580460600234801,10.111670387006598,21.663873448997037
instance_n800_s90_seed1014,1014,placement_n800_s90,downgrade-then-upgrade,800,83,90,340,340,0,600,33280,4.2495662928743347e-23,5.139764930260802e-20,5.1355153639679276e-20,3.082598648186383,120847.98800713265,709.7945694997563,600,0,379,0,225,2,2,20.56261579800048,0.01722892799443798,10.242774250000366,10.302632957995229
instance_n800_s90_seed1014,1014,placement_n800_s90,upgrade-then-downgrade,800,83,90,340,340,0,600,600,4.2495662928743347e-23,3.015356536423185e-20,3.0111069701303105e-20,2.8509940620016923,70856.80661528518,656.4656427379639,530,70,59,26,85,48,48,486.25825628299935,0.017074253999453504,10.032043163999333,476.20884937400115
instance_n800_s90_seed1014,1014,placement_n800_s90,downgrade-then-upgrade,800,83,90,340,340,0,1000,33680,4.2495662928743347e-23,5.298769433122862e-20,5.2945198668299875e-20,3.0958304137587573,124589.65225952186,712.8412961158504,1000,0,382,0,222,2,2,20.248732858999574,0.015456977002031635,10.275618653002311,9.957520411997393
instance_n800_s90_seed1014,1014,placement_n800_s90,upgrade-then-downgrade,800,83,90,340,340,0,1000,1000,4.2495662928743347e-23,4.329851418370827e-20,4.3256018520779524e-20,3.0081283849291958,101789.25457242811,692.6471576950221,930,70,60,24,84,43,43,437.5706427050027,0.0164272410038393,10.137653259997023,427.41646386299544
instance_n800_s90_seed1015,1015,placement_n800_s90,downgrade-then-upgrade,800,85,90,348,348,0,0,35190,9.395919159306028e-25,7.57564537872726e-21,7.57470578681133e-21,3.9064803653069053,806169.748630616,899.5003455229614,-10,10,397,0,237,2,2,15.843133274000138,0.016200413003389258,7.9566569269954925,7.87030043300183
instance_n800_s90_seed1015,1015,placement_n800_s90,upgrade-then-downgrade,800,85,90,348,348,0,0,0,9.395919159306028e-25,9.95799346638586e-25,5.620743070798327e-26,0.025232565456444943,5.982110930819746,5.810012907800663,0,0,3,1,4,4,4,31.53358161599317,0.015686041995650157,7.802627565004514,23.71503519500402
instance_n800_s90_seed1015,1015,placement_n800_s90,downgrade-then-upgrade,800,85,90,348,348,0,100,35290,9.395919159306028e-25,7.76503651319544e-21,7.76409692127951e-21,3.9172042306986787,826326.4923463812,901.9696067819986,10,90,397,0,237,2,2,15.822960399003932,0.015725518998806365,7.8441299780024565,7.963191389004351
instance_n800_s90_seed1015,1015,placement_n800_s90,upgrade-then-downgrade,800,85,90,348,348,0,100,100,9.395919159306028e-25,1.6840002115674347e-21,1.683060619651504e-21,3.2534028701908593,179126.7667500678,749.1236950405515,90,10,61,30,91,56,56,445.52934060199914,0.01650432200403884,7.746834587000194,437.76598243800254
instance_n800_s90_seed1015,1015,placement_n800_s90,downgrade-then-upgrade,800,85,90,348,348,0,300,35490,9.395919159306028e-25,9.827624337012915e-21,9.826684745096985e-21,4.019509275593438,1045846.0293758821,925.5262139132747,250,50,399,0,237,2,2,15.776528969006904,0.015626588006853126,7.8735021719985525,7.887375266996969
instance_n800_s90_seed1015,1015,placement_n800_s90,upgrade-then-downgrade,800,85,90,348,348,0,300,300,9.395919159306028e-25,2.2141983226227022e-21,2.2132587307067717e-21,3.372277245894593,235555.3185570661,776.4955315839906,250,50,63,30,93,55,55,436.6795884669991,0.019790738995652646,7.948808975001157,428.71089621399733
instance_n800_s90_seed1015,1015,placement_n800_s90,downgrade-then-upgrade,800,85,90,348,348,0,600,35790,9.395919159306028e-25,1.3651558958998376e-20,1.3650619367082446e-20,4.162242977543805,1452824.2671779932,958.3918633511516,590,10,402,0,239,2,2,15.849007616001472,0.01744213799975114,7.968043929999112,7.863609446001647
instance_n800_s90_seed1015,1015,placement_n800_s90,upgrade-then-downgrade,800,85,90,348,348,0,600,600,9.395919159306028e-25,3.145973707390772e-21,3.1450341154748413e-21,3.524815817132945,334723.41153125995,811.6188356079945,560,40,63,28,91,51,51,404.9653031650014,0.01613115800137166,8.0245970879987,396.9244879139951
instance_n800_s90_seed1015,1015,placement_n800_s90,downgrade-then-upgrade,800,85,90,348,348,0,1000,36190,9.395919159306028e-25,1.9923410435815498e-20,1.9922470843899568e-20,4.3264244102777205,2120332.2959806114,996.1960353071036,970,30,405,0,241,2,2,16.108453446002386,0.01651322399266064,8.070116235998285,8.021841980000318
instance_n800_s90_seed1015,1015,placement_n800_s90,upgrade-then-downgrade,800,85,90,348,348,0,1000,1000,9.395919159306028e-25,3.185052017483025e-21,3.1841124255670944e-21,3.5301772579846578,338882.48414881737,812.8533529862068,1000,0,62,24,86,45,45,357.2001512010029,0.016103401998407207,7.810244997999689,349.37378029400134
instance_n800_s90_seed1016,1016,placement_n800_s90,downgrade-then-upgrade,800,88,90,357,357,0,0,34210,4.2977780148313185e-26,2.53348734333383e-22,2.533057565532347e-22,3.7704747590798826,589387.7154173506,868.1838973767653,-10,10,391,0,240,2,2,16.237970375004807,0.01630603599915048,8.002840993001882,8.218931873998372
instance_n800_s90_seed1016,1016,placement_n800_s90,upgrade-then-downgrade,800,88,90,357,357,0,0,0,4.2977780148313185e-26,4.74320930702398e-26,4.454312921926612e-27,0.04282830957497706,10.364222876461053,9.861582718547632,0,0,3,1,4,4,4,32.38627502099553,0.017610626993700862,8.107524334001937,24.261074469999585
instance_n800_s90_seed1016,1016,placement_n800_s90,downgrade-then-upgrade,800,88,90,357,357,0,100,34310,4.2977780148313185e-26,2.3511226873715264e-22,2.3506929095700434e-22,3.7380313123456594,546955.4038058674,860.7135176952085,30,70,391,0,242,2,2,16.385651402000804,0.01725500400789315,8.177881012998114,8.190596853994066
instance_n800_s90_seed1016,1016,placement_n800_s90,upgrade-then-downgrade,800,88,90,357,357,0,100,100,4.2977780148313185e-26,4.9195794660750114e-26,6.2180145124369285e-27,0.05868400020529357,14.467975058225468,13.51249040699685,60,40,4,1,5,5,5,40.45252308899944,0.016667486997903325,8.030451159000222,32.40539739000087
instance_n800_s90_seed1016,1016,placement_n800_s90,downgrade-then-upgrade,800,88,90,357,357,0,300,34510,4.2977780148313185e-26,2.6940957391891173e-22,2.6936659613876343e-22,3.7971690451144227,626757.8158043504,874.3304838858904,290,10,393,0,243,2,2,16.317233912006486,0.01667065799847478,8.061615350998181,8.23900703399704
instance_n800_s90_seed1016,1016,placement_n800_s90,upgrade-then-downgrade,800,88,90,357,357,0,300,300,4.2977780148313185e-26,2.596751869560553e-23,2.5924540915457215e-23,2.781186473042027,60320.80025071913,640.3918513663257,230,70,52,24,76,45,45,364.7296920040026,0.01700601199263474,8.013480886998877,356.6994624069994
instance_n800_s90_seed1016,1016,placement_n800_s90,downgrade-then-upgrade,800,88,90,357,357,0,600,34810,4.2977780148313185e-26,3.4097149199112287e-22,3.4092851421097457e-22,3.8994740900091855,793266.9231273815,897.8870910171672,530,70,395,0,244,2,2,16.15275557399582,0.018867031001718715,8.10285057299916,8.031535141002678
instance_n800_s90_seed1016,1016,placement_n800_s90,upgrade-then-downgrade,800,88,90,357,357,0,600,600,4.2977780148313185e-26,8.584862457121226e-23,8.580564679106395e-23,3.300489361551968,199651.18369295695,759.9657603494996,550,50,62,28,90,51,51,413.12665050200303,0.016874220993486233,8.05984077899484,405.04977869800496
instance_n800_s90_seed1016,1016,placement_n800_s90,downgrade-then-upgrade,800,88,90,357,357,0,1000,35210,4.2977780148313185e-26,5.328491708636055e-22,5.328061930834571e-22,4.093360314406938,1239724.7862611373,942.5310440206836,990,10,399,0,243,2,2,16.080281454000215,0.01636175499879755,8.104933707996679,7.959092428005533
instance_n800_s90_seed1016,1016,placement_n800_s90,upgrade-then-downgrade,800,88,90,357,357,0,1000,1000,4.2977780148313185e-26,3.398962250375919e-23,3.3946644723610877e-23,2.898102361313463,78986.50094645066,667.3127295131223,960,40,53,19,72,37,37,299.6552448770017,0.016871335996256676,8.194253881003533,291.44410835800227
instance_n1000_s100_seed42,42,placement_n1000_s100,downgrade-then-upgrade,1000,96,100,387,387,0,0,38030,2.185314732613345e-27,7.077725681383833e-24,7.075540366651219e-24,3.5103797326196875,323776.72017017956,808.2948043078517,-10,10,430,0,264,2,2,24.556659251000383,0.019197343997802818,12.118181640998955,12.419365282999934
instance_n1000_s100_seed42,42,placement_n1000_s100,upgrade-then-downgrade,1000,96,100,387,387,0,0,0,2.185314732613345e-27,2.27846168873021e-27,9.314695611686501e-29,0.018127736906016826,4.262404619652825,4.174065676951235,0,0,3,1,4,4,4,49.79603554099958,0.030859400001645554,12.0211459739985,37.743731144000776
instance_n1000_s100_seed42,42,placement_n1000_s100,downgrade-then-upgrade,1000,96,100,387,387,0,100,38130,2.185314732613345e-27,7.254668823418427e-24,7.252483508685813e-24,3.5211035980114604,331873.638174434,810.7640655668888,10,90,430,0,263,2,2,25.575967417997163,0.02628360600283486,13.006965309999941,12.542597874999046
instance_n1000_s100_seed42,42,placement_n1000_s100,upgrade-then-downgrade,1000,96,100,387,387,0,100,100,2.185314732613345e-27,2.318803231464145e-27,1.3348849885080006e-28,0.02574990331334878,6.108433575202488,5.929134351535489,60,40,4,1,5,5,5,62.41970009999932,0.027456589999928838,12.550996952999412,49.84134871999777
instance_n1000_s100_seed42,42,placement_n1000_s100,downgrade-then-upgrade,1000,96,100,387,387,0,300,38330,2.185314732613345e-27,9.181690229638953e-24,9.17950491490634e-24,3.6234086429062233,420054.1358145184,834.3206726981656,250,50,432,0,264,2,2,24.56196377300148,0.026657518996216822,12.201355396999134,12.334065260998614
instance_n1000_s100_seed42,42,placement_n1000_s100,upgrade-then-downgrade,1000,96,100,387,387,0,300,300,2.185314732613345e-27,9.456937694500895e-24,9.454752379768282e-24,3.6362365341521623,432649.4595339893,837.2744038139103,270,30,74,35,109,65,65,807.3538354900011,0.02250512699902174,12.26790044000154,795.063377325001
instance_n1000_s100_seed42,42,placement_n1000_s100,downgrade-then-upgrade,1000,96,100,387,387,0,600,38630,2.185314732613345e-27,1.2754291496583046e-23,1.2752106181850432e-23,3.7661423448565934,583536.3662514925,867.1863221360433,590,10,435,0,265,2,2,24.880953550000413,0.020485819997702492,13.41229114199814,11.448158118997526
instance_n1000_s100_seed42,42,placement_n1000_s100,upgrade-then-downgrade,1000,96,100,387,387,0,600,600,2.185314732613345e-27,1.1842616421288235e-23,1.1840431106555622e-23,3.733933669227796,541818.1157089461,859.7700004992482,590,10,74,33,107,61,61,727.1625300390006,0.020559419001074275,12.52862784899844,714.6131942840002
instance_n1000_s100_seed42,42,placement_n1000_s100,downgrade-then-upgrade,1000,96,100,387,387,0,1000,39030,2.185314732613345e-27,1.8613916920965314e-23,1.86117316062327e-23,3.9303237775905093,851672.8198677154,904.9904940919952,970,30,438,0,265,2,2,21.937129555000865,0.018922564002423314,10.992634015998192,10.925621989998035
instance_n1000_s100_seed42,42,placement_n1000_s100,upgrade-then-downgrade,1000,96,100,387,387,0,1000,1000,2.185314732613345e-27,1.615078461561717e-23,1.6148599300884556e-23,3.8686796318730696,738959.888014528,890.7964049920622,980,20,73,30,103,55,55,621.1274351559987,0.01856157899965183,11.374347651999415,609.734111627
instance_n1000_s100_seed123,123,placement_n1000_s100,downgrade-then-upgrade,1000,94,100,374,374,0,0,36890,2.288740564607809e-26,7.853797715011054e-23,7.851508974446446e-23,3.5354831443241777,343049.3213542468,814.0750784652568,-10,10,414,0,259,2,2,28.854857111997262,0.019020971998543246,14.600904893999541,14.235037188998831
instance_n1000_s100_seed123,123,placement_n1000_s100,upgrade-then-downgrade,1000,94,100,374,374,0,0,0,2.288740564607809e-26,2.263124314101867e-23,2.2608355735372592e-23,2.9951118436137687,98780.77089635839,689.6499882954977,-40,40,55,28,83,51,51,743.4708899990001,0.018802245998813305,14.545531095001934,728.9064292930016
instance_n1000_s100_seed123,123,placement_n1000_s100,downgrade-then-upgrade,1000,94,100,374,374,0,100,36990,2.288740564607809e-26,7.11070070325855e-23,7.108411962693942e-23,3.492315832198178,310581.81397296186,804.1354375246619,10,90,414,0,259,2,2,29.039280279001105,0.017614973996387562,14.452842743001383,14.56889916
instance_n1000_s100_seed123,123,placement_n1000_s100,upgrade-then-downgrade,1000,94,100,374,374,0,100,100,2.288740564607809e-26,2.6106921959476817e-23,2.608403455383074e-23,3.0571591040259345,113966.75952348672,703.936897984115,70,30,58,29,87,53,53,766.1370754760028,0.020039340004586847,14.487371342998813,751.628794383003
instance_n1000_s100_seed123,123,placement_n1000_s100,downgrade-then-upgrade,1000,94,100,374,374,0,300,37190,2.288740564607809e-26,8.99948057756161e-23,8.997191836997001e-23,3.594620877092941,393106.67080953013,827.6920446559387,250,50,416,0,259,2,2,28.770671281999967,0.018174725999415386,14.509394402997714,14.243194769002002
instance_n1000_s100_seed123,123,placement_n1000_s100,upgrade-then-downgrade,1000,94,100,374,374,0,300,300,2.288740564607809e-26,2.8340371937930934e-23,2.8317484532284853e-23,3.0928089786894017,123725.18305558692,712.1455849808356,280,20,55,26,81,48,48,696.3474607729986,0.018703822999668773,14.431580485001177,681.8970655129997
instance_n1000_s100_seed123,123,placement_n1000_s100,downgrade-then-upgrade,1000,94,100,374,374,0,600,37490,2.288740564607809e-26,1.2501183957778962e-22,1.2498895217214354e-22,3.7373545790433105,546103.6261816823,860.5576940938164,590,10,419,0,259,2,2,28.742111218998616,0.017206090997206047,14.450836230997083,14.274068032002106
instance_n1000_s100_seed123,123,placement_n1000_s100,upgrade-then-downgrade,1000,94,100,374,374,0,600,600,2.288740564607809e-26,3.6584857987781374e-23,3.6561970582135293e-23,3.203704806639383,159747.11659117392,737.6802930121215,550,50,58,26,84,48,48,693.5804039430004,0.017769341997336596,14.349070555002982,679.2132299099976
instance_n1000_s100_seed123,123,placement_n1000_s100,downgrade-then-upgrade,1000,94,100,374,374,0,1000,37890,2.288740564607809e-26,1.824452574775669e-22,1.8242237007192082e-22,3.9015360117772295,797042.5870578306,898.361866049769,970,30,422,0,263,2,2,29.178740760999062,0.01785508900138666,14.622876805999113,14.538110817997222
instance_n1000_s100_seed123,123,placement_n1000_s100,upgrade-then-downgrade,1000,94,100,374,374,0,1000,1000,2.288740564607809e-26,3.6817368289947965e-23,3.6794480884301884e-23,3.2064561749307967,160763.00413108143,738.313818973436,960,40,55,21,76,40,40,577.4253749559975,0.018204268999397755,14.555211701001099,562.8516974859995
instance_n1000_s100_seed999,999,placement_n1000_s100,downgrade-then-upgrade,1000,95,100,376,376,0,0,38120,8.115610163816798e-26,1.5089403745280785e-22,1.5081288135116968e-22,3.2693509016820994,185830.61323418954,752.7958649979844,-50,50,424,0,264,2,2,20.444354141000076,0.0178968670006725,10.109519001998706,10.316893711999
instance_n1000_s100_seed999,999,placement_n1000_s100,upgrade-then-downgrade,1000,95,100,376,376,0,0,0,8.115610163816798e-26,9.42944900497077e-26,1.3138388411539727e-26,0.0651651387889756,16.189033413799045,15.004827715838328,0,0,6,2,8,6,6,60.81726918399727,0.09128618500108132,10.20414324900048,50.5216664949985
instance_n1000_s100_seed999,999,placement_n1000_s100,downgrade-then-upgrade,1000,95,100,376,376,0,100,38220,8.115610163816798e-26,1.6975579213440829e-22,1.6967463603277012e-22,3.320503424129479,209071.9398884625,764.5741685636224,70,30,425,0,263,2,2,19.994545902001846,0.01735079199715983,9.97115635299997,10.006022513000062
instance_n1000_s100_seed999,999,placement_n1000_s100,upgrade-then-downgrade,1000,95,100,376,376,0,100,100,8.115610163816798e-26,2.0591338129711549e-22,2.0583222519547732e-22,3.4043633928213772,253625.07690817147,783.8836399445136,50,50,75,40,115,72,72,727.6296096580008,0.018374224000581307,10.074603443998058,717.5364788890001
instance_n1000_s100_seed999,999,placement_n1000_s100,downgrade-then-upgrade,1000,95,100,376,376,0,300,38420,8.115610163816798e-26,2.0960699943425287e-22,2.095258433326147e-22,3.4120846036324664,258176.32821593544,785.6615144358614,290,10,427,0,263,2,2,20.249435822999658,0.017560588003107114,10.097400724000181,10.134524614000838
instance_n1000_s100_seed999,999,placement_n1000_s100,upgrade-then-downgrade,1000,95,100,376,376,0,300,300,8.115610163816798e-26,1.392287171615942e-22,1.3914756105995603e-22,3.234407644240102,171456.68440352302,744.7498826293248,280,20,67,34,101,61,61,618.4896161889992,0.01769079500081716,9.892208793000464,608.5794941669992
instance_n1000_s100_seed999,999,placement_n1000_s100,downgrade-then-upgrade,1000,95,100,376,376,0,600,38720,8.115610163816798e-26,2.7191595512545083e-22,2.7183479902381264e-22,3.525113513919002,334953.00234575075,811.6873828261753,550,50,429,0,262,2,2,20.0992995159977,0.017878204998851288,10.06569755199962,10.015936730997055
instance_n1000_s100_seed999,999,placement_n1000_s100,upgrade-then-downgrade,1000,95,100,376,376,0,600,600,8.115610163816798e-26,7.286469384257909e-23,7.278353774094092e-23,2.9531959670811503,89683.38334613967,679.9985010491191,600,0,60,27,87,49,49,492.4387791279987,0.017645766001805896,10.341520904999925,482.0795702220021
instance_n1000_s100_seed999,999,placement_n1000_s100,downgrade-then-upgrade,1000,95,100,376,376,0,1000,39120,8.115610163816798e-26,3.871615845438511e-22,3.870804284422129e-22,3.6785710812611416,476957.8881055663,847.0222935230893,910,90,432,0,260,2,2,20.222374933000538,0.01795522500106017,10.065955762998783,10.13844945800156
instance_n1000_s100_seed999,999,placement_n1000_s100,upgrade-then-downgrade,1000,95,100,376,376,0,1000,1000,8.115610163816798e-26,5.301993994435552e-22,5.30118243341917e-22,3.8151180540978937,653208.1170007809,878.4633959378261,1000,0,77,35,112,61,61,615.4934056469974,0.01861240900325356,9.908895837001182,605.5657707120008
instance_n1000_s100_seed1000,1000,placement_n1000_s100,downgrade-then-upgrade,1000,94,100,392,392,0,0,38630,1.732012749578277e-27,2.0136980045251247e-23,2.0135248032501668e-23,4.065443255108903,1162534.6313070932,936.1029035626949,-10,10,437,0,272,2,2,27.417430902001797,0.018784625000989763,13.66958196899941,13.729144573000667
instance_n1000_s100_seed1000,1000,placement_n1000_s100,upgrade-then-downgrade,1000,94,100,392,392,0,0,0,1.732012749578277e-27,1.732012749578277e-27,0.0,0.0,0.0,0.0,0,0,0,0,0,2,2,27.4469939849987,0.018832651996490313,13.7440844499979,13.684061689000373
instance_n1000_s100_seed1000,1000,placement_n1000_s100,downgrade-then-upgrade,1000,94,100,392,392,0,100,38730,1.732012749578277e-27,1.868748654462864e-23,1.868575453187906e-23,4.032999808374679,1078846.2461623799,928.6325238811379,30,70,437,0,272,2,2,27.017355808999127,0.017637568002101034,13.537420314001793,13.462207345000934
instance_n1000_s100_seed1000,1000,placement_n1000_s100,upgrade-then-downgrade,1000,94,100,392,392,0,100,100,1.732012749578277e-27,1.96078190144508e-27,2.287691518668029e-28,0.05387820501224304,13.208283364109489,12.40591516984679,60,40,7,2,9,7,7,94.7000058679987,0.0183777470010682,13.636596951000683,81.04490155799795
instance_n1000_s100_seed1000,1000,placement_n1000_s100,downgrade-then-upgrade,1000,94,100,392,392,0,300,38930,1.732012749578277e-27,2.1413547726138836e-23,2.1411815713389257e-23,4.092137541143442,1236238.9202159604,942.2494900718199,290,10,439,0,271,2,2,27.113110301001143,0.018203882002126193,13.607986017002986,13.486889091000194
instance_n1000_s100_seed1000,1000,placement_n1000_s100,upgrade-then-downgrade,1000,94,100,392,392,0,300,300,1.732012749578277e-27,1.9399528608992985e-27,2.0794011132102143e-28,0.049240092502096565,12.005691723207706,11.337950297297542,300,0,5,0,5,3,3,40.535935200001404,0.018997236002178397,13.57014411199998,26.946967082996707
instance_n1000_s100_seed1000,1000,placement_n1000_s100,downgrade-then-upgrade,1000,94,100,392,392,0,600,39230,1.732012749578277e-27,2.7101521340894487e-23,2.709978932814491e-23,4.194442586038205,1564641.445898326,965.8060972030967,530,70,441,0,269,2,2,26.870705299999827,0.019704379999893717,13.294212895001692,13.556826217001799
instance_n1000_s100_seed1000,1000,placement_n1000_s100,upgrade-then-downgrade,1000,94,100,392,392,0,600,600,1.732012749578277e-27,2.1200968151830997e-27,3.8808406560482265e-28,0.08780460904311946,22.40653630865686,20.217758387885702,600,0,10,0,10,3,3,40.60798096399958,0.019466518999252003,13.636074784000812,26.952345314999548
instance_n1000_s100_seed1000,1000,placement_n1000_s100,downgrade-then-upgrade,1000,94,100,392,392,0,1000,39630,1.732012749578277e-27,4.235258229744819e-23,4.235085028469861e-23,4.388328810435952,2445181.208683972,1010.4500502066116,990,10,445,0,268,2,2,27.449511587001325,0.01783127600356238,13.65373759999784,13.778019792000123
instance_n1000_s100_seed1000,1000,placement_n1000_s100,upgrade-then-downgrade,1000,94,100,392,392,0,1000,1000,1.732012749578277e-27,8.466136877989158e-24,8.46440486523958e-24,3.6891342011460266,488703.38092491264,849.4545417613338,980,20,70,27,97,51,51,689.765523342001,0.018757913003355497,13.452525693999632,676.293823942
instance_n1000_s100_seed1001,1001,placement_n1000_s100,downgrade-then-upgrade,1000,97,100,388,388,0,0,38780,1.6358853192284959e-25,3.279931972874703e-23,3.263573119682418e-23,2.3021119813846913,19949.889404359714,530.0808730739377,-50,50,436,0,247,2,2,22.57082366099712,0.019081165999523364,11.158164276999742,11.393667019998247
instance_n1000_s100_seed1001,1001,placement_n1000_s100,upgrade-then-downgrade,1000,97,100,388,388,0,0,0,1.6358853192284959e-25,1.6358853192284959e-25,0.0,0.0,0.0,0.0,0,0,0,0,0,2,2,22.59639679999964,0.018210312995506683,11.276409781999973,11.301664750000782
instance_n1000_s100_seed1001,1001,placement_n1000_s100,downgrade-then-upgrade,1000,97,100,388,388,0,100,38880,1.6358853192284959e-25,3.689923469484029e-23,3.673564616291744e-23,2.3532645038320714,22456.12557990461,541.8591766395757,70,30,437,0,247,2,2,22.494607052998617,0.01909572600197862,11.294039600998076,11.181567988001916
instance_n1000_s100_seed1001,1001,placement_n1000_s100,upgrade-then-downgrade,1000,97,100,388,388,0,100,100,1.6358853192284959e-25,1.6445127063075943e-25,8.627387079098473e-28,0.002284378426796582,0.5273833671401402,0.5259975712299,60,40,1,0,1,3,3,33.98994676900111,0.018528231001255335,11.351049902998056,22.620161974002258
instance_n1000_s100_seed1001,1001,placement_n1000_s100,downgrade-then-upgrade,1000,97,100,388,388,0,300,39080,1.6358853192284959e-25,4.5561555034787596e-23,4.539796650286475e-23,2.4448456833350614,27751.31359713834,562.9465225118154,290,10,439,0,245,2,2,22.53878548099965,0.01887576000081026,11.174752939998143,11.345245932996477
instance_n1000_s100_seed1001,1001,placement_n1000_s100,upgrade-then-downgrade,1000,97,100,388,388,0,300,300,1.6358853192284959e-25,1.9659085021536504e-25,3.3002318292515456e-26,0.07981044593907673,20.17398035461298,18.377034308452526,300,0,8,1,9,5,5,56.57534147399929,0.018304451001313282,11.076635712997813,45.480174345000705
instance_n1000_s100_seed1001,1001,placement_n1000_s100,downgrade-then-upgrade,1000,97,100,388,388,0,600,39380,1.6358853192284959e-25,5.910543916817565e-23,5.894185063625281e-23,2.557874593621597,36030.55174066268,588.9723909021292,550,50,441,0,246,2,2,22.624714078003308,0.018890063009166624,11.248296275996836,11.358070859998406
instance_n1000_s100_seed1001,1001,placement_n1000_s100,upgrade-then-downgrade,1000,97,100,388,388,0,600,600,1.6358853192284959e-25,1.78413740158901e-22,1.7825015162697813e-22,3.0376754426281254,108962.49849044623,699.4506191549611,600,0,64,29,93,54,54,606.3246635119976,0.018312096002773615,11.273831397000322,595.0325799750026
instance_n1000_s100_seed1001,1001,placement_n1000_s100,downgrade-then-upgrade,1000,97,100,388,388,0,1000,39780,1.6358853192284959e-25,8.41559866281249e-23,8.399239809620205e-23,2.71133216096374,51343.69574012311,624.307301599044,910,90,444,0,245,2,2,22.611238165998657,0.0187533659991459,11.197660751000512,11.394890794006642
instance_n1000_s100_seed1001,1001,placement_n1000_s100,upgrade-then-downgrade,1000,97,100,388,388,0,1000,1000,1.6358853192284959e-25,2.180403208188036e-22,2.1787673228688076e-22,3.1247839573897105,133185.82282383594,719.5080959112488,1000,0,63,26,89,47,47,526.6219473980018,0.020329080005467404,11.081069601001218,515.5204205990012
instance_n1000_s100_seed1002,1002,placement_n1000_s100,downgrade-then-upgrade,1000,95,100,374,374,0,0,38670,2.838543312349393e-25,4.814245838117008e-22,4.811407294804658e-22,3.2294327382704062,169502.69082990932,743.6043681968379,0,0,428,0,253,2,2,20.28797540099913,0.017929532994457986,10.18712274000427,10.083053829999699
instance_n1000_s100_seed1002,1002,placement_n1000_s100,upgrade-then-downgrade,1000,95,100,374,374,0,0,0,2.838543312349393e-25,2.838543312349393e-25,0.0,0.0,0.0,0.0,0,0,0,0,0,2,2,20.607702417000837,0.01791497899830574,10.268853825000406,10.320793073005916
instance_n1000_s100_seed1002,1002,placement_n1000_s100,downgrade-then-upgrade,1000,95,100,374,374,0,100,38770,2.838543312349393e-25,5.2839283589089325e-22,5.281089815596583e-22,3.269861395326016,186049.29481331585,752.9134105034394,100,0,429,0,253,2,2,20.334463621002214,0.017588576003618073,10.175333006001892,10.141665633003868
instance_n1000_s100_seed1002,1002,placement_n1000_s100,upgrade-then-downgrade,1000,95,100,374,374,0,100,100,2.838543312349393e-25,2.8888014390950248e-25,5.025812674563175e-27,0.007622166407331884,1.7705605028811178,1.7550686745842377,60,40,1,0,1,3,3,30.733221022994258,0.017736809997586533,10.313890721001371,20.401551514994935
instance_n1000_s100_seed1002,1002,placement_n1000_s100,downgrade-then-upgrade,1000,95,100,374,374,0,300,38970,2.838543312349393e-25,6.093029888866798e-22,6.090191345554449e-22,3.331737783165166,214553.40558160256,767.1609753281139,240,60,430,0,254,2,2,20.49451902200235,0.017224629009433556,10.272755138998036,10.204605799001001
instance_n1000_s100_seed1002,1002,placement_n1000_s100,upgrade-then-downgrade,1000,95,100,374,374,0,300,300,2.838543312349393e-25,3.2186474232114366e-25,3.801041108620436e-26,0.05457788048262878,13.390815958606625,12.567021400651171,300,0,5,0,5,3,3,30.55797962899669,0.01769263599999249,9.953323804002139,20.58696258200507
instance_n1000_s100_seed1002,1002,placement_n1000_s100,downgrade-then-upgrade,1000,95,100,374,374,0,600,39270,2.838543312349393e-25,8.675427322234151e-22,8.672588778921802e-22,3.4851953505073086,305529.555994117,802.4958860250287,600,0,433,0,255,2,2,20.315238944000157,0.017984566002269275,10.188141207996523,10.10921783700178
instance_n1000_s100_seed1002,1002,placement_n1000_s100,upgrade-then-downgrade,1000,95,100,374,374,0,600,600,2.838543312349393e-25,9.198938406002104e-22,9.196099862689755e-22,3.510642185569524,323972.50458293577,808.3552363328422,560,40,70,33,103,58,58,593.1755359609961,0.01866115199663909,10.201089371999842,582.9556648699945
instance_n1000_s100_seed1002,1002,placement_n1000_s100,downgrade-then-upgrade,1000,95,100,374,374,0,1000,39670,2.838543312349393e-25,1.235231741779039e-21,1.234947887447804e-21,3.6386529178494516,435063.95765568496,837.8307967219434,960,40,436,0,254,2,2,20.522473337994597,0.017888820002553985,10.193946343002608,10.310751714998332
instance_n1000_s100_seed1002,1002,placement_n1000_s100,upgrade-then-downgrade,1000,95,100,374,374,0,1000,1000,2.838543312349393e-25,6.966380454852375e-22,6.9635419115400255e-22,3.3899116635281508,245320.96731603055,780.5560063006567,1000,0,66,27,93,48,48,490.7109739430016,0.018025015000603162,10.271386341002653,480.42169855999964
instance_n1000_s100_seed1003,1003,placement_n1000_s100,downgrade-then-upgrade,1000,96,100,371,371,0,0,38870,1.1974966278540859e-25,3.110655318723628e-22,3.109457822095774e-22,3.41457759194391,259663.17981771045,786.2355462081553,-50,50,434,0,236,2,2,18.821963342001254,0.017605876993911806,9.502237690001493,9.302135992998956
instance_n1000_s100_seed1003,1003,placement_n1000_s100,upgrade-then-downgrade,1000,96,100,371,371,0,0,0,1.1974966278540859e-25,1.2568914508927767e-25,5.939482303869087e-27,0.02102347314846621,4.95991568219498,4.840833587461889,0,0,3,1,4,4,4,38.10072573800426,0.017900230996019673,9.524168664000172,28.558330398002
instance_n1000_s100_seed1003,1003,placement_n1000_s100,downgrade-then-upgrade,1000,96,100,371,371,0,100,38970,1.1974966278540859e-25,3.4141338864039716e-22,3.4129363897761174e-22,3.455006248999517,285005.92906821787,795.5445885147561,50,50,435,0,235,2,2,18.81874085900199,0.018156051999540068,9.404565542005002,9.396214193999185
instance_n1000_s100_seed1003,1003,placement_n1000_s100,upgrade-then-downgrade,1000,96,100,371,371,0,100,100,1.1974966278540859e-25,1.189380577559472e-22,1.188183080931618e-22,2.9970465431282394,99222.24858877825,690.095469321642,100,0,60,30,90,57,57,540.5621890199982,0.02020557699870551,9.671573448002164,530.8702778160005
instance_n1000_s100_seed1003,1003,placement_n1000_s100,downgrade-then-upgrade,1000,96,100,371,371,0,300,39170,1.1974966278540859e-25,4.112802569879864e-22,4.11160507325201e-22,3.535863563110734,343350.03352953127,814.1626731279587,250,50,437,0,237,2,2,18.919774341004086,0.018397501000436023,9.478542127995752,9.422828390001087
instance_n1000_s100_seed1003,1003,placement_n1000_s100,upgrade-then-downgrade,1000,96,100,371,371,0,300,300,1.1974966278540859e-25,1.3309735034594034e-22,1.3297760068315494e-22,3.0458951106660543,111046.32580172758,701.3432676643106,260,40,60,29,89,55,55,520.2481140960008,0.020008314000733662,9.674688656996295,510.5534317460042
instance_n1000_s100_seed1003,1003,placement_n1000_s100,downgrade-then-upgrade,1000,96,100,371,371,0,600,39470,1.1974966278540859e-25,5.437807550388154e-22,5.4366100537603e-22,3.6571495342775577,453997.94264996855,842.0898000477621,550,50,440,0,237,2,2,18.83059304299968,0.01796098900376819,9.405608879002102,9.407063497994386
instance_n1000_s100_seed1003,1003,placement_n1000_s100,upgrade-then-downgrade,1000,96,100,371,371,0,600,600,1.1974966278540859e-25,1.6667349598309745e-22,1.6655374632031205e-22,3.143592245741691,139084.93973697143,723.8388643496492,580,20,60,27,87,50,50,473.7488338030016,0.018099347995303106,9.263767999000265,464.46691430799547
instance_n1000_s100_seed1003,1003,placement_n1000_s100,downgrade-then-upgrade,1000,96,100,371,371,0,1000,39870,1.1974966278540859e-25,7.8911166182526825e-22,7.889919121624829e-22,3.818864162499988,658867.7527855394,879.3259692741664,950,50,444,0,238,2,2,21.346733156999107,0.01917692500865087,10.724682061998465,10.603506949999428
instance_n1000_s100_seed1003,1003,placement_n1000_s100,upgrade-then-downgrade,1000,96,100,371,371,0,1000,1000,1.1974966278540859e-25,2.1446845337052885e-22,2.1434870370774343e-22,3.253089120785496,178997.33387296158,749.051451570179,990,10,61,25,86,46,46,478.1290463330006,0.01803216200642055,9.442835237001418,468.6679690339952
instance_n1000_s100_seed1004,1004,placement_n1000_s100,downgrade-then-upgrade,1000,95,100,387,387,0,0,37610,1.6162010852672255e-26,1.8279731521082048e-23,1.8263569510229376e-23,3.053474418799152,113003.07663888027,703.0884678565585,-60,60,427,0,256,2,2,28.05008452799666,0.03312168500269763,14.024970857994049,13.992387325997697
instance_n1000_s100_seed1004,1004,placement_n1000_s100,upgrade-then-downgrade,1000,95,100,387,387,0,0,0,1.6162010852672255e-26,1.6162010852672255e-26,0.0,0.0,0.0,0.0,0,0,0,0,0,2,2,29.856667528001708,0.02117584399820771,14.326135488001455,15.509027733998664
instance_n1000_s100_seed1004,1004,placement_n1000_s100,downgrade-then-upgrade,1000,95,100,387,387,0,100,37710,1.6162010852672255e-26,1.8618943033844396e-23,1.8602781022991725e-23,3.061459629120535,115101.8966177461,704.9271304816024,80,20,428,0,256,2,2,28.03095584500261,0.019793092003965285,13.942513886999222,14.06876649899641
instance_n1000_s100_seed1004,1004,placement_n1000_s100,upgrade-then-downgrade,1000,95,100,387,387,0,100,100,1.6162010852672255e-26,1.6448169033301032e-26,2.861581806287762e-28,0.007622166407331979,1.770560502881127,1.7550686745842596,60,40,1,0,1,3,3,41.79271944300126,0.023411730006046128,13.87151046499639,27.897998695996648
instance_n1000_s100_seed1004,1004,placement_n1000_s100,downgrade-then-upgrade,1000,95,100,387,387,0,300,37910,1.6162010852672255e-26,1.896444919323533e-23,1.8948287182382658e-23,3.0694448394419185,117239.66377147751,706.7657931066464,220,80,429,0,256,2,2,28.51147454000602,0.025238803995307535,14.158856634996482,14.327679814996372
instance_n1000_s100_seed1004,1004,placement_n1000_s100,upgrade-then-downgrade,1000,95,100,387,387,0,300,300,1.6162010852672255e-26,1.76443728356102e-26,1.4823619829379436e-27,0.03811083203665943,9.171890778014465,8.77534337292119,300,0,5,0,5,3,3,41.89441844999965,0.02144504399620928,13.878023379998922,27.995387823000783
instance_n1000_s100_seed1004,1004,placement_n1000_s100,downgrade-then-upgrade,1000,95,100,387,387,0,600,38210,1.6162010852672255e-26,2.1594308982776522e-23,2.157814697192385e-23,3.1258439171402954,133511.52383588508,719.7521606633359,600,0,432,0,257,2,2,27.69185541600018,0.022743690002243966,13.91677412900026,13.752377550998062
instance_n1000_s100_seed1004,1004,placement_n1000_s100,upgrade-then-downgrade,1000,95,100,387,387,0,600,600,1.6162010852672255e-26,3.6665106048578014e-23,3.664894403772534e-23,3.355757551412645,226759.80341682385,772.6917313584955,600,0,71,32,103,60,60,846.2992687599981,0.019723564000742044,14.534404313999403,831.7451012339952
instance_n1000_s100_seed1004,1004,placement_n1000_s100,downgrade-then-upgrade,1000,95,100,387,387,0,1000,38610,1.6162010852672255e-26,2.5203581189439648e-23,2.5187419178586976e-23,3.1929668602304417,155843.35023771157,735.2077894790618,1000,0,435,0,256,2,2,28.263523230998544,0.019721044001926202,14.143265257000166,14.100952000000689
instance_n1000_s100_seed1004,1004,placement_n1000_s100,upgrade-then-downgrade,1000,95,100,387,387,0,1000,1000,1.6162010852672255e-26,5.2648653488076617e-23,5.263249147722394e-23,3.512891874340145,325655.5880144183,808.873246315553,1000,0,72,30,102,55,55,768.3078296120002,0.022300561002339236,13.772599258998525,754.5129602460001
instance_n1000_s100_seed1005,1005,placement_n1000_s100,downgrade-then-upgrade,1000,97,100,383,383,0,0,36930,2.224206464740921e-27,8.580876834256671e-24,8.57865262779193e-24,3.586356569655616,385694.9776823522,825.7891175450283,-10,10,422,0,238,2,2,24.444015381995996,0.02162049600156024,12.098260073995334,12.325390669997432
instance_n1000_s100_seed1005,1005,placement_n1000_s100,upgrade-then-downgrade,1000,97,100,383,383,0,0,0,2.224206464740921e-27,2.224206464740921e-27,0.0,0.0,0.0,0.0,0,0,0,0,0,2,2,24.83574235100241,0.019557238993002102,12.524742528999923,12.291369446000317
instance_n1000_s100_seed1005,1005,placement_n1000_s100,downgrade-then-upgrade,1000,97,100,383,383,0,100,37030,2.224206464740921e-27,7.768986311336138e-24,7.766762104871397e-24,3.543189257529616,349192.49754883174,815.8494766044334,10,90,422,0,240,2,2,28.88944223999715,0.028008830006001517,14.12087535399769,14.740620563999983
instance_n1000_s100_seed1005,1005,placement_n1000_s100,upgrade-then-downgrade,1000,97,100,383,383,0,100,100,2.224206464740921e-27,2.263587385908152e-27,3.9380921167231013e-29,0.007622166407331884,1.7705605028811102,1.7550686745842377,60,40,1,0,1,3,3,49.28182308900432,0.020387240998388734,15.385590450001473,33.87593254700187
instance_n1000_s100_seed1005,1005,placement_n1000_s100,downgrade-then-upgrade,1000,97,100,383,383,0,300,37230,2.224206464740921e-27,9.832623300284807e-24,9.830399093820065e-24,3.645494302424379,441973.31721024046,839.4060837357102,250,50,424,0,239,2,2,26.599424612002622,0.018328821002796758,13.48434713199822,13.096798439997656
instance_n1000_s100_seed1005,1005,placement_n1000_s100,upgrade-then-downgrade,1000,97,100,383,383,0,300,300,2.224206464740921e-27,2.522045858973844e-27,2.9783939423292305e-28,0.054577880482634906,13.390815958608224,12.567021400652582,300,0,5,0,5,3,3,41.203912831995694,0.022592284993152134,13.904989775001013,27.276235896002618
instance_n1000_s100_seed1005,1005,placement_n1000_s100,downgrade-then-upgrade,1000,97,100,383,383,0,600,37530,2.224206464740921e-27,1.3658503021927608e-23,1.3656278815462866e-23,3.7882280043747487,613984.3144936444,872.2717331735879,590,10,427,0,237,2,2,23.88277602099697,0.037856681999983266,11.81084356700012,12.03450906600483
instance_n1000_s100_seed1005,1005,placement_n1000_s100,upgrade-then-downgrade,1000,97,100,383,383,0,600,600,2.224206464740921e-27,3.518121162392355e-24,3.515896955927614e-24,3.1991356935625266,158074.21710453267,736.6282158462241,580,20,67,29,96,56,56,685.0413114200055,0.023439461998350453,13.670312754999031,671.3477783220005
instance_n1000_s100_seed1005,1005,placement_n1000_s100,downgrade-then-upgrade,1000,97,100,383,383,0,1000,37930,2.224206464740921e-27,1.9933544766718414e-23,1.9931320560253673e-23,3.9524094371086647,896109.2810498285,910.0759051295398,970,30,430,0,240,2,2,23.349288174998946,0.019012908007425722,11.60596145499585,11.724655720005103
instance_n1000_s100_seed1005,1005,placement_n1000_s100,upgrade-then-downgrade,1000,97,100,383,383,0,1000,1000,2.224206464740921e-27,4.878212819981913e-24,4.875988613517172e-24,3.3410856444868298,219223.7407279155,769.3133999411777,970,30,66,26,92,49,49,587.6037998809988,0.020589767991623376,12.663391791000322,574.919895482999
instance_n1000_s100_seed1006,1006,placement_n1000_s100,downgrade-then-upgrade,1000,96,100,363,363,0,0,33890,1.584800549065843e-26,1.9828768865487964e-22,1.9827184064938898e-22,4.097321137442067,1251083.8715083727,943.443057228351,-40,40,385,0,253,2,2,25.36877834900224,0.01928067600238137,12.796392117001233,12.55372923300456
instance_n1000_s100_seed1006,1006,placement_n1000_s100,upgrade-then-downgrade,1000,96,100,363,363,0,0,0,1.584800549065843e-26,1.584800549065843e-26,0.0,0.0,0.0,0.0,0,0,0,0,0,2,2,25.37809595300496,0.01854683700366877,12.738264093000907,12.621177246997831
instance_n1000_s100_seed1006,1006,placement_n1000_s100,downgrade-then-upgrade,1000,96,100,363,363,0,100,33990,1.584800549065843e-26,2.01967254011362e-22,2.0195140600587134e-22,4.10530634776345,1274301.7165466729,945.281719853395,100,0,386,0,253,2,2,25.235967755004822,0.01955098899634322,12.683925782999722,12.53260452199902
instance_n1000_s100_seed1006,1006,placement_n1000_s100,upgrade-then-downgrade,1000,96,100,363,363,0,100,100,1.584800549065843e-26,1.6437293263578436e-26,5.892877729200058e-28,0.015855690630319597,3.718371837183929,3.6509076884499265,60,40,1,0,1,3,3,37.48690535700007,0.01948379500390729,12.411944290004612,25.05562225000176
instance_n1000_s100_seed1006,1006,placement_n1000_s100,downgrade-then-upgrade,1000,96,100,363,363,0,300,34190,1.584800549065843e-26,2.0571509996208834e-22,2.056992519565977e-22,4.113291558084834,1297950.408193931,947.120382478439,240,60,387,0,253,2,2,25.266551494998566,0.03543690700462321,12.567897319000622,12.66360852199432
instance_n1000_s100_seed1006,1006,placement_n1000_s100,upgrade-then-downgrade,1000,96,100,363,363,0,300,300,1.584800549065843e-26,1.2022201026340543e-23,1.2006353020849884e-23,2.880009372648907,75759.39463124871,663.1466649144506,230,70,55,27,82,48,48,603.7165079309998,0.018977867999637965,12.387176418000308,591.3104769030033
instance_n1000_s100_seed1006,1006,placement_n1000_s100,downgrade-then-upgrade,1000,96,100,363,363,0,600,34490,1.584800549065843e-26,2.134207254090688e-22,2.134048774035781e-22,4.1292619787276,1346572.4600446986,950.7977077285268,520,80,389,0,252,2,2,24.585265926005377,0.019321797000884544,12.315310940997733,12.250420607000706
instance_n1000_s100_seed1006,1006,placement_n1000_s100,upgrade-then-downgrade,1000,96,100,363,363,0,600,600,1.584800549065843e-26,8.622409839454332e-23,8.620825038905267e-23,3.7356540488519006,543969.0845631516,860.1661325469238,600,0,79,38,117,69,69,865.9854118329968,0.019946774998970795,12.381041754000762,853.584531100998
instance_n1000_s100_seed1006,1006,placement_n1000_s100,downgrade-then-upgrade,1000,96,100,363,363,0,1000,34890,1.584800549065843e-26,2.255237179764337e-22,2.25507869970943e-22,4.15321760969175,1422941.644637037,956.3136956036587,940,60,392,0,251,2,2,26.157901721002418,0.019589634001022205,13.243235605994414,12.895183050000924
instance_n1000_s100_seed1006,1006,placement_n1000_s100,upgrade-then-downgrade,1000,96,100,363,363,0,1000,1000,1.584800549065843e-26,1.4547514305674356e-22,1.454592950512529e-22,3.962814179945323,917839.756788282,912.4716857047524,1000,0,82,37,119,67,67,834.9696386119977,0.02262130400777096,12.431907005993708,822.5152677610022
instance_n1000_s100_seed1007,1007,placement_n1000_s100,downgrade-then-upgrade,1000,95,100,371,371,0,0,35420,7.577100665954186e-27,4.702483394439454e-23,4.701725684372858e-23,3.7928242135014223,620517.7800393878,873.3300494355241,0,0,403,0,235,2,2,22.335171527003695,0.01938071099721128,11.115272832998016,11.200594539004669
instance_n1000_s100_seed1007,1007,placement_n1000_s100,upgrade-then-downgrade,1000,95,100,371,371,0,0,0,7.577100665954186e-27,7.577100665954186e-27,0.0,0.0,0.0,0.0,0,0,0,0,0,2,2,22.757906326005468,0.019847178002237342,11.247421522995865,11.490840332000516
instance_n1000_s100_seed1007,1007,placement_n1000_s100,downgrade-then-upgrade,1000,95,100,371,371,0,100,35520,7.577100665954186e-27,5.1612622621896295e-23,5.160504552123034e-23,3.8332528705570295,681065.8561407895,882.639091742125,100,0,404,0,235,2,2,21.744731822000176,0.11840045300050406,10.754894372999843,10.871596422999573
instance_n1000_s100_seed1007,1007,placement_n1000_s100,upgrade-then-downgrade,1000,95,100,371,371,0,100,100,7.577100665954186e-27,7.858845443192048e-27,2.8174477723786222e-28,0.01585569063031662,3.7183718371832146,3.6509076884492417,60,40,1,0,1,3,3,33.02858136899886,0.01818763799383305,11.15384282299783,21.856165962999512
instance_n1000_s100_seed1007,1007,placement_n1000_s100,downgrade-then-upgrade,1000,95,100,371,371,0,300,35720,7.577100665954186e-27,4.878627856926037e-23,4.8778701468594413e-23,3.8087946341441894,643764.7276849488,877.007374685612,280,20,405,0,233,2,2,21.88900284900592,0.01988502199674258,10.790254995001305,11.07946808700217
instance_n1000_s100_seed1007,1007,placement_n1000_s100,upgrade-then-downgrade,1000,95,100,371,371,0,300,300,7.577100665954186e-27,8.75617558646438e-27,1.179074920510194e-27,0.06281140470561342,15.561030168281562,14.462860414516152,300,0,5,0,5,3,3,32.78349492800044,0.024937078007496893,11.005620240001008,21.752834863000317
instance_n1000_s100_seed1007,1007,placement_n1000_s100,downgrade-then-upgrade,1000,95,100,371,371,0,600,36020,7.577100665954186e-27,5.0613702952186327e-23,5.060612585152037e-23,3.824765054786956,667882.4537584196,880.6846999356999,560,40,407,0,233,2,2,21.276570747999358,0.02121227400493808,10.701034865996917,10.554759077000199
instance_n1000_s100_seed1007,1007,placement_n1000_s100,upgrade-then-downgrade,1000,95,100,371,371,0,600,600,7.577100665954186e-27,1.4474772654743305e-23,1.4467195554077352e-23,3.281108694160506,190933.1311788174,755.503196766714,550,50,73,33,106,61,61,665.3692437680002,0.02752209999744082,10.749067908996949,654.5929191440009
instance_n1000_s100_seed1007,1007,placement_n1000_s100,downgrade-then-upgrade,1000,95,100,371,371,0,1000,36420,7.577100665954186e-27,6.524667235595268e-23,6.523909525528673e-23,3.935055310003099,861003.4118778751,906.0799696920199,940,60,410,0,232,2,2,21.891963907997706,0.018418440995446872,11.103994060002151,10.770059495000169
instance_n1000_s100_seed1007,1007,placement_n1000_s100,upgrade-then-downgrade,1000,95,100,371,371,0,1000,1000,7.577100665954186e-27,2.078481073554192e-23,2.0777233634875965e-23,3.4382430170880065,274210.86970948253,791.6847117237716,950,50,74,31,105,56,56,602.7428043420005,0.01887952900142409,10.791799577003985,591.9321648320038
instance_n1000_s100_seed1008,1008,placement_n1000_s100,downgrade-then-upgrade,1000,95,100,384,384,0,0,42300,1.7060218755954873e-24,1.8359689560250936e-21,1.834262934149498e-21,3.031880737900957,107516.96448846812,698.1163390826531,-70,70,466,0,262,2,2,22.285633220002637,0.020227783992595505,11.233097906995681,11.032693572000426
instance_n1000_s100_seed1008,1008,placement_n1000_s100,upgrade-then-downgrade,1000,95,100,384,384,0,0,0,1.7060218755954873e-24,1.7060218755954873e-24,0.0,0.0,0.0,0.0,0,0,0,0,0,2,2,22.808853616996203,0.019642792001832277,11.050761099999363,11.738184353001998
instance_n1000_s100_seed1008,1008,placement_n1000_s100,downgrade-then-upgrade,1000,95,100,384,384,0,100,42400,1.7060218755954873e-24,2.0150878785641214e-21,2.013381856688526e-21,3.0723093949565636,118016.18053612321,707.425381389254,30,70,467,0,263,2,2,21.84206395399815,0.020539208002446685,10.990782589004084,10.83120805699582
instance_n1000_s100_seed1008,1008,placement_n1000_s100,upgrade-then-downgrade,1000,95,100,384,384,0,100,100,1.7060218755954873e-24,1.7694581125538146e-24,6.343623695832729e-26,0.015855690630316527,3.718371837183205,3.6509076884492204,60,40,1,0,1,3,3,33.074511513994366,0.020749719005834777,11.059026285001892,21.994746469004895
instance_n1000_s100_seed1008,1008,placement_n1000_s100,downgrade-then-upgrade,1000,95,100,384,384,0,300,42600,1.7060218755954873e-24,2.427455653832451e-21,2.4257496319568556e-21,3.1531667090677806,142187.48696350373,726.0434660024565,230,70,469,0,263,2,2,21.923049414996058,0.01894048700341955,10.940274622000288,10.96395735599799
instance_n1000_s100_seed1008,1008,placement_n1000_s100,upgrade-then-downgrade,1000,95,100,384,384,0,300,300,1.7060218755954873e-24,1.9714964543344117e-24,2.6547457873892442e-25,0.06281140470561951,15.561030168283185,14.462860414517554,300,0,5,0,5,3,3,32.42873778399371,0.020534591996693052,10.818185383999662,21.590237945005356
instance_n1000_s100_seed1008,1008,placement_n1000_s100,downgrade-then-upgrade,1000,95,100,384,384,0,600,42900,1.7060218755954873e-24,3.209499230357681e-21,3.2077932084820856e-21,3.2744526802346043,188027.67153043713,753.9705929222599,530,70,472,0,263,2,2,22.133023536996916,0.018941185000585392,10.92120379100379,11.193418864997511
instance_n1000_s100_seed1008,1008,placement_n1000_s100,upgrade-then-downgrade,1000,95,100,384,384,0,600,600,1.7060218755954873e-24,2.2782816123600395e-24,5.722597367645522e-25,0.12562280941124218,33.54351693554954,28.925720829035832,600,0,10,0,10,3,3,33.01062299500336,0.020577265000611078,11.21747764400061,21.772844136998174
instance_n1000_s100_seed1008,1008,placement_n1000_s100,downgrade-then-upgrade,1000,95,100,384,384,0,1000,43300,1.7060218755954873e-24,4.657489710377244e-21,4.655783688501648e-21,3.436167308457032,272902.9302087083,791.2067621486635,930,70,476,0,264,2,2,22.224937906001287,0.01893703800305957,11.003914333996363,11.202305449995038
instance_n1000_s100_seed1008,1008,placement_n1000_s100,upgrade-then-downgrade,1000,95,100,384,384,0,1000,1000,1.7060218755954873e-24,1.1562332650182124e-21,1.154527243142617e-21,2.831060864300096,67673.64824906651,651.875854349624,1000,0,58,21,79,40,40,440.0800467759982,0.01772255599644268,11.066426666999178,428.9957537599985
instance_n1000_s100_seed1009,1009,placement_n1000_s100,downgrade-then-upgrade,1000,93,100,375,375,0,0,36250,2.79415344011513e-26,6.023702318247453e-23,6.020908164807338e-23,3.333613249996053,215482.37395864888,767.5928175248345,-70,70,412,0,245,2,2,20.99928605400055,0.023556355998152867,10.553825676004635,10.421727629996894
instance_n1000_s100_seed1009,1009,placement_n1000_s100,upgrade-then-downgrade,1000,93,100,375,375,0,0,0,2.79415344011513e-26,2.79415344011513e-26,0.0,0.0,0.0,0.0,0,0,0,0,0,2,2,21.334696691003046,0.023429804998158943,10.510488465006347,10.801040956997895
instance_n1000_s100_seed1009,1009,placement_n1000_s100,downgrade-then-upgrade,1000,93,100,375,375,0,100,36350,2.79415344011513e-26,6.135482361266479e-23,6.132688207826364e-23,3.3415984603174365,219482.87161973727,769.4314801498784,70,30,413,0,244,2,2,20.82407876400248,0.01848050499393139,10.431108876000508,10.374598745002004
instance_n1000_s100_seed1009,1009,placement_n1000_s100,upgrade-then-downgrade,1000,93,100,375,375,0,100,100,2.79415344011513e-26,2.957137095208782e-26,1.6298365509365194e-27,0.02462120764078903,5.833024513032339,5.669242568519191,60,40,4,1,5,5,5,53.4570614500044,0.02074782099953154,10.788724086000002,42.6477242950059
instance_n1000_s100_seed1009,1009,placement_n1000_s100,downgrade-then-upgrade,1000,93,100,375,375,0,300,36550,2.79415344011513e-26,6.249336673125034e-23,6.246542519684918e-23,3.3495836706388196,223557.6053198974,771.2701427749223,210,90,414,0,243,2,2,21.002564496004197,0.023722257996269036,10.24208445900149,10.737089234004088
instance_n1000_s100_seed1009,1009,placement_n1000_s100,upgrade-then-downgrade,1000,93,100,375,375,0,300,300,2.79415344011513e-26,3.640400845299755e-23,3.63760669185964e-23,3.114898954951505,130186.3612654628,717.2319899854067,290,10,64,29,93,57,57,597.5739663299973,0.023425100996973924,10.285683759997482,587.2675566519974
instance_n1000_s100_seed1009,1009,placement_n1000_s100,downgrade-then-upgrade,1000,93,100,375,375,0,600,36850,2.79415344011513e-26,8.897981317789333e-23,8.895187164349217e-23,3.5030412379809626,318349.98882461875,806.6050534718372,570,30,417,0,243,2,2,20.725533033997635,0.028376518996083178,10.407869392998691,10.289260699995793
instance_n1000_s100_seed1009,1009,placement_n1000_s100,upgrade-then-downgrade,1000,93,100,375,375,0,600,600,2.79415344011513e-26,4.9989504283650416e-23,4.9961562749249267e-23,3.252628578545531,178807.51297319826,748.9454078005351,600,0,64,27,91,53,53,556.044094361001,0.022153375997731928,10.390713531000074,545.6314620040066
instance_n1000_s100_seed1009,1009,placement_n1000_s100,downgrade-then-upgrade,1000,93,100,375,375,0,1000,37250,2.79415344011513e-26,1.2669196055993074e-22,1.266640190255296e-22,3.6564988053231082,453318.05049443,841.9399641687527,930,70,420,0,243,2,2,20.75366314099665,0.03033369200420566,10.514340710004035,10.209090899996227
instance_n1000_s100_seed1009,1009,placement_n1000_s100,upgrade-then-downgrade,1000,93,100,375,375,0,1000,1000,2.79415344011513e-26,5.729988250819711e-23,5.727194097379595e-23,3.3119034798727593,204970.63672865485,762.593958219012,980,20,61,23,84,44,44,465.2670715179993,0.036733960994752124,10.39427146500384,454.8360473089997
instance_n1000_s100_seed1010,1010,placement_n1000_s100,downgrade-then-upgrade,1000,91,100,374,374,0,0,38430,5.273434240627958e-27,1.4833510640750203e-22,1.483298329732614e-22,4.449150412729226,2812774.867476083,1024.454741683862,-70,70,430,0,254,2,2,21.02396070600662,0.018392325997410808,10.512367789000564,10.493304508003348
instance_n1000_s100_seed1010,1010,placement_n1000_s100,upgrade-then-downgrade,1000,91,100,374,374,0,0,0,5.273434240627958e-27,5.273434240627958e-27,0.0,0.0,0.0,0.0,0,0,0,0,0,2,2,20.196805955005402,0.019311791002110112,9.914676920998318,10.26278743900184
instance_n1000_s100_seed1010,1010,placement_n1000_s100,downgrade-then-upgrade,1000,91,100,374,374,0,100,38530,5.273434240627958e-27,1.6687699470843925e-22,1.6687172127419863e-22,4.500302935176606,3164384.225910583,1036.2330452495003,50,50,431,0,253,2,2,20.345299635999254,0.017819846005295403,9.9836178810001,10.343899210995005
instance_n1000_s100_seed1010,1010,placement_n1000_s100,upgrade-then-downgrade,1000,91,100,374,374,0,100,100,5.273434240627958e-27,5.469520134283883e-27,1.9608589365592519e-28,0.01585569063031969,3.7183718371839483,3.6509076884499483,60,40,1,0,1,3,3,30.941954899994016,0.0206124819960678,10.276892840993241,20.644774785003392
instance_n1000_s100_seed1010,1010,placement_n1000_s100,downgrade-then-upgrade,1000,91,100,374,374,0,300,38730,5.273434240627958e-27,2.1120369642786706e-22,2.1119842299362644e-22,4.602607980071365,4004950.3484180556,1059.7896523807763,290,10,433,0,253,2,2,20.786292393000622,0.018687779003812466,10.443105710000964,10.324590978998458
instance_n1000_s100_seed1010,1010,placement_n1000_s100,upgrade-then-downgrade,1000,91,100,374,374,0,300,300,5.273434240627958e-27,5.7248263132319036e-27,4.513920726039459e-28,0.035668780298573594,8.55973644511009,8.213040180077527,300,0,5,0,5,3,3,30.255121278001752,0.025130251997325104,10.028843463005614,20.20119681700453
instance_n1000_s100_seed1010,1010,placement_n1000_s100,downgrade-then-upgrade,1000,91,100,374,374,0,600,39030,5.273434240627958e-27,2.6730467829151753e-22,2.672994048572769e-22,4.7049130249661255,5068791.847216569,1083.3462595120523,530,70,435,0,254,2,2,20.013025856998865,0.01842759300052421,10.02105890600069,9.973660490002658
instance_n1000_s100_seed1010,1010,placement_n1000_s100,upgrade-then-downgrade,1000,91,100,374,374,0,600,600,5.273434240627958e-27,2.736432874588022e-23,2.735905531163959e-23,3.7150912644951393,518809.0732384233,855.4313764738907,600,0,75,33,108,60,60,611.1573379490001,0.027291109996440355,10.130528754001716,601.0000343150023
instance_n1000_s100_seed1010,1010,placement_n1000_s100,downgrade-then-upgrade,1000,91,100,374,374,0,1000,39430,5.273434240627958e-27,4.1772722805607783e-22,4.177219546218372e-22,4.898799249363875,7921250.850225736,1127.990212515568,990,10,439,0,256,2,2,23.33294137699704,0.018771704999380745,12.495631951998803,10.81867585299915
instance_n1000_s100_seed1010,1010,placement_n1000_s100,upgrade-then-downgrade,1000,91,100,374,374,0,1000,1000,5.273434240627958e-27,1.4577531131971273e-22,1.457700378854721e-22,4.441590442822044,2764233.5380314495,1022.7139942826859,1000,0,90,39,129,70,70,747.1731157839968,0.02071416800026782,10.31622723199689,736.8366039280008
instance_n1000_s100_seed1011,1011,placement_n1000_s100,downgrade-then-upgrade,1000,94,100,386,386,0,0,41160,2.0281490560130805e-25,5.415411493874461e-22,5.413383344818448e-22,3.426531592681474,266912.4997873694,788.9880565981507,-40,40,457,0,256,2,2,25.845821267001156,0.02568699500261573,12.81970939200255,13.00032644100429
instance_n1000_s100_seed1011,1011,placement_n1000_s100,upgrade-then-downgrade,1000,94,100,386,386,0,0,0,2.0281490560130805e-25,2.2839873609286467e-25,2.5583830491556613e-26,0.05159382658544029,12.614373887217692,11.879917598615469,0,0,6,2,8,6,6,73.22349578599824,0.02006921400607098,12.043500945997948,61.15959411199583
instance_n1000_s100_seed1011,1011,placement_n1000_s100,downgrade-then-upgrade,1000,94,100,386,386,0,100,41260,2.0281490560130805e-25,5.943744322545123e-22,5.94171617348911e-22,3.4669602497370806,292962.49976662407,798.2970989047516,60,40,458,0,256,2,2,22.304794603995106,0.019500463007716462,11.953325250004127,10.331807910995849
instance_n1000_s100_seed1011,1011,placement_n1000_s100,upgrade-then-downgrade,1000,94,100,386,386,0,100,100,2.0281490560130805e-25,2.103563179327968e-25,7.541412331488742e-27,0.015855690630316527,3.7183718371832057,3.6509076884492204,60,40,1,0,1,3,3,39.25221482999768,0.03486188900569687,13.880110688005516,25.337677799005178
instance_n1000_s100_seed1011,1011,placement_n1000_s100,downgrade-then-upgrade,1000,94,100,386,386,0,300,41460,2.0281490560130805e-25,7.1600727264449065e-22,7.158044577388893e-22,3.5478175638482976,352934.8376129771,816.9151835179541,260,40,460,0,256,2,2,19.96835122199991,0.01776448300370248,9.917321293003624,10.033206308005902
instance_n1000_s100_seed1011,1011,placement_n1000_s100,upgrade-then-downgrade,1000,94,100,386,386,0,300,300,2.0281490560130805e-25,1.8206921128297418e-22,1.8186639637737288e-22,2.953136641159497,89671.1195058239,679.9848407508364,260,40,59,28,87,51,51,549.0920361320022,0.03218062200176064,15.006779395000194,534.0529756469987
instance_n1000_s100_seed1011,1011,placement_n1000_s100,downgrade-then-upgrade,1000,94,100,386,386,0,600,41760,2.0281490560130805e-25,9.466804416611642e-22,9.464776267555629e-22,3.6691035350151213,466670.6443244074,844.8423104377575,560,40,463,0,256,2,2,19.979381265002303,0.0186980529979337,9.997741188002692,9.962932057998842
instance_n1000_s100_seed1011,1011,placement_n1000_s100,upgrade-then-downgrade,1000,94,100,386,386,0,600,600,2.0281490560130805e-25,2.0922295079684387e-22,2.0902013589124257e-22,3.013509453211315,103059.5533752991,693.8861944561012,550,50,59,26,85,47,47,470.4873879000006,0.01864188999752514,10.018616861998453,460.4500571680037
instance_n1000_s100_seed1011,1011,placement_n1000_s100,downgrade-then-upgrade,1000,94,100,386,386,0,1000,42160,2.0281490560130805e-25,1.3737826681332289e-21,1.3735798532276275e-21,3.8308181632375553,677257.8421468686,882.0784796641625,960,40,467,0,260,2,2,19.97764599200309,0.017582965003384743,9.94155201799731,10.018628792997333
instance_n1000_s100_seed1011,1011,placement_n1000_s100,upgrade-then-downgrade,1000,94,100,386,386,0,1000,1000,2.0281490560130805e-25,2.4325258695961838e-21,2.4323230546905827e-21,4.078957597923042,1199282.1964831443,939.2146959932397,940,60,87,39,126,71,71,710.9164499909966,0.017687806001049466,10.079147930002364,700.8196683709975
instance_n1000_s100_seed1012,1012,placement_n1000_s100,downgrade-then-upgrade,1000,98,100,403,403,0,0,38690,4.297625551030184e-29,1.0484792839388338e-24,1.0484363076833235e-24,4.387331280966465,2439571.096258032,1010.2203605579853,0,0,445,0,270,2,2,22.50558637600625,0.018710722994001117,11.23282045200176,11.254168564999418
instance_n1000_s100_seed1012,1012,placement_n1000_s100,upgrade-then-downgrade,1000,98,100,403,403,0,0,0,4.297625551030184e-29,4.5107841546977813e-29,2.131586036675973e-30,0.021023473148469335,4.959915682195742,4.840833587462608,0,0,3,1,4,4,4,44.7007023920014,0.01905755099869566,11.103892899998755,33.57754627399845
instance_n1000_s100_seed1012,1012,placement_n1000_s100,downgrade-then-upgrade,1000,98,100,403,403,0,100,38790,4.297625551030184e-29,9.730079916104105e-25,9.729650153549002e-25,4.354887834232241,2263959.490657977,1002.7499808764283,40,60,445,0,271,2,2,22.31900646899885,0.018641034002939705,11.155065803002799,11.145404285998666
instance_n1000_s100_seed1012,1012,placement_n1000_s100,upgrade-then-downgrade,1000,98,100,403,403,0,100,100,4.297625551030184e-29,4.5906503173111126e-29,2.9302476628092853e-30,0.02864563955580437,6.81829449312278,6.595902262047572,60,40,4,1,5,5,5,55.954684760996315,0.01827282999875024,11.217396167005063,44.718932566996955
instance_n1000_s100_seed1012,1012,placement_n1000_s100,downgrade-then-upgrade,1000,98,100,403,403,0,300,38990,4.297625551030184e-29,1.1149467862628536e-24,1.1149038100073433e-24,4.414025567001004,2594232.0864601377,1016.3669470671102,300,0,447,0,273,2,2,22.290344987995923,0.020362690003821626,11.122219763994508,11.147819744997832
instance_n1000_s100_seed1012,1012,placement_n1000_s100,upgrade-then-downgrade,1000,98,100,403,403,0,300,300,4.297625551030184e-29,4.864353074298944e-29,5.667275232687599e-30,0.0537965172045966,13.186991666431005,12.387105857030184,300,0,8,1,9,5,5,56.56602541599568,0.019167474005371332,11.253174819998094,45.29354298199905
instance_n1000_s100_seed1012,1012,placement_n1000_s100,downgrade-then-upgrade,1000,98,100,403,403,0,600,39290,4.297625551030184e-29,1.1567101878305532e-24,1.1566672115750429e-24,4.429995987643771,2691409.9375125365,1020.0442723171982,580,20,449,0,273,2,2,22.225295308999193,0.01885085400135722,11.019742648000829,11.186728377004329
instance_n1000_s100_seed1012,1012,placement_n1000_s100,upgrade-then-downgrade,1000,98,100,403,403,0,600,600,4.297625551030184e-29,3.6850781591549796e-25,3.684648396599877e-25,3.9332181304759324,857368.4125916065,905.6569434727792,600,0,84,37,121,72,72,801.3936916649982,0.019982256002549548,11.175838618000853,790.1978542740035
instance_n1000_s100_seed1012,1012,placement_n1000_s100,downgrade-then-upgrade,1000,98,100,403,403,0,1000,39690,4.297625551030184e-29,1.646956497907182e-24,1.6469135216516716e-24,4.583453554985917,3832147.54774736,1055.3791830141136,940,60,452,0,272,2,2,22.093584005000594,0.019395266004721634,11.081467632000567,10.992844635999063
instance_n1000_s100_seed1012,1012,placement_n1000_s100,upgrade-then-downgrade,1000,98,100,403,403,0,1000,1000,4.297625551030184e-29,4.503552379704015e-25,4.503122617148912e-25,4.020326645237514,1047816.4194806288,925.714420229066,1000,0,83,34,117,65,65,721.6095521139941,0.0183635469948058,11.172602329002984,710.4182350160045
instance_n1000_s100_seed1013,1013,placement_n1000_s100,downgrade-then-upgrade,1000,97,100,379,379,0,0,41880,1.61814893943404e-25,7.078369363922753e-22,7.07675121498332e-22,3.6409147283516226,437336.20821445936,838.3515978364912,-60,60,458,0,252,2,2,19.726305151001725,0.017491408994828817,9.945686739003577,9.763153209998563
instance_n1000_s100_seed1013,1013,placement_n1000_s100,upgrade-then-downgrade,1000,97,100,379,379,0,0,0,1.61814893943404e-25,1.61814893943404e-25,0.0,0.0,0.0,0.0,0,0,0,0,0,2,2,19.81237331900047,0.01790463000361342,9.85570931800612,9.938577328000974
instance_n1000_s100_seed1013,1013,placement_n1000_s100,downgrade-then-upgrade,1000,97,100,379,379,0,100,41980,1.61814893943404e-25,7.768941984793243e-22,7.767323835853809e-22,3.6813433854072297,480012.91145489307,847.6606401430921,40,60,459,0,251,2,2,19.866186880994064,0.017899705002491828,9.905774296996242,9.942920951994893
instance_n1000_s100_seed1013,1013,placement_n1000_s100,upgrade-then-downgrade,1000,97,100,379,379,0,100,100,1.61814893943404e-25,1.6266827877961696e-25,8.533848362129628e-28,0.002284378426796582,0.5273833671401352,0.5259975712299,60,40,1,0,1,3,3,29.628054547996726,0.017863172994111665,9.818357352996827,19.791773667995585
instance_n1000_s100_seed1013,1013,placement_n1000_s100,downgrade-then-upgrade,1000,97,100,379,379,0,300,42180,1.61814893943404e-25,9.358779012020425e-22,9.357160863080992e-22,3.7622006995184467,578263.2633528612,866.2787247562947,240,60,461,0,253,2,2,19.796988795998914,0.018089868004608434,9.812056421003945,9.966801405003935
instance_n1000_s100_seed1013,1013,placement_n1000_s100,upgrade-then-downgrade,1000,97,100,379,379,0,300,300,1.61814893943404e-25,5.706738846202528e-23,5.690557356808187e-23,2.5473695057427093,35167.080224385914,586.5535050270772,260,40,48,22,70,41,41,384.677603518001,0.017577139995410107,9.811213503002364,374.84821261600155
instance_n1000_s100_seed1013,1013,placement_n1000_s100,downgrade-then-upgrade,1000,97,100,379,379,0,600,42480,1.61814893943404e-25,1.2373859019317188e-21,1.2372240870377754e-21,3.8834866706852704,764592.2182357972,894.2058516760981,540,60,464,0,250,2,2,19.80925542699697,0.017554933001520112,9.873581484003807,9.918150664001587
instance_n1000_s100_seed1013,1013,placement_n1000_s100,upgrade-then-downgrade,1000,97,100,379,379,0,600,600,1.61814893943404e-25,1.162903414471457e-22,1.161285265532023e-22,2.8565251527558546,71766.27795079182,657.739223449817,600,0,55,24,79,45,45,443.45485776600253,0.018447872003889643,9.78667898799904,433.64937193000515
instance_n1000_s100_seed1013,1013,placement_n1000_s100,downgrade-then-upgrade,1000,97,100,379,379,0,1000,42880,1.61814893943404e-25,1.7956421523648653e-21,1.795480337470922e-21,4.045201298907698,1109589.0456776526,931.4420209025016,940,60,468,0,249,2,2,20.30024045400205,0.020745898997120094,9.955704755004263,10.324053037998965
instance_n1000_s100_seed1013,1013,placement_n1000_s100,upgrade-then-downgrade,1000,97,100,379,379,0,1000,1000,1.61814893943404e-25,1.954058912236823e-22,1.952440763297389e-22,3.0819191600485496,120658.90325153073,709.638111574052,960,40,59,24,83,44,44,437.5880326990009,0.017791138001484796,9.868275351000193,427.701676865996
instance_n1000_s100_seed1014,1014,placement_n1000_s100,downgrade-then-upgrade,1000,96,100,387,387,0,0,37590,3.793579598147138e-26,1.2234182698884355e-22,1.2230389119286207e-22,3.5085257607300546,322397.06068800506,807.8679115042619,-30,30,428,0,273,2,2,20.37656172300194,0.018495226999220904,10.155503210997267,10.202750124000886
instance_n1000_s100_seed1014,1014,placement_n1000_s100,upgrade-then-downgrade,1000,96,100,387,387,0,0,0,3.793579598147138e-26,3.793579598147138e-26,0.0,0.0,0.0,0.0,0,0,0,0,0,2,2,20.354797410000174,0.018200121994595975,10.166592419001972,10.169936393998796
instance_n1000_s100_seed1014,1014,placement_n1000_s100,downgrade-then-upgrade,1000,96,100,387,387,0,100,37690,3.793579598147138e-26,1.3763455536244855e-22,1.3759661956646707e-22,3.5596782831774347,362709.19327400456,819.6462150698999,90,10,429,0,274,2,2,20.721157915999356,0.01824165000289213,10.281830945998081,10.421113784002955
instance_n1000_s100_seed1014,1014,placement_n1000_s100,upgrade-then-downgrade,1000,96,100,387,387,0,100,100,3.793579598147138e-26,3.813586305966987e-26,2.0006707819849347e-28,0.002284378426796582,0.5273833671401289,0.5259975712299,60,40,1,0,1,3,3,31.068755756998144,0.01828966299945023,10.267093800001021,20.783319647998724
instance_n1000_s100_seed1014,1014,placement_n1000_s100,downgrade-then-upgrade,1000,96,100,387,387,0,300,37890,3.793579598147138e-26,1.2692447695206478e-22,1.268865411560833e-22,3.5244961813728217,334477.07599982165,811.5452367543497,250,50,430,0,273,2,2,20.43223825700261,0.018360416004725266,10.262178107004729,10.151804765002453
instance_n1000_s100_seed1014,1014,placement_n1000_s100,upgrade-then-downgrade,1000,96,100,387,387,0,300,300,3.793579598147138e-26,4.2490250699751844e-26,4.554454718280466e-27,0.04924009250209648,12.005691723207693,11.337950297297523,300,0,5,0,5,3,3,30.835216157000104,0.020087703989702277,10.208681230004004,20.606327493995195
instance_n1000_s100_seed1014,1014,placement_n1000_s100,downgrade-then-upgrade,1000,96,100,387,387,0,600,38190,3.793579598147138e-26,1.316787826866791e-22,1.3164084689069762e-22,3.5404666020155884,347009.58154402167,815.2225620044376,530,70,432,0,273,2,2,20.5646184799989,0.017768887992133386,10.263560496001446,10.283208146000106
instance_n1000_s100_seed1014,1014,placement_n1000_s100,upgrade-then-downgrade,1000,96,100,387,387,0,600,600,3.793579598147138e-26,8.404620506635511e-23,8.400826927037364e-23,3.345468907536738,221448.54772891814,770.3226835569169,540,60,63,27,90,50,50,513.0113533739932,0.01893043799645966,10.201841144000355,502.79056296400086
instance_n1000_s100_seed1014,1014,placement_n1000_s100,downgrade-then-upgrade,1000,96,100,387,387,0,1000,38590,3.793579598147138e-26,1.3914622674620912e-22,1.3910829095022764e-22,3.564422232979738,366694.0085247479,820.7385498795695,950,50,435,0,275,2,2,23.009858031000476,0.02148993799346499,11.863930332001473,11.124505583000428
instance_n1000_s100_seed1014,1014,placement_n1000_s100,upgrade-then-downgrade,1000,96,100,387,387,0,1000,1000,3.793579598147138e-26,1.0331666970431828e-22,1.0327873390833681e-22,3.4351211977300276,272246.12331524625,790.9658862521013,930,70,63,24,87,45,45,467.03151805900416,0.019163927994668484,10.13533280500269,456.87700062800286
instance_n1000_s100_seed1015,1015,placement_n1000_s100,downgrade-then-upgrade,1000,95,100,374,374,0,0,38160,1.559047892930961e-26,7.912212587101876e-23,7.910653539208945e-23,3.705438490831377,507402.85626102006,853.2087431994682,-70,70,427,0,269,2,2,22.239991579997877,0.01787851300468901,11.234529811001266,10.98761747500248
instance_n1000_s100_seed1015,1015,placement_n1000_s100,upgrade-then-downgrade,1000,95,100,374,374,0,0,0,1.559047892930961e-26,1.559047892930961e-26,0.0,0.0,0.0,0.0,0,0,0,0,0,2,2,22.416525535998517,0.01960160300222924,11.27948187700531,11.11739554900123
instance_n1000_s100_seed1015,1015,placement_n1000_s100,downgrade-then-upgrade,1000,95,100,374,374,0,100,38260,1.559047892930961e-26,8.901239160489583e-23,8.899680112596652e-23,3.756591013278757,570840.7132936458,864.9870467651062,50,50,428,0,268,2,2,22.613264052000886,0.018219885001599323,11.421195791997889,11.17337968799984
instance_n1000_s100_seed1015,1015,placement_n1000_s100,upgrade-then-downgrade,1000,95,100,374,374,0,100,100,1.559047892930961e-26,1.5672700522040278e-26,8.222159273066868e-29,0.002284378426796678,0.5273833671401504,0.5259975712299221,60,40,1,0,1,3,3,35.11679123900103,0.021007324001402594,11.195789176999824,23.900190542997734
instance_n1000_s100_seed1015,1015,placement_n1000_s100,downgrade-then-upgrade,1000,95,100,374,374,0,300,38460,1.559047892930961e-26,1.1265630812494635e-22,1.1264071764601705e-22,3.85889605817352,722496.8402622709,888.543653896383,290,10,430,0,266,2,2,22.9409175519977,0.018360598005529027,11.541382860996237,11.381166596002004
instance_n1000_s100_seed1015,1015,placement_n1000_s100,upgrade-then-downgrade,1000,95,100,374,374,0,300,300,1.559047892930961e-26,1.375710874202405e-23,1.3741518263094742e-23,2.9456677135045375,88140.44985661807,678.2650566029404,270,30,55,25,80,48,48,559.6667730529953,0.022850969995488413,11.401992090999556,548.2418686029996
instance_n1000_s100_seed1015,1015,placement_n1000_s100,downgrade-then-upgrade,1000,95,100,374,374,0,600,38760,1.559047892930961e-26,1.4258063997063635e-22,1.4256504949170704e-22,3.961201103068286,914436.6259569438,912.1002610276605,530,70,432,0,267,2,2,22.480723425003816,0.027632163000816945,11.243415809003636,11.210010967995913
instance_n1000_s100_seed1015,1015,placement_n1000_s100,upgrade-then-downgrade,1000,95,100,374,374,0,600,600,1.559047892930961e-26,1.722758118544846e-23,1.7211990706519152e-23,3.043364848580171,110400.65404380333,700.7606532882783,590,10,55,23,78,44,44,506.343047630995,0.019911034003598616,11.450296728995454,494.8734975339976
instance_n1000_s100_seed1015,1015,placement_n1000_s100,downgrade-then-upgrade,1000,95,100,374,374,0,1000,39160,1.559047892930961e-26,2.22816210662951e-22,2.2280062018402165e-22,4.155087327466032,1429081.307856191,956.7442140311755,990,10,436,0,268,2,2,22.998024760003318,0.01884191299905069,11.443648294000013,11.535886823003239
instance_n1000_s100_seed1015,1015,placement_n1000_s100,upgrade-then-downgrade,1000,95,100,374,374,0,1000,1000,1.559047892930961e-26,3.8204207609702413e-23,3.8188617130773105e-23,3.3892517398108972,244948.32585918647,780.4040532492706,990,10,63,25,88,46,46,528.162720166998,0.020077223001862876,11.32288841400441,516.8195275499966
instance_n1000_s100_seed1016,1016,placement_n1000_s100,downgrade-then-upgrade,1000,95,100,384,384,0,0,38310,1.3907524631723996e-27,1.425719628099772e-23,1.4255805528534548e-23,4.010784290846938,1025042.6230427878,923.5172119318854,-10,10,432,0,270,2,2,21.8068507259959,0.01842453000426758,10.82608629099559,10.962560084997676
instance_n1000_s100_seed1016,1016,placement_n1000_s100,upgrade-then-downgrade,1000,95,100,384,384,0,0,0,1.3907524631723996e-27,1.5180020294505718e-27,1.2724956627817216e-28,0.03802251438192342,9.149691957971253,8.755007481396857,0,0,6,2,8,6,6,66.03626100100519,0.020963402996130753,10.955702867999207,55.05963012600114
instance_n1000_s100_seed1016,1016,placement_n1000_s100,downgrade-then-upgrade,1000,95,100,384,384,0,100,38410,1.3907524631723996e-27,1.461362618802266e-23,1.461223543555949e-23,4.021508156238711,1050671.1886188574,925.9864731909225,10,90,432,0,271,2,2,21.462832835997688,0.0187430799996946,10.765852973003348,10.678416007998749
instance_n1000_s100_seed1016,1016,placement_n1000_s100,upgrade-then-downgrade,1000,95,100,384,384,0,100,100,1.3907524631723996e-27,1.442465811087944e-27,5.171334791554438e-29,0.015855690630319597,3.718371837183935,3.6509076884499265,60,40,1,0,1,3,3,32.37280460799957,0.020423054993443657,10.780065752005612,21.57193990900123
instance_n1000_s100_seed1016,1016,placement_n1000_s100,downgrade-then-upgrade,1000,95,100,384,384,0,300,38610,1.3907524631723996e-27,1.849537064421619e-23,1.849397989175302e-23,4.123813201133474,1329782.2855957423,949.5430803221993,250,50,434,0,271,2,2,21.483159191993764,0.02036245800263714,10.654397325997707,10.808761338004842
instance_n1000_s100_seed1016,1016,placement_n1000_s100,upgrade-then-downgrade,1000,95,100,384,384,0,300,300,1.3907524631723996e-27,1.5386935820045522e-27,1.4794111883215262e-28,0.04390230452156126,10.637487457307033,10.108879193943206,300,0,5,0,5,3,3,32.28078887800075,0.02193696999893291,10.646025007998105,21.612957309000194
instance_n1000_s100_seed1016,1016,placement_n1000_s100,downgrade-then-upgrade,1000,95,100,384,384,0,600,38910,1.3907524631723996e-27,2.5691930639545497e-23,2.5690539887082326e-23,4.2665469030838405,1847240.2938248608,982.4087297600762,590,10,437,0,271,2,2,21.76456412600237,0.022049786006391514,10.900184911995893,10.842357468005503
instance_n1000_s100_seed1016,1016,placement_n1000_s100,upgrade-then-downgrade,1000,95,100,384,384,0,600,600,1.3907524631723996e-27,3.0457820757311448e-24,3.0443913232679726e-24,3.3404489887507287,218902.4577618588,769.1668045404463,550,50,68,29,97,54,54,590.6379161369987,0.02161388699460076,11.170927661994938,579.4460738729977
instance_n1000_s100_seed1016,1016,placement_n1000_s100,downgrade-then-upgrade,1000,95,100,384,384,0,1000,39310,1.3907524631723996e-27,3.74954157658871e-23,3.749402501342393e-23,4.430728335817753,2695952.4434634144,1020.2129017160274,970,30,440,0,270,2,2,22.787636642002326,0.019988468004157767,11.666548285997123,11.101640731998486
instance_n1000_s100_seed1016,1016,placement_n1000_s100,upgrade-then-downgrade,1000,95,100,384,384,0,1000,1000,1.3907524631723996e-27,4.081688236820182e-24,4.080297484357009e-24,3.4675899920306996,293387.75895816693,798.4421024265231,940,60,67,26,93,48,48,528.0432155810049,0.020578989999194164,10.740022026999213,517.2822504229989
